camis,glat,glon
41355231,40.726470434056,-73.984680735279
41553986,40.76997840262,-73.957593189948
41253206,40.730340423471,-74.004838682228
40387890,40.728882444673,-73.998358814171
41494201,40.709223185296,-73.775842556618
41565970,40.641191711065,-74.07572722985
41114235,40.719280547578,-73.987908714137
41263491,40.68991208863,-73.951550004942
40854486,40.772236524691,-73.955770799658
40524778,40.762489910796,-73.997197415926
41234927,40.897867468042,-73.867322177125
41322311,40.749272024325,-73.994202761686
40398554,40.755675441585,-73.972203994003
41448312,40.739337478656,-73.920204141074
40960529,40.641654931184,-74.013811636957
41388168,40.744493090601,-73.911226246904
41448316,40.75661266291,-73.966638544412
41553994,40.710199999695,-73.8991839475
41014874,40.747087928202,-73.977217425968
40389601,40.74248192494,-73.917758635581
41553998,40.777289254194,-73.957109970812
40401810,40.746991856857,-73.889470443495
41228236,40.780458258319,-73.949777074458
41450639,40.701535396369,-73.918677110908
40364304,40.709388544915,-74.006236663413
40934258,40.660144667893,-73.921727694635
41080363,40.757559151248,-73.963382431264
41302711,40.782467932457,-73.847794808237
40404074,40.761071730229,-73.983365833549
41449654,40.663273532896,-73.991321661039
41140522,40.638370651912,-73.997776865312
41491157,40.743861925129,-73.913312122131
40934264,40.737612121875,-73.988330919573
40535409,40.727293634279,-73.984737090535
40514507,40.729479832397,-73.989873776398
40866490,40.747640917325,-73.993151265685
41204257,40.679395022036,-73.981617059728
40723910,40.584951298253,-73.95133893027
41475942,40.722176623075,-73.996099596093
40967188,40.831448689345,-73.910007133552
41471588,40.645224731694,-74.013966889745
41475945,40.765622546562,-73.982525971698
40865169,40.726828840959,-73.985955697207
40373272,40.699630271432,-73.992040803927
40398571,40.774633555206,-73.954194846017
41344566,40.701974824724,-73.805370294013
41518767,40.725043262471,-74.010611434795
41234950,40.71583703188,-74.003429878239
41401688,40.698061727268,-73.937296962278
40870509,40.822448737428,-73.938397855671
41424327,40.7190952991,-73.996806559846
41462626,40.680229165082,-73.967861233262
40841152,40.680814593599,-73.949732384246
40366987,40.735227753572,-74.000498126716
41506725,40.70133703224,-73.911046710727
41501035,40.67727356095,-73.983223187898
41033173,40.588452156921,-74.09048865569
41552649,40.64805098091,-73.998468419843
41413676,40.768464604424,-73.911173625219
41241252,40.680452233229,-73.996901152146
40378970,40.786131015278,-73.976063334085
40732861,40.705000472829,-73.896279330741
40825908,40.819250527156,-73.940732175837
40535422,40.779750425416,-73.980103196669
40600160,40.785275828336,-73.955671940796
40389633,40.765225969159,-73.771927078511
41471528,40.893911367038,-73.857010927648
41385927,40.65944146045,-73.960481038795
41411067,40.755703946717,-73.924861413246
41378795,40.679689988596,-73.964208501426
41436366,40.75806768078,-73.970111862274
40653502,40.72947850274,-73.999766833637
41241261,40.784066517686,-73.977568626152
41480475,40.758589045503,-73.831120041065
41441705,40.68769586612,-73.986967179403
41312939,40.664294246151,-73.909432749042
41479499,40.64207868436,-74.002611640036
40401837,40.617879376733,-73.96068894639
41478161,40.701253852543,-73.926822496185
41460880,40.723657509436,-73.950639161623
40824644,40.745222431724,-73.978401021765
41159177,40.732030232551,-73.98525869822
41046407,40.711356674584,-73.947509407305
41407809,40.751314605931,-74.003194219445
40748388,40.739346302295,-74.006522720682
40398588,40.769055542278,-73.963289398174
41562030,40.70078901474,-73.826923355836
41543725,40.847456587047,-73.866858308613
41392227,40.765152597261,-73.983043362228
40364355,40.751650630966,-73.970961959204
40934291,40.734961814009,-73.997098461819
41253241,40.666312675258,-73.981973785095
40560407,40.759532762696,-73.976561468587
41117321,40.854585540351,-73.891626822168
40912871,40.761560671486,-73.984044585058
40936006,40.73986442999,-73.982308505293
41411042,40.7569842422,-73.974038894808
41144904,40.707580179332,-73.836038418141
41525094,40.67285445476,-73.976698438813
40548766,40.714666451655,-73.997585019482
40950312,40.760877007546,-73.802212765428
41213177,40.607456362442,-73.9617306147
41463915,40.866648497687,-73.92395740274
40976902,40.778476393278,-73.780849572451
40595941,40.758403503303,-73.829649988828
41022471,40.745103342094,-73.99853908215
40918176,40.680076694282,-73.84073161109
41067341,40.676133130621,-73.893570540114
41458572,40.80198636566,-73.957057799768
41403422,40.678795527476,-74.011106947851
41035793,40.756348562537,-73.979622870202
41492452,40.870569840061,-73.846302651088
41088268,40.86262441788,-73.897299044652
40912868,40.758365809877,-73.980522416775
41324942,40.727841821649,-73.811545883005
41392244,40.615647438426,-74.031369477433
41480486,40.77059560463,-73.953873782677
41369810,40.661723221359,-73.993127234145
41424355,40.786269467772,-73.834633240838
41277210,40.665322404951,-73.982981352221
41463922,40.751628897092,-73.82609666789
41116011,40.704880030273,-74.014126069455
41544194,40.729959469431,-73.992466135405
40957761,40.739642855378,-73.992537925047
41155617,40.867007015438,-73.920856164859
41509864,40.600827819537,-73.992119668252
41447864,40.527725212181,-74.232119011807
41460820,40.791591582599,-73.946669250864
41527622,40.7621392488,-73.815834275659
41466148,40.733042423789,-73.998059529691
41087832,40.774466559477,-73.959169548624
41165892,40.768097586552,-73.95896381324
41524599,40.722847639908,-73.994611742721
40374507,40.691427699442,-73.99161096845
41560208,40.753665036539,-73.993125999766
41265263,40.763305172522,-73.928053375916
40597763,40.726941814154,-73.992786347467
40809829,40.726916139343,-73.893810494394
40370146,40.754522303925,-73.99927560992
41073203,40.766247213907,-73.745223761641
41480423,40.75877052108,-73.992297056582
41295927,40.709208729621,-74.00913909367
41481755,40.698041771597,-73.802119975024
40923522,40.801639746014,-73.964675374546
41511288,40.652205279275,-73.838218817777
41556192,40.747072514737,-73.98564102377
41393597,40.738741390574,-73.792870708691
40539885,40.702030810574,-73.756515123311
41378736,40.716502007996,-73.993101217646
41016666,40.888136377371,-73.860196056141
41480428,40.763407354952,-73.980837873732
41332530,40.897656643893,-73.867130373976
41144948,40.767306454922,-73.98996385246
41265299,40.737437038834,-73.776364513526
40399810,40.648417068194,-74.00696985699
41083469,40.741950556712,-73.881062684508
40876695,40.710944226707,-73.770618716312
41280880,40.63270926933,-73.972868919219
40673175,40.760121530962,-73.983885620633
41175252,40.763675839954,-73.808053212769
40977354,40.719213841011,-73.9462844463
41445222,40.563952903135,-74.132324151817
41557498,40.723697679757,-74.0049503964
41422545,40.779971088289,-73.953232257929
41361062,40.843746075582,-73.923602146458
41163213,40.775872794409,-73.910910912728
41515650,40.731350637818,-73.994908216742
40878403,40.719083903962,-73.985957022652
41306250,40.751937686264,-73.970751393173
40968428,40.729815996584,-74.00431353227
40726118,40.717235443441,-73.999323298266
41549891,40.852068638708,-73.931636047527
41027331,40.790140568732,-73.81191010476
40965396,40.834956792952,-73.919618611516
41026002,40.747130001248,-73.985598935866
41548567,40.772192997282,-73.927291008537
40391091,40.757478716398,-73.96901979556
40923544,40.725787032359,-73.994852311658
40699772,40.807741116205,-73.919810034606
40386508,40.730294330825,-73.99998259049
40394122,40.610935096944,-74.008610217196
41374355,40.753430524755,-73.968820559909
41163209,40.739466501821,-73.995751709653
40382147,40.671559464023,-73.949944613692
40736383,40.605032480773,-73.754706763776
41443457,40.64319056591,-74.001456794137
41223396,40.75486426611,-73.984015173326
41033184,40.566213209627,-74.113949333161
41084772,40.714792089537,-74.007795152347
41062507,40.680827731236,-73.977556511087
41328457,40.838878007682,-73.937552933324
41197457,40.912737173019,-73.902594839139
41307517,40.759608783226,-73.769037035349
41528984,40.645943309449,-73.972047795229
41231060,40.781150245915,-73.949268029921
40973810,40.808491920393,-73.963460836191
41214446,40.793934169212,-73.942861886772
41375675,40.718963266511,-74.001166136972
40948853,40.855781032125,-73.855604023162
40982756,40.749335189543,-73.888781257514
40386515,40.733500103425,-74.002985241869
41295952,40.740645800009,-73.987601486705
41255037,40.641035534563,-74.003700539105
41348060,40.726488905076,-73.95241954813
40900039,40.753649428761,-73.986997856249
41201118,40.593080905459,-74.086957174665
41256363,40.743537606669,-73.855836133591
41196119,40.641038369688,-74.014454446972
41487020,40.906151578261,-73.90421279512
41193088,40.797513996885,-73.938836282191
41463078,40.721483838927,-73.984064843798
41490694,40.884031378911,-73.862634651387
40563526,40.736652578091,-73.990752484136
41243055,40.905675918739,-73.904367741467
40728711,40.687621981193,-73.850463943214
41395342,40.755337015795,-73.843244002031
41007719,40.768425421176,-73.98219370522
40970790,40.757584192201,-73.865481936311
41268327,40.806202576133,-73.941910025918
40865995,40.680770948434,-73.996747146203
41151295,40.837948735136,-73.922311099587
41317790,40.715536489058,-73.998043855581
40716733,40.749328387336,-73.888846330627
41422599,40.680145073182,-73.845708308411
41526348,40.687360697404,-73.976882047772
41060783,40.712848765601,-74.008212710478
40750612,40.769491595053,-73.988196143004
41525010,40.685596911706,-73.98123804788
41215749,40.803738412621,-73.95276976507
41479435,40.729013921899,-73.980998226339
41395345,40.755337015795,-73.843244002031
41129350,40.817105611063,-73.953459144723
41394018,40.780269700914,-73.953014480655
41515691,40.758691889709,-73.962730636309
41315168,40.748296621049,-73.878187046042
41480418,40.711686327295,-73.942826774006
41095403,40.705914398128,-73.808904359886
41144991,40.694900970232,-73.931670496378
40977393,40.882906782297,-73.913136340218
41559236,40.75553451747,-73.886137699455
41015300,40.692156828764,-73.962649106098
40645986,40.655307990753,-74.007030843214
41539665,40.746598074568,-73.992002895524
41468786,40.751208074575,-73.983470802778
40386554,40.703695687031,-73.931187025655
40934230,40.737020710363,-73.998336038253
41553930,40.72626742579,-74.005761260273
40934234,40.736106306264,-73.995850853403
41164580,40.759820499367,-73.974077553708
41003342,40.700448398727,-73.906632319603
41282631,40.84488514783,-73.889922209859
41289273,40.789389109508,-73.975716989284
41433220,40.671810757521,-73.950242214298
41493707,40.736958287705,-73.986688174799
40394159,40.74395073321,-73.953770422247
40610326,40.752560029218,-73.978179313897
41269687,40.777882934137,-73.954582254967
41306215,40.715039478257,-73.832004241865
40375899,40.727209400239,-73.74905261892
41151265,40.645258466506,-73.957808491501
41156951,40.740729756872,-74.006822639406
41394023,40.739343105211,-74.006693407764
41539657,40.677554014772,-73.959031127677
40572457,40.698899234841,-73.918034058645
41499016,40.701426324434,-73.905231543191
41350364,40.703527175383,-74.007904171488
41234126,40.717449011228,-74.010095675224
41271991,40.884551406652,-73.831951949057
41514376,40.750865907899,-74.005658371389
40624951,40.778598048141,-73.948033420932
40387876,40.742969323121,-74.000093464797
41362327,40.730661208801,-73.957559441497
41085149,40.621889965018,-73.987485763293
41549803,40.764241152599,-73.932723084972
41286921,40.741548606411,-73.98742560076
40379355,40.784013247035,-73.977607506955
41395370,40.755337015795,-73.843244002031
40928482,40.746738123416,-73.977298811197
41193976,40.777737584802,-73.908634702184
41395372,40.755337015795,-73.843244002031
41395375,40.755337015795,-73.843244002031
41394043,40.835428890914,-73.855368855612
41261620,40.612475845642,-73.940266722325
41508490,40.774976615139,-73.947905415529
41553072,40.754943782026,-73.965460959092
40402345,40.749827537314,-73.862556683029
40624941,40.757139299263,-73.905391546379
40733386,40.772478164372,-73.958522010296
41467510,40.737473312159,-73.984221028904
41546760,40.642692324596,-74.07541775029
41423915,40.844042429163,-73.935681328727
41395380,40.755337015795,-73.843244002031
40962383,40.730964601946,-73.863951737919
41285603,40.661282206701,-73.879574476596
41042881,40.721132662318,-73.982908760753
41395381,40.755337015795,-73.843244002031
41395384,40.755337015795,-73.843244002031
41247331,40.675284865541,-73.956379535403
41395386,40.755337015795,-73.843244002031
41395379,40.755337015795,-73.843244002031
41395378,40.755337015795,-73.843244002031
41553082,40.719194606806,-73.990845566806
41349363,40.740495244177,-74.006265114432
41443519,40.782910486579,-73.978411797189
41556113,40.678197186676,-73.997987785332
41290194,40.674403167633,-73.80257095564
40848599,40.759560044548,-73.976368551593
41463147,40.618172530037,-73.958028037915
41524509,40.747298994711,-73.985687757926
41533453,40.694898558471,-73.952884290648
41382079,40.629117434745,-73.94724156585
40396706,40.755701833767,-73.994533847865
41166331,40.681508429947,-73.957181336256
41376950,40.753014517456,-73.995261623952
41475149,40.71562606056,-73.998653955362
41395395,40.755337015795,-73.843244002031
41395397,40.755337015795,-73.843244002031
41078826,40.758274874674,-73.992659133494
41327109,40.587701081281,-73.960457001214
41395388,40.755337015795,-73.843244002031
41481821,40.640080421906,-74.008467887284
41454213,40.729844982378,-73.860818597788
41155680,40.70378996434,-73.796521103673
41308819,40.717450156028,-74.010104316682
41481826,40.741812466741,-73.880858366315
41464489,40.765304299017,-73.961002692499
41489783,40.581897000802,-73.830019669616
41101845,40.719713933503,-74.005836339896
41546781,40.751709326954,-73.97384935914
41290180,40.727012919825,-73.98596752025
41489786,40.741013301874,-73.879798048228
41128070,40.723483415146,-73.988785339155
41456879,40.783250998745,-73.947901736175
41459911,40.763926115023,-73.974191212686
41057918,40.695723499645,-73.76155586561
41395399,40.755337015795,-73.843244002031
41456887,40.749747009239,-73.977370706399
41032639,40.592163118669,-74.189996481012
41431518,40.633111872327,-74.011939094834
41451196,40.863459036927,-73.896073223878
41512557,40.69571478644,-73.946776889834
41101851,40.744495732609,-73.921201598713
41316444,40.763878403351,-73.808703130459
41087782,40.749025277658,-73.990095269587
41141037,40.658400602087,-73.915044545707
40525193,40.786748702313,-73.813377965072
41429207,40.755987871216,-73.804659919134
41440468,40.760090765909,-73.878420591502
41481812,40.745748082575,-73.978018116762
40510969,40.734816332719,-73.999469979746
40704853,40.756603472898,-73.988139650319
41473389,40.655850660021,-74.00272541679
41511228,40.651395967522,-74.007550694446
41512559,40.865852029837,-73.919674818739
40546918,40.742607652372,-73.99681541803
41371241,40.755973389496,-73.990623169696
41359592,40.768590161093,-73.988855135697
41372566,40.737606729813,-73.877088977022
41199241,40.60351157779,-73.977976819689
41512566,40.759058882113,-73.962461593163
41039214,40.749738164625,-73.979492558314
41423957,40.750224764661,-73.977301617581
41379196,40.747368774847,-74.000600385567
41460081,40.749954918064,-73.982410230606
40961099,40.765584624546,-73.92656651123
40393685,40.674936539625,-73.843419004502
40933887,40.726337872467,-74.001896980962
41300058,40.786346748815,-73.976078908448
41556150,40.758894142591,-73.768508597412
41451133,40.598567136768,-73.959339806782
41410655,40.749901968056,-73.899146362774
40587400,40.844866743021,-73.830759284557
41351631,40.587234313216,-74.103848890254
41019613,40.755331819063,-73.977519907283
40612915,40.699490022017,-73.941270206518
41536525,40.742940780058,-73.99657191575
41030870,40.884072633716,-73.902398994658
41039229,40.713218826807,-73.735975719839
41549861,40.679697846604,-73.965317918525
41061112,40.783534255355,-73.977957040517
41193955,40.747212250494,-73.883784190422
40356649,40.629123687427,-74.005329280203
41472089,40.723819823676,-73.899474486742
41272337,40.741381664686,-73.880498536912
41050494,40.702302709643,-73.904254842326
40384757,40.74407453552,-73.981505549738
41498674,40.630234036402,-74.01493075393
41295895,40.71826371493,-73.957361975202
41444875,40.724868788835,-73.992418817493
41489740,40.650161431762,-73.930287393838
41100558,40.699061395051,-73.912758416253
41468822,40.832606700558,-73.869512192168
40375819,40.584035342887,-73.93650521472
41391832,40.827649988258,-73.92602096467
41504066,40.527775983962,-74.232947112514
40372787,40.767131091071,-73.958618441953
41006331,40.809618546716,-73.947941825943
41040202,40.730074756069,-73.999262342001
41305767,40.758231119528,-73.962895399718
41455503,40.724534276155,-73.997621518527
41099712,40.729411528361,-73.998747546742
40482436,40.718321731469,-73.957299654141
41297608,40.728065078856,-73.992884408569
41316400,40.635096632671,-73.965083457673
41083380,40.813454133545,-73.922479578916
41297604,40.672155544595,-73.97728060673
41373868,40.706645403375,-73.939593761428
41443537,40.861433834554,-73.89893710326
40390547,40.711629120818,-74.00897468445
40988946,40.739830666816,-73.991163339716
40370935,40.777576145789,-73.951189348501
41156150,40.726960046522,-73.988774977926
41391840,40.827649988258,-73.92602096467
41252759,40.721672831883,-73.988329098429
41302665,40.635337447795,-73.92747466171
41361879,40.734554394406,-73.992163207473
40747940,40.812119006717,-73.928543270801
41076270,40.74918642324,-73.991856947908
41068650,40.596075233775,-73.754180425835
40397180,40.734786096915,-73.993023998389
40365592,40.727217972354,-73.787052189164
41100597,40.739109345664,-73.989706151613
41460023,40.691033675209,-73.997010735185
41554321,40.6443815557,-74.000409320014
41555651,40.839339574701,-73.858545696351
41148534,40.717797337509,-73.95927046244
41200749,40.82680405479,-73.822469792508
41168126,40.831838861109,-73.905544375633
41010433,40.819595178619,-73.944201232112
41195747,40.766133203081,-73.955944751237
40390536,40.572141400155,-74.112755712493
40658444,40.714848752068,-74.009669946439
40370946,40.710793412721,-73.852571551461
41149849,40.825182422542,-73.82054654923
40871795,40.765891466669,-73.987279183803
40948000,40.881326230254,-73.878851929151
41190059,40.580178043629,-73.985452045101
41543650,40.70718263985,-73.752069669681
41305701,40.618403236426,-73.932346006541
40918262,40.661795262249,-73.985751814717
41367178,40.752340406184,-73.973388287506
41566307,40.752559310759,-73.993107826684
41460034,40.729936315593,-73.985479540984
41224703,40.728958865201,-73.984404326202
41555664,40.606548236647,-73.965649162248
40722665,40.747490071441,-73.985337283224
40788471,40.758778318964,-73.978746642835
41461382,40.671833755582,-73.983997131213
41221671,40.666870507816,-73.981686299044
41516062,40.562909592431,-74.102623096339
41293283,40.816217442867,-73.883169981779
41148507,40.617313070396,-73.992109677983
40874831,40.860046893982,-73.887834283397
41528043,40.619044381839,-74.028224808362
41528048,40.684514701537,-73.868936601162
41564588,40.756058965456,-73.942690177302
41404793,40.772838854713,-73.95371655348
40997888,40.729126261459,-73.988749596286
41497301,40.586571334774,-73.952301106987
41169439,40.775664305371,-73.953441607553
40512717,40.701786820537,-73.95608503994
41150814,40.765348651024,-73.917948735465
41411091,40.707781817369,-73.817171574015
40671411,40.835183911877,-73.919854252209
41069969,40.750622609894,-73.862994126584
41326639,40.632102485841,-73.974437751933
41301368,40.678567875756,-73.982176891864
41370793,40.682241140078,-73.937819825557
41243824,40.768425421176,-73.98219370522
40954700,40.846187831326,-73.844716770836
41528051,40.706809665135,-74.009028670434
41427427,40.577784579686,-73.955912664324
41459076,40.806493797937,-73.942291876608
41555644,40.752605446826,-73.972683947121
40397190,40.752012278781,-73.987597875808
41389562,40.749794043204,-73.993812881687
41191355,40.756499664871,-73.978351505534
41148569,40.746840412645,-73.863811840562
41057950,40.66836235335,-73.919237783976
40389594,40.821287630606,-73.81863954452
40912933,40.759417598788,-73.970317884955
41228286,40.781876259614,-73.948737288136
41513809,40.762555583548,-73.801724736359
41566338,40.634021241491,-73.919448862744
41542369,40.623378483784,-74.028035602423
41470284,40.795472863558,-73.933992192202
41473310,40.661537229577,-73.985973995279
41238494,40.599674779753,-73.989977050861
41296366,40.87131628412,-73.863258148871
41463979,40.743573209491,-73.924181511716
40942756,40.757794888674,-73.789270064577
41057946,40.762743054098,-73.987338256269
41275441,40.718291167451,-73.872649144627
40717261,40.640431772098,-74.004520710861
40962349,40.868279722408,-73.882101757149
40986337,40.674853915334,-73.976295270465
41499943,40.646845502796,-74.001235936526
41191348,40.755942021778,-73.964734967117
41382948,40.683456146968,-73.995450687485
40543027,40.621334063991,-73.905243382762
41507194,40.72124839431,-73.98802061873
41448361,40.806116808578,-73.954043121761
41411901,40.756054209634,-73.967577084146
40723936,40.629866991155,-74.109911719534
40512746,40.827734663167,-73.924895654492
40587480,40.754745575106,-73.893669344782
41504915,40.667165395339,-73.988066517444
41406564,40.720592331246,-73.994670916318
41426159,40.736240808567,-73.97894309145
41343181,40.677416258174,-73.963612392957
41191377,40.730554231863,-74.000510461725
41461341,40.889017399309,-73.843464576378
41486640,40.676566821819,-73.881486780379
41382951,40.749887220073,-73.861790163194
40370994,40.63500507769,-73.961288572743
40827606,40.545599648591,-74.159921720732
41382957,40.791475389629,-73.972335752547
40388281,40.730941058372,-73.985879688955
41382954,40.68567032876,-73.98142679532
40871763,40.752356125486,-73.980436831708
41418514,40.724211420937,-73.908596128085
40933813,40.864024992442,-73.926383673806
40975656,40.614919389767,-73.980406240297
40358429,40.672926095231,-73.871245069539
41369789,40.650627297229,-73.952120754657
41368458,40.820917461312,-73.86600702928
40815627,40.833140672472,-73.82766392118
41495562,40.642984648087,-73.948808886444
41554341,40.677892305588,-73.949821069101
40971294,40.742891248991,-73.996435250592
41406532,40.767534827449,-73.922899969982
41440434,40.609082959094,-74.119428862109
41486639,40.787280357766,-73.976015559044
41532111,40.761686022286,-73.960376273248
40394957,40.623297806663,-74.031206577709
40966724,40.716035753681,-73.999479811486
41234910,40.69360435985,-73.964726141561
40742226,40.797088781709,-73.934702824417
41473316,40.692344873545,-73.860137000903
41262132,40.876322358924,-73.91295006678
41418524,40.680877512177,-73.975621032426
40743552,40.724919389271,-73.995551436363
41507172,40.62724387299,-74.076071528349
40871769,40.764201189455,-73.972985168821
41426134,40.807535522896,-73.919326854817
41035706,40.662477017523,-73.891795609143
41288739,40.769709800444,-73.992219630998
40366833,40.890006639336,-73.819674934858
41505306,40.750013973967,-73.881212510206
40726044,40.72631046833,-73.989562485997
40671249,40.622662881556,-74.028485217161
41286255,40.640026670849,-73.966925459396
41564515,40.71926180135,-73.985062536074
40374460,40.727520152348,-73.813121980752
41425550,40.694303146476,-73.985279924236
41561490,40.725569748766,-74.005283682678
41426887,40.78177729647,-73.948809775253
41547180,40.746865534689,-73.942874030881
41058317,40.767002021654,-73.983400871372
40738021,40.735438917541,-73.989764844777
40394059,40.68698745717,-73.822071809347
41559182,40.729769493627,-74.009274418464
40741671,40.75308947823,-73.966920676423
40398416,40.704537499268,-73.876259294162
41451842,40.71777939159,-73.992826728449
41390370,40.74491188016,-73.987043717394
41267952,40.639311099731,-74.005683100375
40394066,40.759801768843,-73.982316865154
41245701,40.885945103246,-73.854815050064
41559183,40.716883405582,-73.852262591447
41092223,40.760523499985,-73.967422917402
41219404,40.865167372441,-73.919676143613
40742999,40.708445951531,-73.943460473626
40926750,40.745688322018,-73.901961245071
40842371,40.760906704471,-73.969234862165
40969008,40.594208389372,-73.940763592237
41141976,40.676238173778,-73.820228521292
41394725,40.739643247824,-73.78986747463
41216370,40.701764731719,-73.882327777882
41424215,40.846408686822,-73.885468336823
41463823,40.838256921323,-73.835285575905
40738050,40.763381930391,-73.978831937952
41450527,40.632704717668,-74.027362539907
40557796,40.775444980032,-73.911432183188
40801851,40.731389194263,-74.003176788765
41126317,40.790221623936,-73.97324989239
40957025,40.807262318166,-73.964531337892
41381423,40.798610828752,-73.939332956144
41002741,40.729784435337,-73.919252736189
40398447,40.680411835875,-73.948893615975
41390371,40.598813487687,-73.9373192326
40399784,40.763760263726,-73.988833033778
40945042,40.710492355263,-74.009495665444
40994897,40.616433566837,-74.034010053985
41458497,40.696883975225,-73.784005684193
41462501,40.733144078021,-73.98667460084
41147269,40.761566760269,-73.931426512744
41033036,40.684202785351,-73.992090243315
40387787,40.685705757253,-73.980528414148
41208729,40.645623906585,-73.994690508126
41280929,40.877928754567,-73.905582152288
41382761,40.841790638532,-73.935597758794
41298220,40.601823350467,-73.93501002371
41227008,40.724225619755,-73.981153655432
40946360,40.758955830362,-73.972524385784
40577393,40.767614605849,-73.920887366461
41287566,40.657614713052,-73.960402931949
41046353,40.67531543142,-73.953310480981
41101050,40.761730286507,-73.981051599011
41286241,40.712886439456,-73.95681114421
40401908,40.688481752078,-73.979699001231
41538241,40.774771333618,-73.908886853595
41421169,40.755796571168,-73.927926195625
41484766,40.715686977529,-73.771737196581
40739378,40.814537353455,-73.95921010026
41257727,40.626411112529,-74.132221717465
40386481,40.760530865375,-73.977895718922
41225294,40.691988284757,-73.986207030734
41264022,40.715918849681,-73.746094005841
41459769,40.725931835333,-73.941771312493
40398475,40.748911804313,-73.974184312288
41269706,40.740136705483,-73.919225304863
40590352,40.71850634491,-74.005042012991
40866315,40.833699653804,-73.856949852534
41245736,40.777714322107,-73.979671307544
41090495,40.7214269068,-73.987751232614
41388080,40.756283902364,-73.970067870362
41425593,40.750419851775,-73.983203592004
41269704,40.751352103003,-73.980432289085
41320692,40.84480640798,-73.882219129613
40820151,40.802949766548,-73.963963908848
41011682,40.737607318822,-74.008125506857
41429955,40.63110520697,-74.010126669422
41556940,40.683834731343,-73.992340310994
40933086,40.689256449785,-73.921773344966
40401972,40.71322820464,-74.009046103753
40987704,40.7264868618,-73.986205547929
41254686,40.602944211856,-73.995631832208
40661011,40.728262637754,-73.987829459031
41437564,40.596901344686,-73.974457491822
41460759,40.676843424809,-73.963659708052
41484704,40.674899404763,-74.010287569
41393430,40.740079606049,-73.925590150924
41131732,40.763502916583,-73.996909044965
40698303,40.758295067514,-73.970963618839
41403338,40.686808970523,-73.794204513187
41394768,40.765174903305,-73.818509843933
41538262,40.612035728739,-74.137036373109
40582750,40.759639634881,-73.920559094854
41552594,40.743864909869,-73.983771752443
40400638,40.578736959731,-73.9597692708
41405997,40.703613072177,-73.926670606629
41252033,40.579061522546,-73.959644950596
41478031,40.755195333757,-73.989097756777
40866322,40.835698718633,-73.921021387898
40400635,40.735182393996,-73.98588971337
41424258,40.689734955967,-73.906319074658
40742990,40.845462816229,-73.864678013673
40715372,40.800574511376,-73.968053125788
41228301,40.715660775804,-74.007898362129
40370910,40.625056888391,-74.147627046743
41552559,40.777104771878,-73.949293359374
40369928,40.841859141974,-73.939391343308
41382796,40.759089836344,-73.96829213067
41008085,40.851417896634,-73.932111191348
41503546,40.742881390337,-73.990548165829
40555174,40.707675899709,-74.01168675499
40742997,40.883983496478,-73.902501829313
40748296,40.732624960508,-74.00256440307
40819145,40.745794629166,-73.900883310657
41504871,40.655754696412,-73.959813932345
40397159,40.725193532354,-73.999277482483
40949441,40.758585602292,-73.979109105911
41308105,40.868092761689,-73.900626926324
41352260,40.720857195147,-74.000556561596
41563203,40.690064249911,-73.963258649168
40763888,40.779980147585,-73.950124750548
41378887,40.762509434053,-73.804610742355
40742988,40.653126133001,-73.886470276911
41332687,40.732213495653,-74.001475809249
41449503,40.667480439891,-73.981174314451
41551231,40.619887305646,-74.032600475559
40388214,40.780015658401,-73.975035650322
41305085,40.808318769672,-73.964451656538
40666706,40.722540279117,-73.987562070066
41257734,40.702411863286,-73.79213753252
41433183,40.823882733781,-73.91302632872
41159273,40.663764719133,-73.768616586594
41472740,40.831642322498,-73.919137415507
40742986,40.579371264207,-73.979739201313
41323726,40.67665289566,-73.971991129024
41217638,40.878686347706,-73.865579596178
40993590,40.789329730774,-73.973901751144
40738008,40.702448623715,-74.013743149947
41563217,40.747282186124,-73.984036118079
40382900,40.833525759077,-73.914601097709
40594741,40.743554834508,-73.994510460632
41481695,40.758159962253,-73.982284072146
41393456,40.820220474395,-73.912918669949
41252052,40.741682552174,-73.993605136291
40388209,40.760837621156,-73.979655039011
40738001,40.626041531483,-73.976172238905
40866340,40.835114998746,-73.908111754643
40401946,40.719480889344,-74.00874288247
40661045,40.734109993201,-73.992539594088
41528823,40.635607298484,-74.026168508428
41225253,40.757098540224,-73.969745245386
41547101,40.734222731344,-73.954998150429
41569377,40.752230426274,-73.868093160832
41339265,40.817704860273,-73.957151279269
41459721,40.739967719778,-73.923943213928
41504058,40.616971231403,-73.985296722417
40799031,40.865040621836,-73.822071945723
41344621,40.737440459871,-73.980072538553
40705996,40.635888692536,-73.927046139545
40736253,40.854370836244,-73.85445115954
41421111,40.678866268863,-73.973588684931
40401999,40.761244039883,-73.923683733515
41291672,40.754732745612,-73.816901094077
40397962,40.764079222255,-73.980998380797
41435744,40.750159378025,-73.946175783875
40724277,40.579825879589,-73.837346301989
41429069,40.673295905768,-73.95010224454
40945892,40.684779592015,-73.977997380533
40602887,40.702922872279,-74.011409356976
40782145,40.662747630542,-73.909045162277
41012180,40.673470029649,-73.967350194009
41511169,40.676231777095,-73.983759295893
40945893,40.761741384016,-73.982704188219
41213268,40.716289387155,-73.989453341634
41149059,40.762257959639,-73.966157210567
41290351,40.785812858508,-73.976468625164
40840590,40.680026910848,-73.943902791626
41083343,40.702516012958,-73.993267265725
41547121,40.75790079441,-73.97972951859
40635770,40.740923124902,-74.005468940501
41306360,40.683534181249,-73.872812370767
40363744,40.643889842856,-73.907773575239
40400652,40.592827711612,-73.948951488722
41361177,40.755666451483,-73.739300167907
41444683,40.736480977279,-73.994592537231
41024174,40.795448989049,-73.93589866986
41264084,40.726234357674,-73.977352268135
40729972,40.751299587205,-73.940870061468
40875247,40.770066840782,-73.984674342667
41373160,40.702991704728,-73.901300301753
41523156,40.624180124667,-74.030688645069
41458413,40.740124011487,-74.005879349822
40969851,40.733346418217,-73.794651227346
40944595,40.718249293152,-74.000605424337
40602858,40.761198083934,-73.969928174517
41429055,40.755519855159,-73.981847425526
41278693,40.850574467623,-73.9154643345
41366874,40.753791072201,-73.96630509069
41231164,40.716705724019,-73.989336778959
41423753,40.704349043573,-73.942636809993
41445105,40.672237227597,-73.930721000969
40401998,40.753778165154,-73.98868107132
41388904,40.716692513074,-73.990176288386
41528853,40.859884959757,-73.893108807125
41222198,40.677775094788,-73.910733432334
41377511,40.743346477897,-74.007242153189
41547119,40.656027291699,-73.897657581771
40602863,40.782611773698,-73.951301936137
41105497,40.72587710193,-73.719359347356
40601531,40.611865284093,-74.010392444782
40866304,40.766569743388,-73.912725587027
41030858,40.771350876068,-73.953324510894
41408121,40.664079693836,-73.931637500344
41292990,40.757834661895,-73.979260266935
41226548,40.767589725944,-73.968404733103
40383354,40.731632959487,-74.001736080757
41422413,40.704392619282,-73.919240544127
41528864,40.823889749273,-73.894660823993
41572100,40.77943359117,-73.950694275955
41527538,40.749920814475,-73.883203851041
40423356,40.777610753558,-73.948751550183
41505345,40.866971114006,-73.896042521018
41494926,40.829629978545,-73.87438092659
41096634,40.769682351193,-73.988229286541
41231182,40.661080792821,-73.961090178387
41468627,40.64519807283,-73.948811256508
40936994,40.741906660859,-73.874274923381
41121531,40.764293229926,-73.98844337277
41038749,40.754422647136,-73.986909796079
41248866,40.816933528598,-73.946144662396
41374464,40.767587142397,-73.773150214572
41375794,40.624405590676,-73.965180928855
41004578,40.783662630733,-73.978036273667
40738860,40.708636757561,-73.958319007743
41395219,40.747894629204,-73.992794750596
41231198,40.643827926088,-74.000795344293
40738863,40.711755669457,-73.943312153847
41523196,40.76513727749,-73.991544885209
41017839,40.734190166142,-73.871739749001
41289382,40.760384088359,-73.82944804241
41468652,40.869041398925,-73.90277942546
41442062,40.707137981028,-74.007457191676
41110892,40.552149241701,-74.219047421246
40724246,40.760170044751,-73.827961402968
41523199,40.827609048709,-73.924487579298
41481622,40.713217527557,-74.007722941415
40398410,40.762285298544,-73.956992667507
40863225,40.868868162548,-73.896233907502
41247539,40.867720099836,-73.899079649345
41396559,40.675560219887,-73.963611836448
41273825,40.673518453174,-73.791302507034
40369097,40.756436881407,-73.972060548504
40394053,40.741988634265,-74.00098225754
40705978,40.753681015304,-73.992463721047
41318313,40.801001941801,-73.946129327795
40575616,40.691698340992,-73.986373220483
41206905,40.617887388612,-74.026774075593
41348161,40.7235022469,-73.996190669034
41203879,40.735753964631,-73.875756466535
41163371,40.703830227684,-73.799117701362
41494911,40.61614054106,-74.103998538404
40981540,40.728560389631,-74.000097557217
41259517,40.757268182925,-73.977922544492
41442055,40.7338416449,-73.869952977314
41548483,40.640487372581,-73.986340029404
41505315,40.698797043637,-73.919010675887
41190952,40.660390369539,-73.830626007651
40905813,40.994655387065,-73.736391923085
41073985,40.747850846857,-73.985075577551
41375767,40.775096006507,-73.958882498839
41004546,40.666683167484,-73.987986707487
40370091,40.782784942032,-73.845802758292
40395376,40.724364701651,-74.001683411495
41008902,40.732739275984,-73.849581308841
41239934,40.73397816948,-73.998768960523
41400202,40.706083914228,-73.896814306837
41294731,40.694278976169,-73.827845581327
41276087,40.865541048428,-73.864735559297
40527001,40.764249370686,-73.988302485373
41171821,40.603981896037,-73.75376915837
41418453,40.737784738274,-73.997695253424
41171827,40.741714811852,-73.990130351043
41363774,40.747385406632,-73.984281242695
41336152,40.683570184214,-73.967010559319
40927274,40.703411775103,-73.799855954724
41328537,40.772302742352,-73.927362255316
41303238,40.820755878378,-73.956448529068
41235462,40.807315343833,-73.944552228851
40682813,40.748185206973,-74.003893599162
41405148,40.776084091789,-73.982070031796
40746567,40.760448572058,-73.921995057141
40823196,40.769208808514,-73.988626083992
40529655,40.704769213267,-74.009636154674
41418463,40.750998144516,-73.87300663358
40373938,40.880536496645,-73.903732016528
41566275,40.705172778088,-73.925320139614
40571198,40.763915610563,-73.981288531668
41371395,40.680683278648,-73.842964125059
41547974,40.714653978643,-73.944331301732
40721285,40.798535124973,-73.941254232422
41478993,40.621286558553,-74.031871592722
41180783,40.5801185263,-73.837460238829
41426077,40.70492997459,-74.012304929011
41235476,40.814977800201,-73.918486619784
41405150,40.778652491878,-73.775932462137
41227937,40.693876251569,-73.961659829033
41532006,40.671051050454,-73.941966345525
41078736,40.683484643924,-73.872988468588
41444720,40.810421466906,-73.952927253288
40392228,40.718627630383,-73.999553649817
40623708,40.854172847113,-73.867789514816
41165123,40.70712083205,-73.954324791478
41308940,40.74701519021,-73.985683173813
41357078,40.694718578302,-73.994252770934
40373948,40.620602515008,-74.032150879056
41420758,40.655795168684,-73.942951890873
40397916,40.666398052121,-73.883454522849
40827529,40.844728629137,-73.830668879509
40897437,40.732933844761,-73.986177840818
41238508,40.735242315051,-74.001193308775
41509686,40.610638919571,-73.962425991176
41508355,40.754372660322,-73.833093768255
41153141,40.756174529021,-73.969808782537
40840502,40.646631258411,-73.958035341979
41477698,40.861738647816,-73.924918493823
41537725,40.775868025889,-73.980967639677
40574209,40.829039372941,-73.824597418889
40886786,40.692905960712,-73.986311449078
41259452,40.625850352232,-74.134703855509
41295972,40.657337704497,-73.888735912176
40598230,40.895212961034,-73.856454871192
41267063,40.658537704525,-73.996442088563
41336166,40.729328778705,-73.780957966158
41513758,40.699451879029,-73.91101997911
41209278,40.81710983103,-73.862623885665
41214602,40.592613715748,-73.799148300941
41246144,40.715352480636,-73.944595503436
41357087,40.680396287634,-73.82122704177
41567588,40.596870823326,-73.974746898748
41454101,40.769624767908,-73.988271533323
41112617,40.681030779028,-73.994241294838
40997115,40.720705754209,-74.010154861233
41475023,40.71752535057,-73.991573963493
41513768,40.673790563964,-73.731468702288
40617030,40.741255038197,-73.904449166378
40997119,40.720705754209,-74.010154861233
41387662,40.758950397996,-73.952292672891
41488326,40.865423409434,-73.86489281328
41260427,40.566468165373,-74.101859513659
41534687,40.760718916083,-73.922861564422
41258116,40.597659476961,-73.941431285794
41489658,40.653866739023,-73.930534870258
41258111,40.632639686689,-73.947745467595
41235492,40.817634286651,-73.916982710882
41312145,40.755135804893,-73.992489488243
40882359,40.750172928787,-73.981019127746
41336114,40.754558709966,-73.922501400955
41485255,40.758295067514,-73.970963618839
40392244,40.753641176746,-73.988927412673
40929013,40.764731251601,-73.914398543013
40396605,40.758606490124,-73.983041175191
41136620,40.742332899133,-73.870875265602
41329826,40.761010246084,-73.82938962386
40519425,40.709613513769,-73.795892301483
41532050,40.583738379509,-73.948117819795
40734557,40.759039252085,-73.962303035405
40882360,40.733537785726,-73.987918360584
41399644,40.752501938777,-73.870356967904
41478964,40.750425469009,-73.99094671571
41325464,40.700956321531,-73.91423096159
41313485,40.75806768078,-73.970111862274
41557355,40.840467634808,-73.873178375575
41313487,40.732992156967,-73.986625761724
41557354,40.711260027978,-73.947310658536
41267080,40.743038241442,-73.919582610076
41466984,40.799468371934,-73.968452483077
41363720,40.757417716897,-73.968559433437
41276811,40.719213849083,-73.961540095246
41474588,40.705770105218,-74.009966785486
41546689,40.735954102746,-73.997775519924
40371313,40.735085079449,-73.985960333464
40964241,40.704493348415,-74.009644312627
41550728,40.648494519356,-73.97846882143
41568019,40.742539303052,-73.992982317566
41474595,40.758778318964,-73.978746642835
41511125,40.75889781556,-73.992203807174
41273759,40.622662119963,-74.025352303128
41313471,40.748421221614,-73.973312471743
41345086,40.731676799033,-73.95442910144
41297740,40.810095125174,-73.962292199952
41316502,40.642689088867,-73.979852248543
40646303,40.737215147223,-74.003871721725
41313479,40.735630697003,-73.979378349009
41359698,40.597273161196,-73.941356387041
41520084,40.737239516519,-73.997014017294
41294692,40.638312789446,-73.997862996038
41191417,40.713206445864,-73.872851859322
41523117,40.764623253767,-73.810939658216
41174079,40.72926866168,-74.003696376435
40373984,40.726813468378,-73.893972180569
40371323,40.76952415419,-73.790139844393
41132242,40.898688619095,-73.855072368206
41371333,40.694209784091,-73.850293407568
41477650,40.689304906369,-73.992633108429
40868077,40.754433191443,-73.995454095069
41316536,40.640545596486,-73.948397061178
41558663,40.629779875935,-74.140773754273
40860110,40.739699890892,-74.006657769417
41076969,40.804786225738,-73.937031312354
41498550,40.592571558931,-74.068287580371
41076967,40.868038502794,-73.920228471273
41231920,40.761066901537,-73.973338494301
41028460,40.58698863103,-74.091596541943
41528816,40.736361683197,-73.99095936895
41029790,40.701611892511,-73.898810139994
41336125,40.717534169166,-73.992013222346
40401155,40.76663870431,-73.789908742393
41358370,40.763979805776,-73.726584148776
41399682,40.885795302532,-73.854897492997
41478966,40.756246906419,-73.987604894804
40401151,40.777630758335,-73.908765128333
41137942,40.817261493644,-73.922738734412
41399687,40.63969065585,-73.967677170167
41220492,40.651072718824,-73.945556765619
41399678,40.867275560717,-73.920860679593
40539022,40.792982091575,-73.972921945958
41158858,40.626302313361,-74.029821216798
41478974,40.791274188178,-73.974165045367
40563596,40.599968808042,-73.961238924172
41313499,40.726431355376,-73.986073261754
40385974,40.62477884813,-74.148769500673
40986401,40.75639366232,-73.987641935648
40598282,40.740835258784,-73.99203652485
41494167,40.770129894922,-73.991620769992
41482187,40.714432790473,-73.959133595863
41302781,40.739018649833,-73.989545013633
41563153,40.70462599197,-74.009458693921
40836410,40.757270088666,-73.987941915847
41453613,40.763151122318,-73.97425017569
41543540,40.7698441037,-73.954423460225
41305806,40.602531157596,-74.003723813491
40376121,40.735467396879,-73.998131599595
41345037,40.650340392087,-73.958488802282
41518586,40.687680883466,-73.956900984086
40365473,40.725513411327,-73.944923545666
40661972,40.693014203513,-73.990825109489
41313429,40.733632529059,-74.003074114487
41357029,40.674845916522,-73.944391820549
41012979,40.832350981728,-73.916651990936
41511959,40.638045994598,-74.07907200018
40544427,40.635583384662,-73.962694834064
41346376,40.679955687694,-73.940479120229
40398389,40.755666451483,-73.739300167907
41000961,40.731767015456,-74.003779808498
41064183,40.727370122827,-73.992265694489
40668596,40.757793177553,-73.789333803171
41297789,40.621397383718,-74.006384946069
41466937,40.71820574821,-74.00032924815
41498508,40.686908655116,-73.977945534459
41011653,40.740662379111,-73.98764054163
41466951,40.702062184018,-73.923688723977
41276823,40.747795407984,-73.984943199532
41276825,40.640396935513,-74.011727054743
41500477,40.709052943952,-73.93711847454
41430956,40.646645503065,-73.956593181869
41510637,40.753116210832,-73.827176664899
40742158,40.63478432584,-74.026495752421
41231957,40.729101477797,-73.985362441293
41283112,40.739922167696,-73.918320017613
41023641,40.726488196011,-73.894515200134
41403341,40.671866321222,-73.977521368248
41428640,40.636327606407,-73.898812040263
41385070,40.714965690849,-73.832121695142
41313460,40.727220889219,-74.005610743788
41264877,40.758247632803,-73.989135758566
41510644,40.756733487248,-73.993779542822
40987708,40.705970338013,-74.007203310678
41465615,40.906495754929,-73.904275382606
40397082,40.739820146379,-73.989671078089
41326770,40.740450728545,-73.949658241185
41148631,40.7569842422,-73.974038894808
40603266,40.707661065031,-74.007690506916
41031273,40.757389045418,-73.968804538584
41304510,40.76080857942,-73.730787643379
41453648,40.749716723999,-73.972105734097
41186947,40.76125989707,-73.990653224171
41373941,40.608670580086,-73.973784307537
41186948,40.776143231439,-73.82434251897
41263532,40.753291174059,-73.92354711383
40929887,40.751415037767,-73.986520524808
41407714,40.727285831676,-73.988418465266
40397075,40.573139674602,-74.106977108286
41385081,40.785325974294,-73.972934249286
41511984,40.714229424012,-73.960784676114
40996669,40.720927825952,-73.805869873278
40994007,40.729696467582,-73.989705563173
41552490,40.634348076893,-74.085484424651
41313451,40.740258695844,-73.979087634141
41219463,40.686272314283,-73.983305001613
41498521,40.749725777719,-73.978034647149
40603273,40.743654954573,-73.994436886036
41200857,40.728777400953,-74.000539634475
41123341,40.708125889329,-74.014498506495
40535509,40.67206729699,-73.842990344214
41078771,40.756143471891,-73.990671823839
41276888,40.678801199463,-73.865995803223
41495455,40.749315423251,-73.755496400398
40729118,40.623535948143,-74.031620721037
41287539,40.736467736021,-73.712625640167
41390433,40.725304952693,-73.984166991255
41560911,40.755696856317,-73.980017779247
40658358,40.746707618556,-73.864579142538
41563197,40.739860087512,-74.002936064403
40789668,40.587558426482,-73.955006166941
41471490,40.759227321262,-73.944156926555
40545799,40.660422451161,-73.840031009161
41263568,40.778635318469,-73.776012401454
40730115,40.867338569355,-73.883613683881
41077433,40.710338476917,-73.793771940613
41237280,40.778063892952,-73.980494452833
41487823,40.835976098985,-73.855190000843
41457183,40.655980402665,-74.002783033284
40939227,40.764717572157,-73.823419164114
41361940,40.619323372878,-73.933363237826
41414060,40.790686178817,-73.947327742445
41279924,40.739073464651,-73.981815644247
41174904,40.565361206247,-74.183754435708
40743416,40.691837382057,-73.86368411784
41438017,40.703167585061,-73.908169468126
41542242,40.746325557995,-73.991044884575
41212804,40.757017296428,-73.986020861529
41382828,40.857389729871,-73.899676798762
40524843,40.752204783639,-73.98740274346
40580969,40.834758845988,-73.944455650072
41360615,40.765717760016,-73.983518131866
41405113,40.702633491199,-73.926639449628
40994068,40.685819832488,-73.827567664955
40857382,40.805037276774,-73.938833125554
41432702,40.789534751658,-73.814161898526
41450562,40.754393295708,-73.968786186435
41039166,40.655078018946,-73.953016501625
41457197,40.759548765569,-73.991902375506
41237293,40.747207474916,-73.887450434621
40848434,40.713870646514,-73.920636448636
40950482,40.755236062283,-73.978926056139
41250276,40.664297241808,-73.923757594651
41255963,40.609604869125,-73.956438045012
41174915,40.709374923844,-74.009121150164
41510678,40.680322869694,-73.8213522568
40394840,40.738815080802,-74.008180186639
40933931,40.749847827202,-73.975204408055
41376199,40.724881024216,-73.981265682403
40917005,40.670091973452,-73.993297600697
41523996,40.846647757973,-73.895770890431
40524878,40.650682852302,-73.950896112003
41483491,40.66320494925,-73.984567572751
40709530,40.761240931258,-73.99421052793
41439339,40.752984939787,-73.864383027829
41283164,40.680508247448,-73.950650600595
41449583,40.740646638103,-74.007778572284
41379217,40.760085649545,-73.832646729285
40369895,40.878345353107,-73.903442218415
41313420,40.744066431154,-73.976449485697
40866297,40.633752909112,-73.918850941224
41461218,40.741586207457,-73.882648187274
41274210,40.681183162392,-73.956178487105
40825792,40.772710103297,-73.952327245965
41415373,40.634123741046,-74.026787994789
41418400,40.738200069657,-74.008440177217
41194510,40.623535948143,-74.031620721037
41310394,40.699852313952,-73.908053209173
41310391,40.757863254978,-73.919812389353
41073072,40.720312542463,-73.988315849025
41546625,40.618987466354,-73.932995915397
40743432,40.707599107049,-73.817314980683
41323698,40.867135826067,-73.896719583534
40645073,40.839905639189,-73.916680994701
41000982,40.67911520669,-73.973770635776
41454940,40.719041415221,-73.997517023825
40812483,40.767842714074,-73.983589153848
41103795,40.738150070359,-73.979312258518
40954862,40.752593611614,-73.981002876168
41098346,40.745107369939,-73.992296421116
41486500,40.727014220789,-74.002011749028
41388157,40.729312904623,-74.001157632242
41148666,40.760967384749,-73.981178043087
41334338,40.876605870689,-73.847883275227
40718497,40.699469442654,-73.911103916195
40611066,40.671131738697,-73.942110505773
41550237,40.721017071882,-74.00576099851
41080133,40.652781353455,-74.00958856909
41503007,40.73306575446,-73.993436388703
41444184,40.745037199079,-73.992130447987
41137116,40.659562472877,-73.998863969332
41379445,40.633564026481,-73.947820326224
41564881,40.779898668644,-73.802418700959
41563551,40.634907267863,-73.992147083787
41412595,40.83669232756,-73.940134074017
41379441,40.771371782308,-73.982261883516
41228483,40.731073116174,-73.982020940804
40731761,40.784204810469,-73.977640603185
40594879,40.817032751307,-73.921619232326
41198990,40.912737173019,-73.902594839139
41219535,40.76555979851,-73.957549739406
40514734,40.715099533004,-73.944554683335
41402316,40.715706989943,-74.008294194798
41461511,40.688773751994,-73.98231530259
41449886,40.749683706129,-73.991665811753
40567264,40.711403011162,-73.791274380789
41331494,40.764617347783,-73.916390032483
40385000,40.759395459754,-73.985237932783
41381773,40.693198491455,-73.973197328907
41428926,40.71033899568,-74.008114753112
41506985,40.760729637631,-73.832840797208
40731746,40.848883978996,-73.854373849266
41379436,40.715631196722,-73.996517031173
41453900,40.675414198347,-73.96291858802
40396598,40.58731896125,-73.81329528945
41265421,40.78114718467,-73.77218435331
41393754,40.715325083081,-73.987121886105
41481110,40.715130695228,-73.998703465319
41355479,40.749056729217,-73.756533405284
41215164,40.728181261901,-73.988427190942
41567919,40.68044310416,-73.94947631834
41140762,40.705605948417,-73.896574953605
40956260,40.575915348619,-74.082893248435
41131819,40.739730440585,-74.006731483918
40585948,40.726093257271,-73.989584249346
40522372,40.690953630863,-73.9244860864
40882732,40.749596382906,-73.973895589406
41229799,40.747850846857,-73.985075577551
41241483,40.879547009006,-73.906189327637
41022267,40.828029946528,-73.907051070363
40923377,40.755380829975,-73.975381684794
40926403,40.850138174175,-73.931400029095
40947344,40.757098540224,-73.969745245386
41485508,40.524105320278,-74.234676441916
40570886,40.709386766241,-74.008652053412
41347832,40.752683167153,-73.990495274493
40604755,40.732747769128,-73.993709419326
40900694,40.622761610941,-74.025308379134
41104212,40.702338265662,-73.808080295523
41564856,40.641121158381,-73.969243467397
40947348,40.756989772362,-73.976136071993
40994534,40.626590371714,-74.075831362491
41269802,40.722401107033,-74.00366345631
41564859,40.872026637715,-73.877580297052
41239167,40.736023053909,-73.989339953275
41299657,40.769729076097,-73.927846597403
41400593,40.687205035503,-73.950860371384
41403621,40.747009583759,-73.985514156163
41424568,40.635455216767,-74.010938302102
41273068,40.755601264451,-73.980102072308
41310577,40.741695602889,-73.992168248741
40365414,40.755048249993,-73.964895191872
41505636,40.735206043368,-73.794726032504
41278735,40.730618127899,-73.984803196485
41313605,40.847686810369,-73.786736131055
41412582,40.743794820682,-73.994768454509
40366748,40.839984539912,-73.916885984203
41308275,40.737349912024,-73.708519258586
41550229,40.753138839808,-73.97200237751
40819474,40.755660995919,-73.972169788735
41391114,40.727908269719,-73.988088822162
41412588,40.880733411183,-73.883268829468
41416946,40.813314662298,-73.945242327049
41562204,40.745349831144,-73.982690599894
40399652,40.756143471891,-73.990671823839
40570878,40.728824174185,-73.988050054981
40378729,40.747584499239,-73.988220371083
41002604,40.749187032289,-73.990168887568
41127786,40.865611212586,-73.867277362605
41459231,40.834306786304,-73.941062823861
40752699,40.880738900518,-73.908382731481
40665705,40.74588600375,-73.856187312279
41185699,40.709506762458,-73.869091290055
41314940,40.791666791976,-73.974050937126
41252132,40.783069214683,-73.980598809644
41183038,40.764031810076,-73.986510571156
41332792,40.691873172659,-73.778054249872
41155819,40.619562839597,-73.989648490067
41015916,40.735933858313,-73.714555469479
41367417,40.751967746344,-73.98527377732
41541322,40.709692040557,-74.006835976866
40677704,40.748847587224,-74.003413693167
41477077,40.841546158189,-73.88596912225
41088067,40.732282461929,-73.988006060412
41441945,40.749171830949,-73.977790906841
40665719,40.835773384914,-73.890726828507
41130517,40.613634687544,-73.981757922385
41181265,40.663009702156,-73.925980479512
40994592,40.659721895292,-73.922383441919
41104230,40.677126311153,-73.98006405464
41335813,40.682728491241,-73.961855512304
41505614,40.669911195024,-73.909614689892
41137162,40.661383685466,-73.931487185643
40796223,40.758778318964,-73.978746642835
40962981,40.624967148968,-73.999715535003
41436594,40.737985514221,-73.977004798281
40793198,40.727228437893,-73.988281891638
41155803,40.613076899675,-73.982389975911
41529681,40.716051905881,-73.998316192038
41542642,40.763404797542,-73.989092054848
40636316,40.705132666112,-74.011446961217
41138498,40.741725519807,-73.993573957792
41367409,40.868211882078,-73.919637253735
41543970,40.721365633891,-73.983962036071
41562276,40.75760635157,-73.923504853102
41104223,40.615733465789,-74.034139894015
41109911,40.708512034564,-73.957965790721
41285092,40.676882057234,-73.869523310448
41426318,40.674421396745,-73.878304737363
41208839,40.763616235089,-73.967258497485
41239197,40.733141251833,-74.00552264571
40604740,40.72088245197,-73.846928849799
41555983,40.586634394564,-73.965790250445
40580211,40.629144583237,-73.948052511026
41563570,40.60126403774,-73.959627534676
41264160,40.683208416973,-73.940911285128
40694273,40.877566289738,-73.905838688666
41562244,40.784146767603,-73.952274429632
41564898,40.75823616279,-73.988971398311
41540004,40.834245603226,-73.851773381523
41457489,40.740695537317,-73.987718651479
41395502,40.755337015795,-73.843244002031
41395501,40.755337015795,-73.843244002031
41395503,40.755337015795,-73.843244002031
41395505,40.755337015795,-73.843244002031
41449862,40.714024675776,-73.9556450909
41011580,40.735677523556,-74.006710511105
41184311,40.787318181971,-73.951904374704
40365454,40.613037697155,-74.12230714954
41402333,40.729318044528,-73.957426961046
41395509,40.755337015795,-73.843244002031
41402332,40.626552404069,-74.161292287718
41426303,40.703936468018,-73.796623189282
40878687,40.760747675242,-73.983430367976
41554626,40.733084011375,-73.986532669405
41555956,40.639617273816,-73.990830732256
40525431,40.762091417562,-73.983526874911
40385065,40.591403830691,-74.101014152754
40686674,40.750437453968,-73.976867768932
41158064,40.728645412069,-73.992380287023
41391158,40.7569842422,-73.974038894808
41391155,40.7569842422,-73.974038894808
40397029,40.540497404398,-74.177004532195
41068439,40.76420288474,-73.972685316814
40601696,40.758221529305,-73.828947615349
41395511,40.755337015795,-73.843244002031
41395513,40.755337015795,-73.843244002031
40697315,40.751277622148,-73.991144782104
40716118,40.729865587231,-74.004140109503
41395517,40.755337015795,-73.843244002031
41356747,40.767440635393,-73.986146428167
41395519,40.755337015795,-73.843244002031
40534379,40.76323515827,-73.978794955339
41365690,40.84520553898,-73.866491088769
41036011,40.819444411767,-73.893080380427
41365678,40.63096569771,-74.129080643556
41471729,40.675243399801,-73.810638500503
40986085,40.70997871355,-74.007887037167
40393496,40.688752452872,-73.992900129012
41269872,40.595137951052,-73.758624975541
40905528,40.683438692685,-73.979041112614
41025359,40.755783915553,-73.979292100131
41392497,40.86785740539,-73.884027873411
40395200,40.778415477461,-73.95317683715
41503082,40.749535094797,-73.989367050236
41538516,40.638185720438,-73.994475138927
41097884,40.760395377416,-73.965936292966
40799399,40.750484557238,-73.989269136737
41395529,40.755337015795,-73.843244002031
41407168,40.711412798519,-73.946918748688
40545071,40.741089076165,-73.990002063647
41445447,40.616719264029,-73.992712993221
41387911,40.678608878153,-73.982149187103
41552826,40.695902770695,-73.747189297915
41567088,40.729955620857,-74.004810865232
40686696,40.758252246424,-73.979130383842
41288162,40.763694797342,-73.988880872736
41247611,40.7497194169,-73.995177075985
40965133,40.717452715947,-73.99610015411
41373293,40.77942096534,-73.980954394816
41212059,40.623769319673,-73.96490773885
41395535,40.755337015795,-73.843244002031
41479682,40.678339492872,-73.75463484511
41085883,40.730943538935,-74.002918002593
40364958,40.735794689286,-74.006043825471
41425806,40.799183223534,-73.968599911544
40933579,40.639061668217,-73.968811945438
40396543,40.868614006561,-73.918087258065
40971800,40.735367172946,-73.74853792254
41155833,40.685299278477,-73.980803736519
40376933,40.749550854976,-73.954859239976
40702330,40.703609595446,-74.009824710345
41395551,40.690506057932,-73.778422849097
41107325,40.718550968305,-73.837634165725
41320793,40.660262600966,-73.980395392281
40392190,40.861563874987,-73.897336970262
41109985,40.733115223704,-74.005692154925
41217735,40.639870296095,-74.005102191821
41457445,40.636626615647,-73.911662454703
41513238,40.599332079555,-73.952392737167
41317143,40.631495746007,-74.021736756667
41394214,40.716243701759,-73.807999232218
41513237,40.780320999284,-73.946775125181
40388917,40.753232067212,-73.984434470799
40640495,40.782686967961,-73.957566991975
41514563,40.829549656144,-73.891805855063
41442378,40.72240906497,-73.983070271082
41297095,40.600791359352,-73.992060456145
40794463,40.675657036262,-73.978358275858
41084540,40.722129549566,-73.985763403992
41489026,40.621976208297,-74.031747778208
40397863,40.833625020779,-73.860602953847
41155821,40.594738509238,-74.086267781735
41470400,40.759589133321,-73.969840430243
41289478,40.750786228264,-73.873873661869
41534162,40.729747883553,-73.980755392541
40583385,40.629576321274,-74.010919360525
41513242,40.740314802,-73.975147589137
41034277,40.771459273799,-73.959269388914
41465002,40.721543504629,-73.988590352389
41549202,40.714691224346,-73.949547944707
40363644,40.74430618558,-73.979244529229
41328691,40.680940631536,-73.949761668286
41061893,40.686599988626,-73.823065177393
41424537,40.659015214996,-73.981630751359
41478317,40.825133322917,-73.940322929893
41437857,40.775814524223,-73.910129727021
41374592,40.737674565823,-73.996522451632
41453018,40.732587612785,-74.009362655314
41487271,40.718557012709,-73.944970153002
41008819,40.727419441449,-73.786438171073
41378948,40.729970561345,-74.00060343395
41539886,40.726514162734,-73.991828791136
41246308,40.709153680784,-73.964024442674
41395567,40.686829745397,-73.993831265656
41171074,40.709273794417,-73.775655102915
40716961,40.749673189503,-73.991673511998
41354976,40.727424882952,-73.988436402739
41514585,40.677874493078,-73.979552897127
40383262,40.774536152738,-73.954265895391
40401217,40.737753954591,-73.988056073069
40723269,40.721709205695,-73.994470385511
41365626,40.712721771542,-73.905916310107
41491302,40.841176896621,-73.939843225888
41142578,40.724225619755,-73.981153655432
41365624,40.747917326496,-73.989063208279
41171075,40.8833411628,-73.856254814997
41478306,40.746295423363,-73.896147526439
40965177,40.750496682689,-73.877737548709
40974908,40.775805773506,-73.910117582559
41025331,40.747499671312,-73.983236751
41340346,40.707890585185,-73.817521240691
41504360,40.829358716151,-73.948400594728
41526575,40.624820954763,-74.143287258309
40515211,40.881539819187,-73.882491621097
40512186,40.766673538418,-73.988589128291
40371281,40.767716143311,-73.983288406672
41013350,40.717360593342,-73.958330115353
41487259,40.868073973707,-73.900072742456
41255267,40.711083364408,-74.014709861116
40715642,40.716811079287,-74.008289678824
41514590,40.692394302599,-73.860731304921
41467668,40.821944380925,-73.816416640357
41425846,40.795601496851,-73.971185059014
40983831,40.706025555569,-74.008707644047
41202673,40.72762969689,-74.003402609525
40423450,40.885903375854,-73.910988422884
40399613,40.708057086974,-73.818148493716
41238707,40.676408117155,-73.901043571359
41453046,40.829837972054,-73.917561470205
40537473,40.6194928924,-73.919051934237
41293514,40.708303028359,-73.77691374255
41215992,40.855169029942,-73.881241835624
41235687,40.636766272511,-73.993794964682
40962928,40.791535989357,-73.938751977961
41407189,40.745675026148,-73.987890223961
41060552,40.668065300282,-73.987135864082
41339359,40.697507256824,-73.993420278354
41386644,40.725730899082,-73.989675291547
41413875,40.752307822528,-73.993898460646
41413877,40.508220107014,-74.233478664456
40374325,40.755071808353,-73.968464909006
41175457,40.778497788193,-73.978085844668
41315391,40.798676984193,-73.968774329559
41374557,40.714123881913,-73.950318716222
41564827,40.684838211286,-73.831059165964
40983834,40.706025555569,-74.008707644047
40614916,40.764076818752,-73.97077815204
41445430,40.810902510657,-73.946830132724
41446761,40.794518038791,-73.933630734977
40827050,40.708476321042,-74.013452311346
41513285,40.760947798818,-73.830500507303
41499250,40.601123499737,-74.001192452817
41543908,40.732342339575,-73.987962021065
41247560,40.727799929968,-73.94207622487
40988786,40.75657703693,-73.978535820616
41225414,40.731218163153,-73.984246526133
41329984,40.756016581017,-73.881583426411
41543023,40.762735310289,-73.983114788345
41247564,40.765579196085,-73.983618683338
40781213,40.84304386027,-73.844798307321
40949185,40.720384910941,-73.984479355812
40561040,40.733030919388,-74.003806790487
40934918,40.687122801638,-73.975801864013
41055968,40.718287567074,-73.986818576867
41098217,40.765651625217,-73.978409138783
41374542,40.729684316551,-73.982588815069
40978503,40.715345769671,-74.011116623777
41294786,40.762837814015,-73.975914580976
41361241,40.58394412759,-74.168766534898
41556342,40.635955004235,-74.009173656385
40908639,40.736482165837,-73.988986303222
41234254,40.729711865513,-73.983681729517
40553409,40.551798334659,-74.212026959284
41409862,40.609850754783,-73.963095921058
41039019,40.745488367015,-73.977714504186
41120361,40.734296909796,-74.003059019338
41463394,40.756143471891,-73.990671823839
41416164,40.815867590319,-73.907565998479
41302033,40.776909338593,-73.977759069693
41543012,40.756008066863,-73.833646974534
40401251,40.778157111844,-73.980713958243
41337592,40.602736304765,-74.14034481534
40401250,40.851060408869,-73.867730919275
41198183,40.651247730285,-73.949695264986
41397315,40.747375651278,-73.995749779058
40862204,40.881201751516,-73.882881097392
41239953,40.853891696342,-73.88377912917
41570645,40.725716767923,-73.988449836058
41062281,40.746123792422,-73.929416544268
41019411,40.740612500524,-74.006543876919
41556359,40.761457784769,-73.803759654168
41107373,40.754757244427,-73.941604736166
41557688,40.673574752224,-73.843099654765
41146966,40.730048061575,-74.000358122618
41361217,40.71027282582,-74.016382720281
41363877,40.681736915924,-73.878699730965
40401223,40.6616644703,-73.993188297958
41507388,40.857509749623,-73.891031603214
41515807,40.677615916448,-73.955382005615
41399995,40.744085891847,-73.98572546614
41565279,40.757928876901,-73.987566667368
41399993,40.733774313205,-73.870022110398
41246253,40.808841949745,-73.922415938771
40536063,40.664907174077,-73.950901568915
41350556,40.731894771177,-73.983693317487
41553291,40.741578271433,-73.918940148797
41183948,40.681495325599,-74.004323063882
41349571,40.62605451138,-74.143841995033
40908617,40.738547766979,-73.987472775617
41442412,40.714001329444,-74.007741654971
41086204,40.753231752986,-73.793236407966
40871170,40.772244802758,-73.826650656141
41438394,40.70211835655,-73.82085017962
41565283,40.714214665235,-73.802377291294
40356442,40.612067765518,-74.136862456546
41543033,40.598544392162,-73.959551454558
41548724,40.747928873853,-73.992769824997
41478408,40.718504044142,-73.803683976312
41511463,40.855344778212,-73.887835808885
41532380,40.762077377444,-73.918554419523
40756253,40.680385645078,-73.961258963498
41154580,40.741377103638,-73.8802156025
41370158,40.689742445486,-73.977781159904
41157609,40.865898790243,-73.926415694257
41314025,40.73144138542,-73.954543034183
40576978,40.760257881771,-73.907386064009
40904248,40.634906204143,-74.026440969707
41408521,40.76201399007,-73.990108323762
40737995,40.705970338013,-74.007203310678
40991515,40.769026010402,-73.95828597748
40986169,40.750752867267,-73.906846035194
41144369,40.61621043179,-73.993226735811
41484288,40.703560098277,-73.918144926169
40587626,40.650380100698,-73.957688719259
40746890,40.621725811075,-73.936017049383
40737939,40.753169180659,-73.97487775513
40744238,40.804099057808,-73.920830761625
40872433,40.72120439114,-74.000441648304
40746892,40.686805193039,-73.990500523866
40746893,40.648088487988,-73.949203698077
40573061,40.745506251265,-73.97819453633
41177205,40.742509179872,-73.980380313118
41328616,40.725798854614,-73.977506695462
41477990,40.726454932346,-73.989318883145
40922983,40.745203536233,-73.98262430738
41174180,40.720802435548,-74.00998328509
41296527,40.818804471948,-73.817173917994
41292166,40.789968114924,-73.814176645093
40791454,40.709591375125,-73.89875610366
41180852,40.77494280147,-73.91379862096
41389738,40.763206706819,-73.992950659696
40672926,40.746681322344,-73.986136881874
41292184,40.717782789482,-74.001216192013
40565428,40.553250069136,-74.191986084563
41508685,40.69934254768,-73.923457900032
41531073,40.697194535288,-73.935480331296
41288910,40.774474881025,-73.951041223894
41449053,40.872259315438,-73.878290857902
41477984,40.746489413239,-73.8943239085
40815015,40.741448221184,-73.978395759062
40566764,40.632652428254,-73.994686790138
40737935,40.762665910699,-73.978489034255
41349566,40.743804650766,-73.973409301606
41476652,40.712494556734,-73.964781314194
41467708,40.717606819145,-73.835538179399
41050224,40.760206999982,-73.914592022191
40578731,40.750122432121,-73.974832192701
41186184,40.757443560858,-73.966569144269
41462031,40.67893513909,-73.923877382983
41488662,40.832461174191,-73.852159951954
40958954,40.718846142057,-73.757868060438
41568346,40.660149907425,-73.980489241007
41514518,40.774635277078,-73.950924285423
41246298,40.786339932739,-73.836255083688
41396045,40.549812123333,-74.150725225536
41433510,40.812146041269,-73.930156878602
41523477,40.707303319682,-73.835659782126
41177225,40.737307813746,-73.708163877996
41363836,40.71874194025,-74.000157802614
40524910,40.850746524832,-73.86773426264
40945643,40.741188805886,-74.005029233603
41570654,40.758941262723,-73.918785043243
40756209,40.632682533416,-74.027213525509
40757539,40.76701880502,-73.956655495124
40699160,40.7066099839,-74.009751563881
41497585,40.748396740688,-73.976090264298
41496250,40.897964121524,-73.854620759008
41171936,40.743447796408,-74.007340831797
41567020,40.704478188437,-73.923849148535
40578724,40.761066901537,-73.973338494301
41293491,40.777157372226,-73.982171893635
40783806,40.702967995301,-73.908077487875
41527847,40.735269998127,-73.987919954038
41302014,40.731231487625,-73.985840701191
41304673,40.679199705453,-74.010631863019
41131042,40.742706169327,-73.98276269969
41260583,40.703135987014,-73.908361916871
40545820,40.600057055369,-73.9423291003
41348218,40.790770114281,-73.946682999496
40392141,40.722578472923,-74.00351258912
40941277,40.835162778296,-73.923958388265
40384525,40.753326772303,-73.832621438876
41055930,40.730357128613,-73.998349865415
41409894,40.753589079365,-73.794405298456
40380164,40.86159726772,-73.898435709887
40365348,40.729641732984,-74.000880533096
41192004,40.742955636323,-73.875510824736
41502559,40.730604437576,-73.986124931632
40684961,40.749673686417,-73.883272730326
41007492,40.792861426423,-73.97318227602
41460275,40.731485982659,-73.994375519715
40539192,40.515997736972,-74.233392222271
41477944,40.745388053379,-73.992960313633
41521630,40.766310658795,-73.994229102433
40985671,40.760273538401,-73.969522288489
41192008,40.710981902715,-73.951680376695
41349516,40.672686131019,-73.890127597044
41019480,40.70872570331,-74.010993234211
41472264,40.680063294988,-73.860568728742
41473596,40.743129563552,-73.936658894146
41018152,40.722773913174,-73.994433665254
41313562,40.759356001469,-73.970362598758
41387113,40.680830604412,-73.76380022919
40389308,40.732043911488,-73.849223938991
41032444,40.761066901537,-73.973338494301
41313568,40.750437453968,-73.976867768932
41553234,40.726354267468,-73.851670901243
40834127,40.675036457895,-73.975157083847
40524920,40.765986695257,-73.954464753614
41288951,40.719751749288,-73.988601751139
41064060,40.692249662787,-73.766260736095
41326866,40.781363873834,-73.952224593386
41510990,40.587234313216,-74.103848890254
40929503,40.680584241431,-73.902603124774
40997656,40.666427436576,-73.871789123446
41324201,40.676269407226,-73.98390367909
41519329,40.901991035427,-73.86551361833
41387122,40.691481761645,-73.991255392455
41224945,40.655323628662,-73.916151416156
40964716,40.667576996811,-73.981093818124
41218272,40.702411863286,-73.79213753252
41242716,40.84263132905,-73.923922135698
41351837,40.710131539037,-73.794277717724
41313556,40.736884177909,-73.984478273596
41557600,40.773957099978,-73.959541563384
40391659,40.745900744678,-73.990704536011
41169686,40.754854257594,-73.968622645365
41230741,40.753681015304,-73.992463721047
41292192,40.727799507416,-74.001182820289
41043128,40.765498884136,-73.980138957109
41136763,40.834194790226,-73.944866555672
40392984,40.736332216985,-73.876557963492
41262331,40.76589043159,-73.957309221018
41304618,40.780754846001,-73.976513649618
41472283,40.756111807536,-73.970469953631
40737927,40.691072180804,-73.924958383096
41519339,40.781344914741,-73.976010503721
41091640,40.748030372682,-73.992868677673
41426348,40.732003251043,-73.98426976924
41224938,40.674815704821,-73.997814403146
41155027,40.785336808951,-73.976814831375
40566783,40.711711310996,-73.943778719475
40810141,40.715504837156,-73.90148030692
41346473,40.851451630932,-73.844067565452
41161706,40.714112992596,-73.995458492729
40376031,40.780185587591,-73.980396897485
41372739,40.70761280003,-74.002096036609
41262328,40.73666727712,-73.990742186616
41253401,40.744482155889,-73.98332162369
41313515,40.747908969924,-73.976445227091
40389357,40.737291652135,-73.992406716383
40988743,40.75657703693,-73.978535820616
40510328,40.860047242497,-73.893136071163
41009230,40.681717904138,-73.878765482067
41390799,40.734796235303,-73.98827104013
41462890,40.760608058915,-73.767183368511
41127868,40.736057825163,-73.980703456464
41074296,40.717676748414,-73.957797053558
40877285,40.860046893982,-73.887834283397
41474875,40.794658712649,-73.973556365886
41520341,40.675516664841,-73.941545227166
41545641,40.725377773777,-73.984113871286
40376039,40.778087294812,-73.956171062261
41171982,40.729823376925,-73.999026983725
40871979,40.812770986167,-73.902104972114
40749081,40.797197185554,-73.970023081586
41473550,40.817233890769,-73.921927465121
41431748,40.765685607122,-73.918948380935
40684999,40.814839391669,-73.914474286231
41557632,40.579850751759,-73.973546868011
41388484,40.729103814375,-74.003437582252
41388485,40.732527808318,-74.00330898482
40984399,40.747713006693,-73.986663989712
41195945,40.849008413356,-73.937125274309
41230776,40.630019464563,-73.961216788438
41295296,40.763411758982,-73.828087492965
40389365,40.854325590517,-73.902398704942
41482495,40.826163868032,-73.878000110714
41474862,40.684373589445,-73.992144457219
41069706,40.791491156505,-73.944646283512
40890246,40.683080031483,-73.964686051205
40728151,40.717402730089,-74.010633365796
40928218,40.76335347616,-73.996559768081
41179005,40.716473867507,-74.007986231766
41408505,40.655258101587,-73.931093058026
40568549,40.727406148961,-74.008779143692
41408506,40.670005499488,-73.921459131811
41122196,40.802698209849,-73.952552632262
41553284,40.832810017945,-73.905968295042
41557641,40.861882295049,-73.892331971655
41347781,40.748165818164,-73.939641880133
40716177,40.734953164191,-73.719677642671
41054667,40.757897100493,-73.985499236507
41557607,40.702723295586,-73.879106355803
40612297,40.763026895761,-73.976366161534
41519373,40.761612274737,-73.924470198915
40746835,40.721558318956,-73.99728572389
41453959,40.692937392418,-73.854504202809
40370759,40.728816313917,-74.000618192946
40394720,40.657843054378,-73.770306867808
41066646,40.596355661252,-73.941178502501
40394723,40.800094328211,-73.966840184433
40521005,40.783753143689,-73.97779733693
40810174,40.759768850666,-73.98802990585
41473571,40.64066692304,-73.95589357878
41443706,40.745675026148,-73.987890223961
41554584,40.612398957949,-73.925517853811
40882663,40.749115967162,-73.869272547597
41313540,40.740655159815,-73.981732248057
40722858,40.580091898763,-73.83643965115
41536710,40.607911694096,-73.961866995536
40716188,40.764776533439,-73.822929571821
41313546,40.74497352176,-73.982791522267
40701954,40.751967711383,-73.99000108612
41146119,40.749165389988,-73.991872348398
41546980,40.825442455358,-73.947538383163
41518053,40.715895676111,-73.993040578415
40908641,40.73037070003,-74.001130745772
41380543,40.745223121246,-73.986816429222
40763388,40.717521409807,-73.957963312664
40879015,40.8110811713,-73.958028087754
40931888,40.747993985941,-73.879940136609
40604688,40.771773116162,-73.980975214694
41148780,40.598352375978,-73.941565561648
40790974,40.77221642237,-73.955958274006
41387188,40.756478143277,-73.974409383523
41557623,40.756366695161,-73.767524933961
40565492,40.746243734716,-73.983496170003
40877246,40.860046893982,-73.887834283397
40400831,40.743779770655,-73.922165992824
41506875,40.760927759978,-73.984985009136
41152867,40.747877506879,-73.992807213395
41506877,40.764454143035,-73.981696060716
41571051,40.660323071795,-73.931220731506
40877242,40.718190174866,-73.94506239502
41425793,40.677799382115,-73.968889704173
41457389,40.637806733819,-74.076606401274
41516207,40.750440410333,-73.940551269329
41403525,40.761121219168,-73.923710038641
41393625,40.705970338013,-74.007203310678
41428826,40.746726362938,-73.883850203575
41546092,40.765545374155,-73.985914281741
40718665,40.772420170628,-73.952540429119
40955061,40.778257894425,-73.956575506847
41551453,40.626524818817,-74.161020728387
41495669,40.762408868099,-73.916290115506
41468049,40.758778318964,-73.978746642835
41469379,40.744359613815,-73.825843026021
41183140,40.710100339375,-73.848946197543
41428808,40.682973490235,-73.782168812588
41513180,40.73275807975,-73.986072351196
41380323,40.769554735811,-73.790035905084
41404858,40.72874362035,-74.005212525212
41061748,40.551887957205,-74.212061313145
40560734,40.625040623439,-73.962137622267
41529523,40.653718830152,-73.931061005104
41061743,40.665526223999,-73.982095723848
41450754,40.75397546363,-73.982217064859
40395152,40.765032979799,-73.984698966788
41393633,40.807939302568,-73.918913439192
41393634,40.689965822557,-73.930533519965
41518879,40.730021624843,-73.778424864487
41079027,40.741961497594,-73.919684571644
41094647,40.831359407742,-73.900065016568
40799203,40.777010269947,-73.978996547313
41183134,40.76146795807,-73.968171975852
41404865,40.670159654793,-73.92219121746
40811416,40.705262821918,-74.011580399067
41402200,40.845900266476,-73.93614150099
41551464,40.726361695834,-73.8516770645
41058103,40.750057797422,-73.939651933329
41382991,40.815950317265,-73.917216966834
40641617,40.754466467519,-73.9870621777
41014529,40.71442751132,-73.981747312435
41563410,40.691935506252,-73.90614844722
41517559,40.848490795506,-73.918094077821
40989294,40.758675707582,-73.99128109067
41047455,40.762712200001,-73.796939902793
40878590,40.759847959051,-73.982427537663
40363590,40.698189103583,-73.829937415316
40534442,40.769766799757,-73.73631788837
40387549,40.758665903624,-73.829213610132
41449789,40.744990677916,-74.002336144327
41187502,40.740428445186,-74.003978421509
41502489,40.66368253286,-73.924709347829
40960423,40.721143230961,-73.982943544323
40797452,40.73240523711,-74.003372884618
41474722,40.744690687997,-73.981054864034
41320016,40.749074563337,-73.995646259121
41450777,40.756358725107,-73.964427849833
40399534,40.726705311388,-73.78899951684
40820348,40.652552594094,-74.006160727372
41068364,40.764229976582,-73.974626702633
40990288,40.722289258227,-73.994243676582
40392927,40.57694817158,-73.964802602726
41181390,40.888097211552,-73.846898041022
41492583,40.671219771727,-73.882362288673
41531875,40.649072515958,-73.96385062486
40726247,40.743457459989,-73.919430164001
40374259,40.846371407835,-73.833011648778
40823428,40.759689310559,-73.927142780233
41563476,40.853885981897,-73.908757479772
41472976,40.717372480644,-73.960460125654
41458679,40.755780580974,-73.992091509381
40399561,40.738683347363,-73.983168748827
41268619,40.704131306417,-73.930401452478
41446690,40.635185999688,-74.023209267199
41009192,40.696826410696,-73.743461293749
41230012,40.74081984743,-73.981611835615
41310636,40.746497879773,-73.856667786667
41363184,40.707000547953,-74.012405718212
40366643,40.734127222833,-74.002851298082
41308332,40.767544563076,-73.779989908142
41308334,40.76058822632,-73.872712831119
40665610,40.757444752794,-73.969666099271
41381698,40.727918324922,-74.001773306429
40927881,40.742112228499,-73.993293351299
41006910,40.763363874669,-73.98073513311
41068336,40.713535535494,-74.008412590959
41265586,40.754597074705,-73.988087253481
40374268,40.592873519707,-73.925265400576
40856332,40.764790915368,-73.978459378154
41542520,40.754337456815,-73.988272780065
41265584,40.605848621432,-73.961694594074
41543848,40.836360719686,-73.943284379806
40996400,40.745414059666,-73.984583571231
41294917,40.523829615814,-74.234707566575
40705325,40.686097598653,-73.824975065034
41428857,40.591449100009,-73.940232320928
41457352,40.723793392723,-73.992808959677
40588296,40.760372189196,-73.981393757962
40752553,40.789109231792,-73.940529500942
41227212,40.77876960049,-73.914326221106
41309676,40.577868638105,-73.960514454632
40809137,40.64493822756,-73.91088624554
41510955,40.878281783154,-73.844404614818
41321316,40.706938433837,-73.834238430093
41322652,40.865546742699,-73.858365460134
40593646,40.726041201305,-74.001301529802
41445381,40.671891981841,-73.844048991952
40677610,40.746104768691,-73.89793446629
40853290,40.702949619279,-73.994373057109
41242004,40.744809384009,-73.903525391986
41509082,40.726714065096,-73.988954677123
41184430,40.763021074775,-73.87504438269
40685229,40.752475172098,-73.924365924509
41090234,40.727245411147,-73.98620779254
41516263,40.625620483739,-74.024138930064
41530574,40.691677158358,-73.971022081799
41403545,40.614727537195,-73.936553419167
41278894,40.754074357857,-73.822933684105
41227203,40.811917206716,-73.887466987127
41470329,40.731397338971,-74.000464441918
41384745,40.858552654317,-73.885636573297
41444075,40.780674524906,-73.801872687038
40931915,40.765329434828,-73.917907581289
41023453,40.773159552612,-73.934000125057
41482302,40.752602675892,-73.993076154043
40603518,40.764511423773,-73.977796235302
40892845,40.729707141866,-73.988600910806
41091555,40.721222940348,-74.006484682838
41530565,40.798279416764,-73.93968863097
41363151,40.683254835923,-73.917180066622
40738247,40.748043998536,-73.973587331235
40992020,40.825344515972,-73.890456487586
41530561,40.71366750024,-73.919372255432
40403946,40.816316760096,-73.899841685857
40913269,40.625789807354,-74.114785863684
41447979,40.840784060813,-73.879437672254
41466258,40.735397798001,-73.988221161848
41080095,40.777995414094,-73.955953453683
41507327,40.732978894745,-73.986284289394
41568286,40.731272833337,-74.003557886792
40691939,40.784326068573,-73.973663351376
41539719,40.87651355194,-73.82855285693
41225493,40.743779770655,-73.922165992824
41343526,40.63438650748,-73.992687555963
41001276,40.692421308533,-73.92732107697
41413717,40.68242106113,-73.962108865874
41536694,40.610135433506,-73.984182736379
41293613,40.759264431517,-73.833863603392
41320894,40.720228936438,-73.996311322258
41395403,40.755337015795,-73.843244002031
41395402,40.755337015795,-73.843244002031
40673275,40.704752943182,-74.014177634089
41331535,40.599582429005,-73.990066526387
41395407,40.755337015795,-73.843244002031
41408378,40.718263561024,-73.98557837392
41535368,40.766295107422,-73.965303990592
41536698,40.663855479184,-73.924442556333
41103064,40.744189153417,-73.981421625545
41568291,40.692743335104,-73.856229191372
40423547,40.83356223604,-73.915095068386
40878507,40.705420777393,-73.944557616182
41492552,40.79428631128,-73.972143140501
41174268,40.749522392255,-73.869716174304
41372086,40.726844115281,-73.990817532783
41153301,40.730005193501,-74.000394522148
41522057,40.747088423563,-73.888562202054
40674598,40.711495790885,-74.015894167194
41395411,40.755337015795,-73.843244002031
41294954,40.757834661895,-73.979260266935
41515769,40.671309226555,-73.77419557587
41536680,40.681378416439,-73.84721699001
40822941,40.590467046771,-73.97145838845
41395413,40.755337015795,-73.843244002031
40735151,40.763346293908,-73.989134412401
41140005,40.640715353307,-74.018461176366
41290590,40.750484557238,-73.989269136737
41395419,40.755337015795,-73.843244002031
40384421,40.758985494828,-73.987814810434
41018966,40.726429312114,-73.821814154955
40663005,40.722633046588,-74.004135997083
41142640,40.678555249774,-73.978924045821
40384441,40.632056944306,-74.027626826288
41507305,40.727449561426,-74.00255048244
40735180,40.715429521069,-73.993441991122
40423532,40.745753416444,-73.902556565832
40400890,40.745294703437,-73.905434065579
41154623,40.750670511982,-73.981886646837
41155953,40.719936207034,-73.987680351566
41266025,40.747850846857,-73.985075577551
41308304,40.855968552779,-73.928957093551
41179966,40.8308550524,-73.861854668028
41395421,40.755337015795,-73.843244002031
41073776,40.838654465327,-73.918737705892
41395422,40.755337015795,-73.843244002031
41377756,40.751605400656,-73.855535914486
41395425,40.755337015795,-73.843244002031
41395424,40.755337015795,-73.843244002031
41395427,40.755337015795,-73.843244002031
41291891,40.719820618506,-73.957830789407
40385767,40.687135395164,-73.975674735103
41395428,40.755337015795,-73.843244002031
41038585,40.837310284433,-73.942592422679
41260715,40.635553693566,-74.025768232613
40423527,40.66059115457,-73.950543288872
41499161,40.734662955949,-74.000548927499
41570575,40.751031203914,-73.984655051345
41513110,40.711048146075,-73.791910423431
40666989,40.741805344945,-73.919762857164
40403917,40.763636432009,-73.973567790022
41305288,40.687184649507,-73.944753137568
41226798,40.70803248067,-73.82702935101
41142637,40.70644796242,-73.922776227589
41199565,40.590151410269,-73.973279172672
41493867,40.686003862175,-73.994224924701
41395432,40.755337015795,-73.843244002031
41538407,40.879195922244,-73.874518957346
41332875,40.863571248233,-73.900532838706
41559324,40.875846955071,-73.849783432032
40932383,40.784703518397,-73.946835193542
41224120,40.819388293918,-73.902315261168
41302182,40.737962604545,-74.004267480396
40607044,40.727257317151,-73.979708237284
41463187,40.692528117822,-73.991240183014
40665681,40.855800555297,-73.888160182389
41373384,40.754743060033,-73.971635895535
40702276,40.725244415226,-74.002407537649
41154687,40.687131197322,-73.975717111407
41242073,40.757453585289,-73.968645536227
40676348,40.761681707901,-73.990175320936
41559375,40.825029209474,-73.890504721642
41559370,40.74648751719,-73.894343072811
41396777,40.62274911687,-74.028449654533
41327485,40.75933851872,-73.992055179934
40403999,40.817298914109,-73.952302474063
41035478,40.630825586388,-74.022011373885
40364863,40.761983912481,-73.965507943724
40794321,40.598810851522,-73.997827693581
41204525,40.693216009028,-73.970487603289
41344828,40.67557916057,-73.898690161328
40871070,40.793357585826,-73.97096086765
40990257,40.680942510503,-73.949608670983
40665690,40.805944581008,-73.96532070609
40375521,40.763232850481,-73.981613298655
41315492,40.854474210254,-73.901652986094
41481830,40.733227583571,-73.734205891534
41127083,40.752138415466,-73.975455220041
41294998,40.718372530471,-73.960193303984
41372034,40.690734660329,-73.987663593716
41460917,40.707824544707,-74.006033546602
40901230,40.821465195394,-73.898267266436
41460915,40.833693246989,-73.857009670094
41446620,40.762848517358,-73.97174983863
41424414,40.709884523177,-74.010014313121
41466217,40.726517925726,-73.989272472952
41499151,40.756442976292,-73.984042543509
40403989,40.733723859481,-73.982121270636
40850187,40.755866602116,-73.923531459332
41364406,40.773151372076,-73.79574894126
40609680,40.585700062055,-74.168540029554
40383151,40.76053591008,-73.766917343142
41267399,40.795004265748,-73.971445680151
41475197,40.581242945211,-74.098333344424
41319881,40.754533300174,-73.985288409729
41496092,40.729307622829,-73.995933416667
41455585,40.598907905098,-73.956252606655
41311904,40.763194819989,-73.968369382998
41360051,40.718533735113,-73.945118659711
41382160,40.715240653675,-73.997567185249
41518842,40.67417317296,-73.97574553824
41480535,40.753082946349,-73.865354425549
41234471,40.748281320256,-73.893826999651
41259772,40.762215106164,-73.974427537669
40401316,40.862007792377,-73.830702661358
41525147,40.792436343309,-73.970714658287
40364889,40.652969741034,-74.003590164179
40529991,40.758426038113,-73.981586261279
41432010,40.870214044441,-73.891292561004
40846905,40.757601652258,-73.860881949762
41525144,40.889362293892,-73.859525909225
40690636,40.741954947765,-73.919019666662
41094661,40.591296118809,-73.973964436204
41435999,40.63445057546,-74.023664951111
41413748,40.739701159513,-73.985056756295
40819315,40.727283669036,-74.000486357619
41260744,40.754428452662,-73.990810286533
41039861,40.725877059217,-73.791182904411
40843882,40.750437453968,-73.976867768932
40423559,40.68473054165,-73.83100496926
41326161,40.855747912139,-73.89582182596
41120478,40.749079579626,-73.984178798847
40688369,40.743636355602,-73.986576234691
41546891,40.68482410829,-73.860736893564
41464597,40.804320638721,-73.932566453161
41010943,40.74923098104,-73.982297374021
41468950,40.792359703824,-73.971516633327
41487235,40.679168544605,-73.949552358281
40391594,40.725304952693,-73.984166991255
41395490,40.755337015795,-73.843244002031
41395492,40.755337015795,-73.843244002031
40377299,40.778797895095,-73.981400114893
41395494,40.755337015795,-73.843244002031
40561162,40.766112889362,-73.983683493617
41157758,40.672493851546,-73.891414860563
41157759,40.656689724531,-73.930602053101
41475257,40.713701099269,-73.997301060863
41237403,40.702385572502,-73.812883180048
40369676,40.641724931153,-73.992762936319
40368346,40.729034758966,-74.002413417996
41468947,40.792670621301,-73.967746493893
40805500,40.665485749958,-73.989469025788
41100858,40.764500697172,-73.916428829031
41226851,40.631963650153,-73.943558977345
41562909,40.836148432127,-73.902651520301
40573131,40.770788660532,-73.953733244482
41118148,40.66394738505,-73.930113940713
41562907,40.578584367647,-73.849422554923
41292261,40.875795892265,-73.849907135475
41386543,40.834368661738,-73.944739933256
41123512,40.625850352232,-74.134703855509
41507277,40.757098540224,-73.969745245386
41395498,40.755337015795,-73.843244002031
41454324,40.750318674551,-73.998624399791
41375984,40.822496827405,-73.900529539673
41373322,40.798754037409,-73.961559775813
41352400,40.757251116569,-73.929121223071
41316784,40.704398872342,-74.009776323364
40607019,40.805999772277,-73.965453379384
41200236,40.731300598984,-73.988715741162
41292258,40.754589407977,-73.968642487358
41467627,40.702304696437,-73.98677332416
41083081,40.747412017769,-73.885494480295
41428018,40.76245904711,-73.959184723588
41221154,40.776352375787,-73.982058906527
41487256,40.734032810032,-73.980636913835
41420999,40.758060955509,-73.989098759938
41446707,40.738999176944,-74.005532033303
40605282,40.776243957621,-73.979556125807
41338114,40.880223182666,-73.907196130768
40394644,40.626428099745,-74.129606264198
41181402,40.766236801872,-73.965346622102
41511333,40.668704228061,-73.936769969243
40394650,40.640030004408,-73.987011740883
41454331,40.6481283341,-73.882165347037
41318511,40.854077245636,-73.883994177209
41273982,40.742256315155,-73.869592284644
41536630,40.717933369575,-73.998989439571
41170765,40.635246449211,-74.023184899725
41468985,40.797969374699,-73.969449137504
41029591,40.670139833328,-73.988447853586
41341734,40.717273828818,-73.999566922505
41347049,40.72298113839,-73.988986050697
41373303,40.645516550127,-73.999035487672
40368370,40.744169156534,-73.976380607783
40980927,40.769996692814,-73.834797833349
41306529,40.579107361215,-74.108308317279
40561133,40.776336362636,-73.954302268293
41537952,40.798150020919,-73.933920674914
41202879,40.760439801431,-73.9614559751
41147516,40.737601611801,-74.003941230854
40576213,40.767689446041,-73.911814660454
40395996,40.752428346182,-73.978555383014
40569917,40.722154244148,-73.983605832519
41155146,40.639200797127,-73.98428414445
41210485,40.768222358735,-73.968974701275
40403110,40.70049873841,-73.807781655721
41556263,40.733103769647,-74.006322629838
41155140,40.716440769832,-74.007914247754
40381344,40.722283235134,-73.94123292068
41385250,40.886156315992,-73.90989700009
40382679,40.764297380791,-73.968875848398
41271345,40.759474247048,-73.968185678255
41271342,40.758522563185,-73.929196848503
40965338,40.731835829036,-74.006520719106
41222450,40.756562998674,-73.968785786291
41419111,40.766764630062,-73.827474738033
40913296,40.751976645574,-73.979801788254
40400086,40.76609831055,-73.74504911627
41455608,40.679164994256,-73.973807025944
41455605,40.709518082273,-74.008523715405
41134212,40.763722749277,-73.977716095072
41455611,40.612042004414,-73.944139985157
40566887,40.746287503614,-73.896224476452
41096346,40.792464845574,-73.971439879921
41350661,40.837275277567,-73.927307025538
40969723,40.75672003433,-73.988416158469
41315411,40.616570897674,-73.930308044628
41144484,40.823883483472,-73.894790589314
41115908,40.742314891369,-73.99555549544
41497493,40.742519109849,-73.984579454974
41497492,40.759612309133,-73.832225805137
41549980,40.736453814756,-73.984963750172
41417384,40.729397665913,-73.859079032406
41547327,40.74071211642,-73.987757706403
41303452,40.731403532173,-74.005184714558
40864705,40.758092173417,-73.987953377985
41451258,40.770390887355,-73.991430496121
41408437,40.710211036907,-73.899191700495
41351965,40.832528931712,-73.913606660146
41397246,40.813543998344,-73.944901553412
41536670,40.712931060157,-73.905296401531
41430361,40.727390394192,-73.984655551933
40944433,40.854163554513,-73.907113568264
40849119,40.772253080546,-73.958687601656
40943103,40.730181674438,-73.997993642621
40943105,40.730181674438,-73.997993642621
41222437,40.757255413392,-73.99356673933
41350639,40.702365926617,-73.817322916373
41375937,40.768526308354,-73.988901679292
41428049,40.749259671884,-73.982676167819
41169754,40.763516041425,-73.981404749393
40511702,40.745232191823,-73.975634664604
41025191,40.828609677598,-73.878151070538
41335039,40.641252085919,-73.964195298782
40980970,40.765183093205,-73.818429842229
41569560,40.876760044614,-73.847022739676
40852754,40.846387507085,-73.848227405536
40692411,40.733297420607,-74.004505590418
40545938,40.75486426611,-73.984015173326
41303468,40.684129488254,-73.9774257383
41176026,40.664359557791,-73.980293134471
41177358,40.730618127899,-73.984803196485
41508542,40.744431747399,-73.985472385114
40544613,40.768938496249,-73.925904775266
41456964,40.687481170139,-73.959650535319
40838454,40.759232806831,-73.970452026364
41038490,40.872861577118,-73.878355407059
41372892,40.647009500872,-73.958199478981
40540251,40.579650110741,-74.109320084543
40871006,40.757809387143,-73.98340477319
41476553,40.681065957833,-73.955614586693
41389644,40.707295601099,-73.789525275221
40552226,40.853783724411,-73.883407012077
41468939,40.68107328903,-73.976125447824
41496144,40.718304838367,-73.99197028389
41570540,40.814914644448,-73.915056919457
40582932,40.749673534636,-73.864073292285
40983133,40.757834062873,-73.977625638741
41250454,40.775341572501,-73.955874147755
41006043,40.727618714924,-74.00240868006
41338973,40.745160655227,-73.992112067308
41435196,40.683360263256,-73.992662213752
40391517,40.784982547485,-73.955887698424
41193451,40.738463202694,-73.993679147992
41414250,40.77886712976,-73.9778174838
41414255,40.758778318964,-73.978746642835
40730396,40.760799774289,-73.984363044983
41453860,40.744652303558,-73.998869190884
41402275,40.744335701569,-74.002812023238
41541117,40.755516995099,-73.815249847195
41566418,40.659352565887,-73.950411569588
41103981,40.764662418653,-73.916485811202
41385294,40.636196957762,-73.951134758137
41432917,40.754726883649,-73.987994490189
40398150,40.763466348859,-73.771750054321
41385292,40.746284051197,-73.979599787411
41435190,40.752400098248,-73.826901570052
41503751,40.7212947749,-73.988173998618
41541114,40.634723345205,-74.135519388524
40733411,40.726491201729,-73.986029537877
40733412,40.729261939363,-73.99344122266
41375908,40.758640055255,-73.965646261039
41464512,40.758253318263,-73.985382310154
41498784,40.862880909235,-73.894216606497
41498783,40.703235135016,-73.921665011239
40369601,40.842306050731,-73.855281242292
40390209,40.727251307444,-73.988562500535
41254832,40.720103381487,-73.995999260802
41542473,40.603718957279,-74.131486087387
40400096,40.620574870058,-74.032162158793
40379897,40.758981747331,-73.985138984723
40912833,40.761160702693,-73.971930400282
40545967,40.767124324373,-73.922027781629
41566402,40.716983690788,-74.009370445168
40361757,40.662747630542,-73.909045162277
41530497,40.677009588835,-73.742945179301
41486799,40.861875459648,-73.891889210443
41372868,40.742430448325,-73.981796788476
41250480,40.810213944164,-73.928489280387
41459183,40.862480242041,-73.896582440136
41316716,40.610451934981,-74.145771029359
40720133,40.756207240249,-73.878632157249
41295351,40.751990018754,-73.988847585394
41269080,40.726832621577,-73.870603241001
41485462,40.713774307671,-73.95760480588
40391528,40.672462400507,-73.977025085407
41338985,40.763650723814,-73.830027389341
41254820,40.707675899709,-74.01168675499
41006019,40.864952211596,-73.91911566739
41263780,40.772097826975,-73.956044696244
41419933,40.682206500821,-74.000416043177
41542466,40.66638409688,-73.985408179276
41069604,40.761389285208,-73.990559425231
41233904,40.838205468378,-73.828776751499
41263773,40.717922620481,-73.736776522834
41020385,40.734190166142,-73.871739749001
41546819,40.837589116007,-73.887691918534
41406628,40.658251600893,-73.91530963448
41485455,40.732821456484,-73.99009005378
41294017,40.775845134401,-73.953136454713
41440505,40.747423143515,-73.903329365332
41056307,40.655909529458,-74.002664339641
41427544,40.669206535871,-73.931006050659
41009112,40.742909615416,-73.918503249162
41010981,40.690911502088,-73.987566421333
41188064,40.739887177388,-73.989479154639
41419984,40.772024394737,-73.979614903647
41158252,40.856199470161,-73.903214316425
40378585,40.692051729371,-73.863121600983
40999519,40.758745512221,-73.965614445905
41042574,40.770808299121,-73.982074777085
41042573,40.848604097802,-73.916232668481
41450783,40.762295422985,-73.976563776467
40392886,40.764935181175,-73.990289937138
41522883,40.705931648089,-73.831237087019
40912812,40.754552326291,-73.977613200002
41194745,40.754117552823,-73.822554693745
40602159,40.726743855637,-73.983119669637
41404013,40.7569842422,-73.974038894808
41404012,40.837493687083,-73.910406731157
41571803,40.633860566132,-73.948643546116
40669257,40.772478157162,-73.952497792488
41241532,40.751696434998,-73.984629857841
41571805,40.74071211642,-73.987757706403
41459124,40.573542692609,-74.116769560835
41358538,40.594885160456,-74.12549470518
41462768,40.638979324503,-73.948229249015
40716051,40.7747932935,-73.9540781859
41565142,40.684728972647,-73.991903813633
40523753,40.72594814561,-73.719094958013
41417339,40.744311910285,-73.983272991563
40576283,40.646311002812,-73.970901073871
40651965,40.690868503348,-73.986035594203
41431613,40.762556080108,-73.974929008178
40365280,40.84226690223,-73.939348654649
41554491,40.643145799358,-73.969994991122
41440569,40.671460750709,-73.881523411274
40383931,40.762735310289,-73.983114788345
41393715,40.761010660478,-73.990661311333
41338955,40.741334378366,-73.88043543264
41417300,40.738757503763,-73.792869621031
40988841,40.738781433342,-73.886628064537
41194762,40.767340980125,-73.95934365092
40883866,40.869815790802,-73.844492642964
40827726,40.765646881283,-73.918866615881
41481076,40.81123295055,-73.953535024726
41549903,40.743670028802,-73.921269512681
41098122,40.684651365702,-73.99870403284
41022984,40.695283031385,-73.841891795768
41046954,40.769278494672,-73.963126643702
41019340,40.886816966776,-73.857552539507
41432930,40.683059913256,-73.935143739762
41160547,40.734190166142,-73.871739749001
40585193,40.608901585454,-73.97170333654
40790869,40.675121566683,-73.974928221977
40950278,40.74564642447,-73.930613210096
41482397,40.742412618514,-73.867551504098
40722737,40.783388329799,-73.978063509574
41459143,40.714867343619,-74.009655184474
41534897,40.754938641888,-73.991549914925
40847331,40.761060245132,-73.986912097639
40937290,40.84589306409,-73.938619793094
41461457,40.842738417868,-73.94196276792
41519256,40.725009410768,-73.821077512425
40390232,40.732121295406,-73.849101569935
40391562,40.690500330922,-73.923945816398
40639406,40.761099439553,-73.930429882227
41262492,40.785439090478,-73.978881647736
41282076,40.900121463383,-73.867588637168
41360833,40.750563935779,-73.983856716147
40390235,40.76381065978,-73.958999547272
41474769,40.786861985043,-73.975702447202
41388390,40.705008849963,-73.902137142044
40361708,40.730749907612,-73.992362450491
40874915,40.860046893982,-73.887834283397
41326963,40.618709969961,-73.983486193163
41461464,40.756512367389,-73.921088960325
41562090,40.693743465555,-73.9635461219
41367471,40.708572713247,-73.803541548651
41358740,40.777342778825,-73.950324684388
41569094,40.701576483871,-73.894873454487
41426518,40.707111314213,-74.010782700452
41459443,40.750462269784,-73.818855193073
41105757,40.798442521876,-73.941345609247
41158299,40.744843274291,-73.953316947504
41288311,40.772877509653,-73.955476456768
40525625,40.588712367988,-73.948073484826
40888264,40.717926697409,-73.736762566268
41517897,40.863089867578,-73.92749561853
41423493,40.565823041689,-74.100532740852
40843357,40.631388487303,-74.027900394039
41319146,40.682249520552,-73.993581875897
40424919,40.826838950304,-73.889215528058
41530873,40.721129165269,-73.805291936595
41187602,40.77819235206,-73.978135574395
41277666,40.747232495368,-73.985351396204
41529889,40.651509776906,-73.975779852363
41493368,40.749510583134,-73.985207501925
41334764,40.558526709211,-74.147787206779
41184590,40.690024811122,-73.936530482247
40560851,40.728420947224,-73.983437434684
40974704,40.737267795725,-73.979692990769
41027711,40.69441816222,-73.985310912313
40788888,40.736681976149,-73.990731889095
41566831,40.765975322033,-73.994699139077
41218438,40.68730926605,-73.993435717389
41264324,40.762566146946,-73.993417060606
41300526,40.780099535164,-73.976742160892
41069598,40.802768753981,-73.967553109753
41218434,40.778479509891,-73.982067693571
40889582,40.607928905515,-73.961709293012
41171281,40.634527677368,-74.023178426197
41346774,40.754533300174,-73.985288409729
41541504,40.582888058314,-73.955594594142
41219760,40.707844854254,-74.01300285139
41095854,40.749648437977,-73.995401704184
41160592,40.75806768078,-73.970111862274
40400957,40.73910111718,-73.989429595073
41504558,40.635944963979,-74.009184076213
41508916,40.711426876594,-73.947185747917
41313857,40.667436408812,-73.950803679105
40386102,40.62917166505,-74.028648884213
41554815,40.76127334543,-73.769776774556
41436784,40.661652273511,-73.993008607483
41391340,40.731113193522,-73.98885255487
41265694,40.761834244901,-73.925233509979
40396395,40.736892493764,-73.997721277298
41367684,40.687865259372,-73.987402876038
41422140,40.862093011771,-73.905435162085
41563768,40.866917294144,-73.897920557243
41108812,40.761240931258,-73.99421052793
41480055,40.864321429351,-73.89174262131
41252382,40.732139643063,-74.000724366596
41494671,40.758778318964,-73.978746642835
40387428,40.653580711707,-73.949793822297
41160581,40.728113636967,-74.007269206271
41570058,40.600124596112,-73.933988540647
41297236,40.638870591394,-74.016895006421
41207778,40.766191709432,-73.913210851141
41188971,40.825379851188,-73.925981620642
41494675,40.732491424945,-73.849292168559
40835712,40.775712199138,-73.953233634973
41497700,40.730581107786,-73.983047453336
41175654,40.727437025163,-73.731354430092
41436774,40.623390672145,-74.025048939398
40592490,40.741408165686,-73.921788962212
41171296,40.731517999367,-73.994760047534
41434117,40.759327743031,-73.962265197357
41050965,40.727393970037,-74.005430086378
40868689,40.745650586631,-73.998313799591
40374131,40.756923088902,-73.967123513689
41480046,40.752951087348,-73.827078397631
41473761,40.769171417576,-73.736814980796
41353037,40.765966820318,-73.98722490761
41447497,40.707753205906,-74.0059593104
41220720,40.760498283106,-73.989447477341
41365013,40.612319722027,-74.000853535056
40783170,40.779060606796,-73.9507916151
40400935,40.736814198918,-74.001330721799
41070554,40.743991769542,-73.924035255854
41337804,40.813477214078,-73.944950348273
40739013,40.761211790637,-73.923615987171
41010065,40.758836389088,-73.965548572853
40392806,40.764363734482,-73.809827703546
41469687,40.855683358574,-73.886374466427
41117789,40.841169280089,-73.863560436295
41330373,40.826044200968,-73.878025754741
40383090,40.737333747672,-74.00814808623
41434187,40.694681150942,-73.993674062047
41379643,40.867204679947,-73.883844870848
41473703,40.737679049405,-73.99149332891
41561175,40.728287761349,-73.988991132746
41242103,40.739116748125,-74.003325736485
41001107,40.624736645871,-73.976085928976
41378305,40.743187007427,-73.981979904337
41355668,40.715500743711,-73.997713294722
40400989,40.72587387586,-73.986652634716
40563929,40.781555715923,-73.975855849869
40424955,40.694222971662,-73.850230282251
40797798,40.801251445668,-73.965027296199
41330363,40.682154607126,-73.909261863366
41405628,40.718349871857,-73.95014929373
41471991,40.696089504817,-73.909635012067
41439863,40.714022419524,-73.955566176983
41161009,40.779504884358,-73.950470252708
41389061,40.677178896199,-74.015407266869
40587085,40.699445979933,-73.919597213695
41148043,40.591483092951,-73.940238818182
41149372,40.740884725609,-73.981737278806
41379625,40.636072188158,-74.011959950088
41440843,40.755766446447,-73.994486299042
41447431,40.792989198043,-73.951970077101
41440845,40.756170001431,-73.833703509344
41548180,40.832814997356,-73.898014310219
40395071,40.775854405587,-73.910408529122
41299007,40.734210228446,-73.990970144888
41545908,40.754587505068,-73.986702316384
41304090,40.719593483735,-73.953242511398
40387477,40.812814838091,-73.907337982598
41226004,40.776595997777,-73.94966559639
41539260,40.708720172481,-74.005171419018
41539261,40.706863982675,-74.007082772419
41541583,40.753520691874,-73.998843896787
40919027,40.779841620869,-73.977103978178
41115145,40.858510266795,-73.908854098266
41376591,40.731962595887,-73.867389101153
41108853,40.599776310484,-73.94833059313
41267424,40.759060937906,-73.974399481201
41316096,40.641254659274,-74.017898669897
41561153,40.650442023846,-73.952520606051
41103169,40.656781640822,-74.001756579407
41216685,40.712382518352,-73.964426594304
41291977,40.762151009198,-73.815341580698
41255453,40.722787334372,-73.983084600483
41490270,40.762499561904,-73.984504472291
41479032,40.68579787899,-73.826683879561
41554863,40.81920689712,-73.94076385296
41539269,40.685774433033,-73.91539542792
40690910,40.867482094356,-73.83105312794
40908366,40.748788948535,-73.97597581058
41382445,40.602792823668,-73.749081882253
41142715,40.729083707768,-73.990160303225
40792083,40.604829000963,-73.998741287388
41527285,40.885615957512,-73.910073660995
40611258,40.75923161241,-73.919692106885
40891881,40.675194326918,-73.811360331197
40909690,40.575070922668,-73.985661296115
41540244,40.750480438104,-73.973612849342
41346707,40.669836757999,-73.979213801778
41438516,40.757722317232,-73.791933875842
40378534,40.688402264915,-73.849386539313
41438509,40.74934044554,-73.983988055278
41322764,40.706925826914,-74.007877287826
41104489,40.709691774204,-74.011828141173
41243466,40.765238085279,-73.832015844772
41216675,40.875038986749,-73.879387558113
41554871,40.85225945494,-73.904075028573
40907038,40.752385313457,-73.993407787062
41505828,40.801340028556,-73.965135846058
41539257,40.760832648641,-73.830478475095
41037105,40.744296688325,-73.993896640123
41443011,40.600285286006,-73.943721237865
40760487,40.78020385932,-73.953062573491
40935975,40.742255458806,-73.99318924837
40604932,40.762157252781,-73.989832794279
41051406,40.678969864941,-73.978643294002
41538756,40.760404179754,-73.829909641002
41242146,40.714470696737,-73.993776735245
41217992,40.726410773448,-73.717294791831
41355626,40.58773511587,-73.960459716602
41469637,40.656692606049,-73.913777217797
41445689,40.783506429276,-73.953112808948
40386970,40.757227637654,-73.968417076027
41550400,40.596500034192,-73.977036173416
41204684,40.598791671771,-73.988764153469
40963197,40.70796935585,-73.830978730049
41299050,40.758173065409,-73.841877975338
40393249,40.757839358803,-73.784946869495
41386827,40.778187145373,-73.98047530904
41432356,40.74619430378,-73.897092620658
41395775,40.757856160505,-73.983514859596
41393113,40.687160665605,-73.975434243814
41563713,40.743940110288,-73.995673830901
40571587,40.833757470702,-73.915784990792
41293746,40.739716878851,-73.984507993629
41482609,40.739544917212,-73.995333709949
40551996,40.885816730145,-73.910008143052
41217980,40.720913862384,-73.997684555034
40667700,40.62535083683,-74.150306198699
41329361,40.625730319213,-74.024252450717
41305392,40.70891921823,-73.818494449116
41305395,40.718304338204,-73.991808393252
41352584,40.843895655971,-73.839464391416
41508999,40.653769739424,-73.930210608752
40570254,40.635092401499,-73.950166601679
41281730,40.767003254228,-73.956666840562
40731939,40.728164450018,-73.857762526543
41115188,40.612466890504,-74.131225202823
41525452,40.833342206515,-73.914430013489
41372194,40.85800550451,-73.904201061032
40890510,40.61604154445,-73.929718927151
41001127,40.804473672912,-73.966396478681
41272812,40.715899735671,-74.004946892805
40869924,40.887265660069,-73.905202470859
41538772,40.781216087467,-73.949219937116
40999144,40.797083494145,-73.96993393608
41424721,40.747755599283,-73.860524943002
41086965,40.6630688943,-73.934596758025
41571320,40.748600846364,-73.756534808288
41386840,40.732895521942,-74.003117285425
41561999,40.637036432868,-73.912328682801
40398958,40.815777796987,-73.91976476803
41546388,40.718533300884,-73.994843903516
40397624,40.754377538818,-73.981078543106
41272807,40.656984738841,-73.952942414443
41141439,40.712603979968,-73.938236045451
41398824,40.723019708286,-73.944278406787
40385657,40.774554796563,-73.912517250483
40697593,40.722339530117,-73.949876321902
41242190,40.727045566452,-73.978311967485
40852267,40.617532032745,-73.960603497899
40584877,40.768682928843,-73.987689277925
40993898,40.709715211218,-74.011878243599
41299083,40.636813300524,-74.134309532704
41372174,40.785672454778,-73.856422435116
41569059,40.716345685027,-73.998135108158
41216623,40.704756389718,-73.901875516428
41562420,40.7592637305,-73.919760707778
40865501,40.7756372032,-73.911403864113
40482841,40.771213001689,-73.981885830937
40650078,40.597685717182,-74.084181901189
41479899,40.701653385222,-73.921936253192
41133869,40.676224527488,-73.956039416905
41246549,40.739944513314,-73.985945876676
41314296,40.732819544723,-73.954615479989
41453264,40.740893181323,-73.879625832807
40383009,40.71761617066,-73.998351224647
41489207,40.671665036812,-73.984137870901
41106252,40.746442400248,-73.903091059742
41530812,40.719150448189,-73.961438671066
41140173,40.741067388738,-74.005048543682
41205974,40.674943021236,-73.807313297647
40999193,40.767624440843,-73.959309209285
41118227,40.760503197327,-73.767109436101
40401454,40.743289025292,-73.953836542879
41001182,40.766789636108,-73.921310880048
40612524,40.716308379131,-74.007626311706
40591187,40.709915923823,-74.010083940625
41343616,40.731817816852,-74.003751167092
41173018,40.728949632696,-73.859895527078
40722176,40.865508039413,-73.830151672335
41474197,40.757683445391,-73.931951798764
41533092,40.745675026148,-73.987890223961
41457630,40.747174659207,-73.985393310538
40969326,40.654701664425,-74.004949668408
41515207,40.860046893982,-73.887834283397
41165448,40.746097403155,-73.89020851531
41272820,40.777155074818,-73.949256609065
41166779,40.741001687132,-73.990066693919
40862481,40.763286324772,-73.98637548925
40620119,40.783124655528,-73.978428902928
41377840,40.553812298214,-74.217814339157
41525492,40.856601431079,-73.900751727156
40654457,40.600421474396,-73.942471451034
41199657,40.762073484205,-73.974704114337
41489230,40.75356495419,-73.974416929731
41175689,40.772430589883,-73.955629381451
40395020,40.763224329361,-73.87623762541
41259890,40.720002621642,-73.98831156877
41318674,40.705908876211,-73.831156663322
41279460,40.781417146457,-73.958199120833
41498159,40.615050659557,-73.994208959216
41469619,40.70357528052,-74.010871365059
40547031,40.649762174071,-74.009247992585
40960987,40.740325161453,-73.998478011661
41306692,40.759311552928,-73.951946791998
41305361,40.743331573823,-73.918458059492
41365846,40.714054342724,-73.996400264562
40388730,40.788029165295,-73.97113522555
40956001,40.74475025342,-73.981861958332
41329310,40.742146529866,-73.928464119273
40383040,40.72222339987,-73.997092329698
41545094,40.719194606806,-73.990845566806
41360156,40.639756617337,-73.920326293976
41384226,40.769097673644,-73.952194172718
40839260,40.575070922668,-73.985661296115
41153445,40.604571151974,-74.12116512464
41393176,40.635235775626,-73.962788588155
40758112,40.838649667033,-73.941439683964
41536142,40.749543327997,-73.892897356849
41238965,40.730370310707,-73.954201343803
41478576,40.821309963126,-73.954279203028
40980566,40.719794543098,-73.809738396629
41233277,40.807501459582,-73.958765037174
41257226,40.760304859324,-73.827420250716
41420398,40.745690923941,-73.984554439929
41106262,40.691027918141,-73.996021632874
41537477,40.688111166053,-73.954779251111
41561924,40.760192944507,-73.830360941243
40634744,40.763704082305,-73.967020859325
41157881,40.878907162482,-73.904891835244
41453335,40.815050386479,-73.90002255904
41479967,40.622903239087,-74.029021133841
41359153,40.776538240922,-73.952807692686
40894025,40.726085027498,-73.821646869498
40759535,40.760327180679,-73.98020177975
40565641,40.691247154642,-73.991698860646
41397544,40.691394084424,-73.866314413732
41548948,40.707539615697,-74.007603264828
41100993,40.75185394106,-74.006112580682
41224318,40.712881820495,-73.90676697019
41467976,40.701008388496,-73.942510705351
40882044,40.707097505393,-73.954255449906
40722258,40.769470206727,-73.982185686393
41124964,40.704085321264,-74.012181313758
41246487,40.670905313355,-73.941979488316
40634730,40.731641270676,-73.988298903559
41214993,40.721602344573,-73.942163201052
41479962,40.806782591443,-73.953730824738
41197094,40.728946737208,-73.988639291741
41427045,40.810787667003,-73.95248822767
41514714,40.750845158,-73.984213221829
41499599,40.820494585061,-73.887989583343
41556592,40.760460909765,-73.958327427564
41176174,40.761130508933,-73.990747023111
41427043,40.700930941276,-73.892171426897
41226969,40.775795110114,-73.95497897933
41079705,40.837427978353,-73.846013214817
40597250,40.656048245538,-73.92349240223
41088636,40.712616800127,-73.962410556308
41445737,40.599113832989,-73.95332026816
41226964,40.763080630741,-73.959533786274
41088630,40.712679450088,-73.9567749783
41547646,40.699745089735,-73.909945991042
40665141,40.731667593624,-74.003338072395
40929352,40.725301334862,-73.99226204938
41419407,40.596692529097,-73.976343330929
41523675,40.683201962861,-73.979198453338
40873102,40.750882656359,-73.980776789646
40955648,40.763972787459,-73.978618424004
41260791,40.757190304373,-73.869311252943
41428366,40.822459970089,-73.949548248959
40395860,40.743579002558,-73.983807311581
41075312,40.725977454061,-73.876942623659
40941002,40.70024329604,-73.789035449943
41536997,40.717279234519,-73.962744605867
41427038,40.715804880701,-74.008509691405
41535665,40.690379264505,-73.991956150668
41557895,40.741053476079,-73.994062234406
40400129,40.837109099527,-73.939015440816
40829831,40.775412830585,-73.947587913724
40746229,40.571144844123,-74.110888643762
41535648,40.759356001469,-73.970362598758
41536979,40.768626904175,-73.909904111309
41305322,40.756210485074,-73.833717643047
40634713,40.731609810129,-73.999212533461
41523686,40.713817884221,-73.77874600072
41569888,40.72961951804,-74.000719835013
40541662,40.752266173133,-73.983750356113
41427023,40.723686876316,-73.848583039002
41453377,40.722232733166,-73.904424733818
40977888,40.722880485325,-73.950354531243
40944982,40.821104116696,-73.954428815157
41469708,40.749217366128,-73.976827556681
40907998,40.717606819145,-73.835538179399
41421789,40.728128155828,-73.983053518703
41523693,40.716076607035,-74.007122894208
41548992,40.701278689433,-73.942709042168
41388636,40.8372020058,-73.942498964832
41303553,40.651238759663,-73.918128477857
41328851,40.567071758419,-74.113091311599
41454627,40.693368958788,-73.853123171969
40398904,40.597574655636,-73.96835666034
41546338,40.76921298531,-73.736599958966
41359110,40.731587252527,-74.001510292676
41454625,40.74743551009,-73.986319319466
41374745,40.677064587822,-73.986412590577
40390194,40.737059780117,-73.984522470595
41444418,40.682822693879,-73.875316608984
41555297,40.523622837466,-74.23473091007
41533022,40.742095565542,-73.881299687162
41389979,40.808081926198,-73.945171621129
41419478,40.733972583237,-73.825181607815
41340507,40.7259463892,-73.791367446983
41304892,40.651556964204,-74.00370412343
40789374,40.738940178124,-73.989906467042
41359128,40.820220474395,-73.912918669949
41029411,40.751369861603,-73.987729093914
41269148,40.712768819596,-73.95702233699
41337793,40.746708299211,-73.99737328218
40695821,40.789075752763,-73.970196307144
40701331,40.783717400312,-73.950494479173
41483185,40.685210550441,-73.929433864881
41214949,40.808026473844,-73.96380011768
41483182,40.745272520432,-73.903609773127
41368066,40.714336770749,-74.009878536394
41453310,40.753823944967,-73.949607156327
41159602,40.74160180249,-73.981214904679
41368067,40.811573316527,-73.928034800979
41370373,40.718307398882,-73.95712008715
41514752,40.727490479948,-74.00090673567
41535670,40.733181245879,-73.993517639391
40386927,40.764873334547,-73.988019223839
40645573,40.73162094106,-74.001769537822
41526728,40.735577034669,-73.998224300534
40711561,40.817924802647,-73.941872974665
41294116,40.836248496852,-73.902575928823
41248230,40.769859376447,-73.957679651763
40362098,40.786506168235,-73.975962300721
41109381,40.823338771358,-73.937923213775
41478616,40.795966579715,-73.969059225574
40400172,40.765606908871,-73.983598573043
41306605,40.811075015373,-73.927394957572
41561941,40.719209533938,-73.985089620512
41371696,40.788811007627,-73.974280026654
41453320,40.683200366524,-73.992770260926
40385606,40.757666617978,-73.976918712782
40848143,40.727272096156,-73.893008591938
41487560,40.787692749749,-73.944500601016
41567260,40.637494678643,-74.006896069281
41319906,40.728811004587,-74.000330433555
41063300,40.763956596101,-73.72665133021
41341818,40.733059049368,-73.986783821731
41561959,40.600375348378,-73.991381580941
41269160,40.73663933085,-73.80273589136
40928079,40.681976841913,-73.976777281302
40374968,40.714786614953,-74.009475600398
40398913,40.735127069867,-73.985757701295
40597224,40.679743856504,-73.777146993124
41535693,40.840637702005,-73.920480540857
41370355,40.741872648655,-74.000893901852
40850448,40.822118131847,-73.891810210529
41344091,40.729767510336,-74.004054776353
40925807,40.729070262473,-73.860222387755
40698087,40.540569729989,-74.147562130381
41291067,40.789487443732,-73.973786620792
41368043,40.635183250594,-74.023368285165
41502796,40.732944274661,-73.99813774023
41505824,40.675380027481,-73.813427625997
41471168,40.721829845059,-73.996395045749
40657588,40.749864478573,-73.981515520434
40399359,40.760339711416,-73.96152887685
41380719,40.796395228453,-73.947383868187
41451560,40.750492082707,-73.818886120838
40543458,40.866258455016,-73.925397958899
40790329,40.711377538436,-73.85632494775
41561097,40.704664704975,-74.011634916093
41185948,40.840405781186,-73.919945390618
41299838,40.788842105652,-73.974257384292
41145020,40.731867064169,-73.989749962897
41519552,40.739446696369,-73.921146828907
41167273,40.750513952138,-73.862113964268
41312472,40.839323814547,-73.940948365685
41285206,40.635390927027,-74.181568813524
41114743,40.872714809286,-73.889585976512
41098050,40.729103814375,-74.003437582252
41452898,40.753145373697,-73.972800422588
40398024,40.758701133961,-73.974892640772
41344075,40.764150481948,-73.994569694296
41263878,40.577871994145,-73.960498357632
41431938,40.713807464213,-73.993878473185
41271498,40.662488975462,-73.898201138517
41147671,40.717895749046,-73.992179462131
40511852,40.793813157189,-73.942949701083
41440886,40.710987808657,-73.996595453457
41557808,40.7297564759,-73.999531957382
40371807,40.767312276847,-73.736712892053
40386069,40.761840567842,-73.925247045424
41056200,40.715326345084,-73.901275708639
41492088,40.61301531946,-73.973716977777
40800121,40.546400861789,-74.229273779683
40965841,40.795401007379,-73.971157993396
41229154,40.869593925848,-73.916381165375
41287836,40.684620453584,-73.860826384388
41545864,40.708355573997,-74.012485574537
40377111,40.808938520594,-73.959425887149
40386062,40.879791373463,-73.842025729125
41455936,40.779314423719,-73.981032156655
41401282,40.712569616144,-73.957867734924
40538089,40.756269002144,-73.979433097632
41566758,40.671551653299,-73.933327271565
41524912,40.575853921618,-73.991254575551
41386047,40.675296958379,-74.001669875186
41487528,40.69411176095,-73.96071524967
40756403,40.766918154307,-73.886658240611
41242968,40.66619133369,-73.882979941484
41386041,40.693295692122,-73.972589398948
41294123,40.814378836431,-73.919114706657
41236296,40.727443199626,-73.731373643929
41429613,40.850492756442,-73.937039307428
41332088,40.630652904561,-74.104543999748
41013968,40.517462744408,-74.234350206257
41437226,40.73945875956,-73.990281693577
41173996,40.707842423559,-73.786559064248
41454611,40.735909209805,-73.989425015911
41080745,40.741290147627,-73.991202711842
41349744,40.618593241734,-73.932356713858
41474212,40.605136379452,-73.999009261656
41561083,40.620229478146,-73.989161304945
40843285,40.747575002699,-73.986338579117
40646006,40.745492454312,-73.903354190535
41058847,40.712997171781,-73.827967884008
40592406,40.660130256402,-73.774110634955
40535823,40.828573714958,-73.880044203484
40389115,40.763176685802,-73.92778617846
41333361,40.61267365325,-74.127313857417
40720423,40.760041683105,-73.976190461917
41520588,40.772594130229,-73.952412519227
40870894,40.709994328578,-74.008962705206
41232708,40.904310784321,-73.849868037513
41408734,40.677911433702,-73.985637667207
41325743,40.58125504802,-74.112104460331
41366292,40.839808505197,-73.916432084264
41291914,40.733621977678,-73.954899852927
41325741,40.779400814513,-73.955740805033
41552183,40.710876957818,-73.996563296436
40939572,40.760553077772,-73.987670009801
41053105,40.661429466067,-73.993432553212
41428346,40.746172721139,-73.97770927732
40558516,40.879201276239,-73.904505572986
40538908,40.73823898275,-73.987697045211
41232711,40.802591975737,-73.936713533613
41484430,40.747130001248,-73.985598935866
40873930,40.764079222255,-73.980998380797
41391410,40.690067783178,-73.825782032257
40931625,40.752872737255,-73.989345810235
41321378,40.745135837216,-73.978636727158
40361606,40.658065470235,-73.982583077024
41369316,40.777963784892,-73.954696163289
41427008,40.710920825793,-73.964938387233
41350708,40.759550844627,-73.972164246824
41539199,40.75708130821,-73.829035358209
41350705,40.765084239265,-73.982028411893
40370519,40.770387083934,-73.793074080615
40659341,40.764951196268,-73.812681931702
40659340,40.74750601213,-73.986485561836
40905384,40.725953046388,-73.994545143892
41332059,40.892276059772,-73.857915667321
41557848,40.625689664755,-74.143117960885
41415004,40.719155607724,-73.945388742991
40591981,40.751915721709,-73.990901133758
41104530,40.778316899802,-73.952943456204
41324432,40.664215553803,-73.997691343574
41146372,40.75395587958,-73.97734520671
40369535,40.689440007129,-73.981054826708
41502729,40.770282858994,-73.793271229729
41417674,40.742178216298,-73.982715042372
40640732,40.687751719649,-73.993223347328
41278931,40.599063264868,-73.952647578784
41229106,40.732918828099,-73.98614235796
40377164,40.579850267469,-73.837304629285
41450212,40.750710112011,-73.875705353307
41104517,40.75208327719,-73.98991921206
41471136,40.587234313216,-74.103848890254
41545892,40.702569007586,-73.925086132271
41345343,40.815418341249,-73.958148472876
40972155,40.717999376919,-73.95959547815
41508020,40.752534938698,-73.986618028346
40765318,40.723570714702,-73.99843675784
40383836,40.758715709967,-73.82964247439
41180240,40.772999230352,-73.845651444225
41556530,40.710993840649,-73.945439999248
40587026,40.776701629041,-73.952515106049
41389126,40.747282847981,-73.997128581385
41531252,40.729115691477,-73.984116656856
41174419,40.763080919117,-73.976495184551
41508817,40.599227216215,-73.953342126475
41358862,40.712073619361,-73.789324274318
41548033,40.78986249122,-73.946007998318
41209603,40.83507467577,-73.862999116225
41105879,40.739335449346,-73.986251193799
40800986,40.862472710749,-73.896550026957
40396246,40.758575333445,-73.983280146681
41081103,40.701238702799,-73.942883612339
41175745,40.757181310505,-73.90785406709
41410057,40.70745710882,-73.803910631543
41460308,40.702377990381,-73.811800854245
41517779,40.749513421954,-73.885987354712
40923236,40.835566238019,-73.940147486058
41461638,40.757698417222,-73.865494024369
41068133,40.6603421251,-73.921422468607
41068134,40.751806970804,-73.854866208305
41094419,40.701819562412,-73.919428810762
41485604,40.733958727909,-73.998722783772
40363333,40.694786863593,-73.902543918155
40662783,40.765126476661,-73.982981943489
41232877,40.764941380785,-73.812631822699
41296066,40.768288789735,-73.984646915926
41169053,40.742627941035,-73.986615557701
41434018,40.753041546256,-73.966957767317
41289775,40.800803512151,-73.965354648409
41566710,40.740585482398,-74.001829368475
41104540,40.757749957171,-73.990860882934
41486929,40.695987111594,-73.742635348622
40710955,40.682050289913,-73.993718161049
41344235,40.65245440674,-73.926461388375
41069478,40.742389860511,-73.872220090311
41028918,40.753558901024,-73.980917472675
40973500,40.856575519494,-73.900767285962
41277792,40.833974651454,-73.878176055903
41447357,40.844016575727,-73.935872657129
40602482,40.772571065465,-73.958453692004
40513757,40.742444594912,-73.980427303139
40869873,40.839855797741,-73.91786759115
41231555,40.794201374957,-73.94476312395
41571272,40.686692704136,-73.990214614389
41341171,40.757451505486,-73.829184298594
41028925,40.759645949509,-73.984899026203
41392558,40.679338232446,-73.885549700177
41571269,40.761114690527,-73.909215955768
40367715,40.762268311169,-73.976499364568
41571287,40.660766497048,-73.924872993176
41504429,40.723163403941,-73.912499625169
41036561,40.659110994403,-73.960461847741
41332244,40.596686773644,-73.976394844358
41530756,40.743182599008,-73.980061775848
40941909,40.741234337317,-74.005021992323
41374089,40.667058025562,-73.931023503074
41474967,40.699249049266,-73.939432406693
41473636,40.726500911637,-73.991833467846
40396267,40.756218558755,-73.928824334961
41104568,40.703520898654,-73.799906671067
41116537,40.866632320837,-73.924002481776
41530760,40.87871116626,-73.87274403289
40626416,40.713491120518,-73.944138523233
41148105,40.760576850406,-73.96636645822
41486944,40.702521452578,-73.874379633057
41571277,40.727908068144,-73.988089742636
41341181,40.723961498216,-73.990231444602
40660138,40.719480889344,-74.00874288247
40961506,40.799662986705,-73.940188820388
41125485,40.637124772513,-73.930849762482
40878775,40.698810308179,-73.833984709703
40939615,40.755165079145,-73.973246769494
41501387,40.709116583411,-74.013959966409
41172677,40.58394412759,-74.168766534898
40374015,40.733178969827,-73.884139280011
41529795,40.740161605694,-73.982476391539
41320205,40.615032538056,-73.99441737834
41489173,40.717435313525,-73.991684509296
40376687,40.728053257024,-74.002044525934
41521827,40.717281006013,-73.997389823375
41004976,40.689612804397,-74.020109141181
41392573,40.68719900043,-73.956957828788
41320212,40.845089231456,-73.866479077847
41548070,40.764679671184,-73.885842470323
41365120,40.679991044721,-73.941128206823
41427775,40.873103020608,-73.878769962217
41276498,40.560633748485,-74.134946817648
41226135,40.75936762814,-73.919694886933
41468246,40.834286364021,-73.914644306862
41228799,40.636266770233,-74.025905198228
41242241,40.755407798281,-73.991206813065
41378421,40.680072947894,-73.871088058204
41540102,40.795180031611,-73.935922006973
41413135,40.727266700415,-73.988372940723
41477189,40.763611153635,-73.915132055871
41541426,40.657617965441,-73.767470203812
41301933,40.713844438733,-73.993453087977
41104587,40.750612751606,-73.987864900297
41242234,40.731133065266,-73.993540891917
41342498,40.741898169999,-73.874518831789
41070415,40.781116383263,-73.976177312568
41549391,40.763891521162,-73.99227838182
41519523,40.579081221411,-73.984420507589
40535128,40.77802479297,-73.954366537874
40644922,40.791299580105,-73.97246335743
40387339,40.783319887203,-73.974569548145
40602442,40.729418867667,-74.003616118344
41116590,40.718518826029,-73.987205200948
40652550,40.727358623721,-73.984891521433
41474931,40.749631123,-73.991704312977
41296070,40.778773337379,-73.945132104756
41067699,40.750611334399,-73.819009831899
41080675,40.718932871539,-73.956641397917
41242254,40.741106373782,-73.981575886382
41150462,40.650079414511,-73.891092072419
41495839,40.79010412873,-73.973335821719
41528486,40.739590025528,-73.999014957519
41563696,40.828241064667,-73.850103831126
40788706,40.672684077364,-73.770558689315
41439729,40.612072241451,-73.983365872634
41482555,40.74319385027,-73.874701145205
41561032,40.819702415122,-73.913483701104
40375371,40.756707862352,-73.914039329585
41300619,40.7422843469,-73.866944052166
41448655,40.787630536803,-73.81285194252
41141500,40.680752933271,-73.953620619216
40515523,40.736608481004,-73.990783376698
40941945,40.773468885654,-73.981592483702
41299113,40.731041496455,-73.985806259161
41447329,40.673523101843,-73.791358606762
41251199,40.705171358543,-73.906281825855
41415776,40.63531772148,-74.135314563854
40399334,40.715579477513,-74.009311613307
41406820,40.865452659594,-73.869053077906
41375367,40.63501492355,-73.913928243884
40948589,40.706025555569,-74.008707644047
41108966,40.712642181247,-73.879605575405
41161181,40.746039718175,-73.944925084255
41471845,40.759106450222,-73.887780615703
40585407,40.754007109719,-73.997630370681
41444224,40.740283488431,-74.005761278998
40541829,40.755431188901,-73.991261688109
40585403,40.741899551991,-74.004767857914
41450903,40.760029304942,-73.82852945862
41266242,40.765080998336,-73.813713199597
41343767,40.722938812286,-73.985887766243
40928088,40.651127017468,-73.941649498446
41391288,40.82689124918,-73.905255186953
41437934,40.758050874797,-73.979276226125
40684161,40.68962559892,-73.971775712079
41495817,40.898036505061,-73.85339438235
40560108,40.612735355949,-74.0338221784
41561891,40.735197520931,-74.006135345551
41164208,40.724812610702,-73.981316015732
41292528,40.805634308152,-73.940247308181
40676541,40.760930601824,-73.96898024179
41108999,40.720494725962,-73.989522188749
41363384,40.819413652835,-73.928198149939
41355748,40.63368903808,-74.096872327441
41139263,40.759688253029,-73.985931802463
41471834,40.742531548026,-73.854044396488
41228752,40.781023568575,-73.917524006182
41059241,40.675400669134,-73.871526358898
41506226,40.593234370547,-74.162635663464
41328123,40.76248194612,-73.813787359348
41035292,40.752334291861,-73.991897663418
41178868,40.730867130701,-73.993220528127
40527514,40.727813434013,-73.950338307594
40703796,40.670527036467,-73.981950614276
41242285,40.684485768513,-73.944215951956
41001024,40.587478109633,-73.812364408539
41560572,40.721091378024,-73.989217388701
41003679,40.684652304318,-74.002964292325
41517701,40.889928224444,-73.898247785196
40978358,40.703690021018,-73.825236229039
41421580,40.599778090358,-73.94831474142
40941055,40.815581655277,-73.943411311238
40718835,40.755498342557,-73.981484231188
41453192,40.761114832659,-73.969730085274
41077927,40.763666197121,-73.967869800227
41549301,40.775964389001,-73.824368653372
41425923,40.756554071778,-73.767602750867
41450924,40.741994059828,-74.000805650179
41288491,40.651331694497,-73.937808806324
40597410,40.694988531973,-73.994790052311
41178874,40.755954112781,-73.978994532888
41309877,40.586626554613,-73.928986136276
41482514,40.68356225532,-73.966975646487
41355729,40.681357071857,-74.004389345792
40398852,40.85422278348,-73.888813341641
41396994,40.771431649587,-73.907691020223
41334829,40.848466116688,-73.85530047012
41483841,40.78306623042,-73.827805463715
41272934,40.88939028163,-73.831199050462
40571696,40.701598383212,-73.807989403611
40377908,40.708984613081,-73.906579030586
41170917,40.776597192451,-73.950670246297
41331796,40.809049982317,-73.948356094605
41449940,40.749683706129,-73.991665811753
41279544,40.710467069162,-73.958940029836
41448615,40.672206545934,-73.976966547721
41279543,40.75916642648,-73.962383034841
41500904,40.576742582567,-73.981640144528
40401513,40.579840965687,-73.973384767016
41328141,40.595405569669,-74.0630543271
41419257,40.691130764015,-73.925064721449
41503179,40.712007812832,-73.786712337832
40958741,40.745565369337,-73.904162403794
40550770,40.586546026632,-73.952281191745
40559104,40.737809936358,-73.988188321303
41307228,40.718584686335,-73.957016630464
41561878,40.532053263725,-74.191738434359
40761680,40.765286165379,-73.987546212251
41367704,40.851673475251,-73.932097899758
41377990,40.704921566366,-73.911382854057
41456248,40.679186100739,-73.777993724438
41434866,40.765651625217,-73.978409138783
41445591,40.755467770528,-73.815506357812
41354402,40.636612050541,-73.740572911643
41148187,40.686741282588,-73.794327471947
41260944,40.70349747305,-73.90872775914
40401504,40.74324814279,-73.984048442247
41503169,40.61822299721,-74.030300934665
41056183,40.7478057759,-73.865508002576
41085501,40.665422168101,-73.754568824831
41386737,40.754254727249,-73.984626291039
41529712,40.749881606271,-73.983840023657
41471806,40.632786506449,-74.027329197143
41056188,40.76372659505,-73.988684716086
41386733,40.750627488142,-73.939339867453
41173123,40.584589979564,-74.094119570763
41491418,40.729480580142,-73.983850116048
41305454,40.624773156635,-74.078862907945
41338373,40.879597723883,-73.904398281605
41504498,40.687059784859,-73.835961052535
41027620,40.805477194837,-73.953671496238
41462091,40.664319876512,-73.990288628625
41313080,40.67381346436,-74.011871529503
41436639,40.735955183084,-74.000821738274
41068173,40.743242337061,-73.977010776956
41558287,40.692153939755,-73.986701690842
40393181,40.643994162257,-73.97644384401
41313083,40.68547283535,-73.991230268621
41244007,40.673316736816,-73.790374548801
41094459,40.732075872439,-73.849240495689
41400699,40.76407974405,-73.8317038998
41423331,40.770482762897,-73.892597334162
41355701,40.755747292879,-73.970729787287
41317448,40.640216313374,-73.955447699611
40654318,40.742336554149,-73.991614181713
40923200,40.679653238326,-73.821023935386
41562311,40.684379966904,-73.859579965147
41133994,40.70472149985,-73.799065040636
41436627,40.768852499102,-73.955145806426
41415704,40.653075857086,-73.949891290477
41316100,40.7310504645,-73.993344754364
41254297,40.7323028807,-74.001885769546
41318765,40.677554929353,-73.968978139275
41539991,40.757417716897,-73.968559433437
41140289,40.862757199037,-73.908373957127
41073527,40.746829058058,-73.996055818611
41571258,40.777178876879,-73.955988403195
40812946,40.749078948693,-73.972663265328
41571230,40.659679175854,-73.773603809191
40385575,40.775605223032,-73.95348479878
41528402,40.699153745859,-73.915577920815
41225678,40.684652953907,-73.844862212742
41471829,40.640159207974,-73.966926894093
40573444,40.759847959051,-73.982427537663
41212358,40.840916418566,-73.863287524241
40747363,40.74919889113,-73.983918678526
41343704,40.751109709261,-73.863406330345
40653005,40.589342352561,-73.974146996187
41503142,40.755664401297,-73.9419449965
40396230,40.751352532035,-73.856390102641
41372269,40.709646118937,-73.954841162073
41479797,40.748030372682,-73.992868677673
41236410,40.608631354712,-73.957235041269
41047251,40.713585421452,-73.75586652689
41457520,40.636535351333,-74.008378384323
41318794,40.715481028259,-73.998243103847
41516427,40.598441407607,-73.941582720613
41409000,40.815783592166,-73.864441241562
41425977,40.56552574055,-74.114642530102
41571228,40.767623654649,-73.91840064435
41118367,40.74334174711,-73.953974639567
41549334,40.590871220004,-73.940121867616
41015667,40.714176639418,-73.997687429848
40396215,40.570070803832,-74.108763955608
40515590,40.762486388636,-73.80456576144
41308519,40.746169558778,-73.91407351983
41328107,40.616534697973,-74.068024469146
41398751,40.650600301732,-73.95286570731
41372258,40.634481034888,-74.023494298626
41397413,40.832652241702,-73.868325779416
41091396,40.82550495292,-73.943772005054
41132647,40.752423000009,-73.984431862253
41199771,40.784775740264,-73.84570812453
41237754,40.710992492515,-74.007943070649
40715788,40.752931830756,-73.910095946357
40925883,40.7267001481,-73.97700715095
40793323,40.7637123757,-73.9621666986
40378383,40.597096897873,-73.972694130962
40703843,40.755191877974,-73.986512129475
41478517,40.784124850423,-73.973809287484
40392685,40.728618864461,-73.99481136204
41475489,40.645992063673,-74.016654685717
41569773,40.720352307567,-73.988133828507
40400270,40.760136754673,-73.971129571895
41117064,40.701329770818,-73.911034476317
41189590,40.770612266285,-73.957130398752
41454545,40.792815574477,-73.951547190698
41567116,40.694047041025,-73.850904255036
41238970,40.598251607157,-73.961256147465
41236310,40.858186234433,-73.902366789712
41434935,40.727924118944,-73.985157230257
41512888,40.74574471033,-73.987744346163
41257259,40.6634761958,-73.776956173166
41326351,40.765084239265,-73.982028411893
40937072,40.75819236097,-73.989003238717
40942438,40.768174642604,-73.984376049237
41531166,40.812422567074,-73.904862498248
40937073,40.708720172481,-74.005171419018
41302391,40.769227442825,-73.913662501915
41491501,40.751822215007,-73.974706709601
40687266,40.869438547537,-73.829629738541
41486135,40.689535229006,-73.969369707234
41117050,40.742738861168,-73.980212798468
41478505,40.676675295112,-73.980198671294
40370425,40.701090739308,-73.922489824009
40357437,40.612066872624,-73.997224776236
40783989,40.704699230133,-74.009549440897
41544464,40.695246196468,-73.84328487823
41108105,40.763421807618,-73.979237370755
40951377,40.75044947408,-73.977833358719
41365950,40.828432953672,-73.90704997643
40975363,40.733296194715,-73.794640912381
41480825,40.686215103885,-73.824056143941
41442546,40.625148267818,-73.961146247602
41467866,40.784382379304,-73.97751100051
41129069,40.777239061292,-73.909243357548
41500874,40.745153693125,-73.972425691035
40400251,40.612901925424,-73.939613117916
41022701,40.708765663044,-74.009540739754
40391375,40.854368761989,-73.843489677554
41005330,40.715708833464,-73.998528634247
41523554,40.710438302954,-73.793846182508
40390046,40.772838854713,-73.95371655348
41129035,40.837252764836,-73.834343432358
41157974,40.65162501751,-73.934163494058
41454575,40.57806354252,-73.959580501105
41480852,40.824497962787,-73.90983553675
40875639,40.75107225531,-73.872026951138
41017362,40.734190166142,-73.871739749001
40564411,40.779686750401,-73.959581198644
40838669,40.702140122892,-73.816780863187
41017367,40.743591696669,-73.958301248035
41434918,40.710390242683,-73.850776625053
41445620,40.744075684875,-73.979412075305
41384143,40.753394467451,-73.934494531829
41536872,40.721129165269,-73.805291936595
41445625,40.734074486663,-73.95482151058
41486152,40.724509354353,-73.820501022368
41416264,40.754092271993,-73.993813892635
40826684,40.757878585484,-73.979676780784
41249655,40.71269670731,-73.87906517346
41250623,40.740978974201,-73.985700648561
41361564,40.760046598437,-73.832625972094
41193629,40.68293387197,-73.992950339549
40371771,40.612501075239,-74.132236972404
40929481,40.6408164568,-73.965167315142
41374876,40.642208247057,-73.980998417344
41514611,40.745798714639,-73.915243629047
40997599,40.753320795484,-73.989017342011
41495091,40.699394125213,-73.923966338603
41547507,40.763629194332,-73.975387360806
41477202,40.736401363683,-73.994403305192
41169949,40.788240246314,-73.970981263889
40942444,40.767543497497,-73.984678929225
40800072,40.761803064962,-73.960290953589
41384154,40.740646638103,-74.007778572284
40382421,40.653553734063,-74.005308970629
41570741,40.652365828716,-73.959124575007
41056943,40.803688895339,-73.965717187931
41165588,40.733971763313,-73.988945307582
41085466,40.772630224718,-73.949446061446
41388519,40.749997960117,-73.986057913892
41548870,40.765819852569,-73.983616690423
41336596,40.744520442789,-73.981006230517
41089821,40.590261604788,-74.066612880372
40850369,40.655171230791,-73.887989206096
41455838,40.650874492495,-73.949365122231
41302341,40.823674255038,-73.952546764847
40745681,40.746313648027,-73.952980770032
40756344,40.718443202951,-74.00892915373
41154053,40.700901236467,-73.913424187236
41235027,40.819352223424,-73.927018452419
41222699,40.658106838548,-73.931138554799
40803130,40.739000776752,-73.989502639432
41559533,40.667954206497,-73.95075487068
41384164,40.742357310607,-73.721823649755
41495061,40.767584811095,-73.918318633174
40690019,40.731966795518,-73.991478413474
41422986,40.753641414771,-73.993071010893
40395748,40.754360143765,-73.967142292096
41221362,40.879732893336,-73.875542458054
41400739,40.899873147755,-73.86754193857
41063201,40.723116551651,-73.993913932519
41004050,40.698880012629,-73.941145205035
41547536,40.720814568037,-73.846396577732
40424273,40.884355870347,-73.862456996508
41547535,40.615356901386,-73.918453960553
41190538,40.705231757863,-73.942934327303
41568497,40.831276441933,-73.850809748457
41257282,40.583603866265,-73.949545033282
41514633,40.633934991161,-73.902514078109
41559541,40.678306236264,-73.754659196527
40585345,40.762621720591,-73.97539848891
41387200,40.655801454452,-73.94284490102
41314323,40.692739991838,-73.856284891943
41536886,40.591915269112,-73.96077991833
40609872,40.717413392285,-73.956128850639
41338317,40.672203162463,-74.01110767846
41446900,40.572804002829,-74.169811800195
41462152,40.740661871291,-73.989443128139
41523593,40.723935969563,-73.978878597826
41523592,40.707714331745,-73.869338386694
41020964,40.633396829732,-74.027078941272
41547568,40.655736752098,-73.839077044865
41381900,40.714312372292,-73.944427481241
41476799,40.753089960258,-73.821734567495
40394449,40.770730657943,-73.957043799771
40540478,40.764542031815,-73.988088246711
41306725,40.706893890121,-73.903186152342
41546236,40.755335637146,-73.886935789314
40715808,40.713587372607,-73.900943980269
40709138,40.762212212843,-73.986074149599
40895206,40.791742977165,-73.944635501682
40369495,40.776237974635,-73.982063750529
41113515,40.701717701182,-73.923337836998
41326332,40.711075942577,-73.949253889916
41350870,40.710962971406,-73.770597952379
41389872,40.61277988172,-74.127413685207
41462146,40.742841828269,-73.854048523569
40382455,40.732077310518,-74.002168163259
41291190,40.847311109002,-73.832019196286
41462160,40.606163170311,-73.965345010858
41250661,40.797419699733,-73.948920550175
41390867,40.744920414764,-73.997443815611
41480809,40.677567822697,-73.744536272682
41462164,40.670694889827,-73.950498686585
41327655,40.74488271016,-73.934369418542
40625080,40.632495518441,-73.948283943801
41305404,40.653086612736,-74.005793868719
41053879,40.75737767211,-73.984306400158
41353916,40.844541721275,-73.937135512958
41210694,40.762408554289,-73.911694839315
41009719,40.746270982327,-73.91593637787
41384195,40.851274426996,-73.939336002189
40383799,40.785726192054,-73.972643239549
40920236,40.763397261964,-73.982719850528
41526628,40.715299230531,-73.998769910254
40954463,40.625018401448,-73.99980050633
41463488,40.737493313269,-74.006750948629
41441238,40.839257870953,-73.941169622964
41362845,40.725784161645,-73.994677558224
40599130,40.59560455279,-74.000223015733
41146469,40.766691157777,-73.909142768263
41476734,40.671067890714,-73.930981991139
41080655,40.721547145753,-73.988602626905
41229295,40.660713055212,-73.994180122242
40996211,40.736874782991,-73.747313525161
40379628,40.729760840183,-73.988726802552
40668120,40.728788452893,-74.00520438899
41042383,40.70256865012,-73.814706621804
41201714,40.790352797226,-73.974836982499
41431828,40.750752108787,-73.974259903775
41464748,40.808689497798,-73.963489724795
41193687,40.733653727697,-73.86997198631
40885816,40.75931302747,-73.985042912202
40766596,40.739344703753,-74.006608064223
41193681,40.736751062312,-73.865661073311
41337871,40.799885067945,-73.951319914595
41388569,40.759320798099,-73.985018566995
41472366,40.655702688162,-73.915330673511
41521764,40.748300134527,-73.756380134641
41066358,40.748186465395,-73.878134077517
40599146,40.724798673619,-73.947293577683
40893443,40.736507985174,-73.990854569673
41452777,40.590535354815,-73.949654886171
41565346,40.881759700657,-73.879627289073
41371784,40.676576090351,-73.822270070856
41399217,40.841129248641,-73.842723935842
40888097,40.68933529224,-73.992457029049
41370457,40.680456690944,-73.859615547797
40753282,40.602340463273,-73.994573322341
41540019,40.670495649926,-73.905691143055
41078334,40.728763920643,-73.999298184261
41393911,40.635459411178,-73.981004537192
41497696,40.684861356274,-73.99477347027
40361521,40.767887952414,-73.952273787161
41028080,40.760202947735,-73.988747289431
40743000,40.826949556319,-73.822635299249
41503983,40.656267311963,-73.864158732395
41541381,40.751134214234,-73.971138128108
41434084,40.768425421176,-73.98219370522
41135793,40.748337589831,-73.988091429572
41512813,40.739408376823,-73.99122605263
41252417,40.707370566616,-73.792156393442
40392622,40.713210659398,-73.949151268576
40721693,40.75806768078,-73.970111862274
41452786,40.748095970287,-73.993325961048
40547904,40.717808804917,-73.998064405487
41068989,40.647125766252,-73.895184090921
41184756,40.773419384493,-73.916887419696
40626388,40.781356319522,-73.983433601763
41324597,40.814121934002,-73.936717252397
41544406,40.808648041123,-73.915695866989
41298602,40.835503342086,-73.943912524302
41405526,40.697780119912,-73.970689939078
41425135,40.687558504069,-73.9596658551
40367677,40.86765538725,-73.92149684914
41413153,40.748726462711,-73.874139768981
41498996,40.748858009382,-73.871747344723
41545732,40.688670405175,-73.992939254346
41304995,40.749811500244,-73.863852915189
41541377,40.679371697474,-73.949533634504
40380648,40.728699159872,-73.999353248013
41371762,40.808937594002,-73.922331693493
40378328,40.681267701612,-73.994080865477
41455831,40.599624569311,-73.990137220678
41562299,40.643702900022,-73.977137816568
41183438,40.70489842522,-73.902658434347
41502639,40.8387478687,-73.939914209465
41524804,40.586875032477,-73.952540089888
41054366,40.667727504784,-73.987417689759
41557702,40.743672558489,-73.979705211695
41405535,40.759872434484,-73.991666987212
41013850,40.633919792551,-73.894083850574
40356151,40.764015417735,-73.880887163593
40378347,40.816571394265,-73.896772142651
41417567,40.739496152513,-73.995369204253
41301888,40.748037715556,-73.868831418715
41300558,40.822448233915,-73.867274134419
40730597,40.706275542501,-74.012827829748
41410926,40.585715965264,-73.951831337289
40399285,40.753608989258,-73.966263137463
41145185,40.861149651387,-73.89892672815
41117938,40.71534105313,-74.009464307416
40584086,40.749892385575,-73.985806013209
41337836,40.77767082504,-73.951414061591
41438494,40.835095030784,-73.86300270824
41540064,40.700291692873,-73.91154314
41158485,40.712706475961,-74.007900188
41430525,40.641450817963,-73.985336777683
40984272,40.747998343431,-73.88100871127
41320159,40.762702755625,-73.975592023435
41430522,40.805895339594,-73.914227690409
40402095,40.759678363949,-73.98067387169
41163829,40.746292204123,-73.989043292743
41481278,40.761947942171,-73.990155896909
41570727,40.758395363187,-73.970890153569
40369400,40.703642586295,-74.012702556235
41365079,40.763091071784,-73.959353497602
40719325,40.52206073947,-74.216782500803
40366379,40.749635745331,-73.989294740735
41316925,40.705076227584,-73.809455464471
41311234,40.817990739644,-73.916979438839
41485670,40.753025463245,-73.981132245767
41437155,40.846475170917,-73.935720010386
41229234,40.820359221265,-73.954798310536
41520487,40.809177503102,-73.951806770497
41210614,40.733141251833,-74.00552264571
40402082,40.693580386541,-73.98277209285
41263101,40.676415159076,-73.741172535439
41320199,40.66009946719,-73.991229544535
41346781,40.729486121581,-73.987111372211
41531146,40.596315329094,-73.978704356012
41218580,40.703614417539,-73.918232096279
41406893,40.731563234037,-73.954410668297
40588462,40.680228879792,-73.821144961417
41010772,40.780467225694,-73.952870202147
41486990,40.761561754058,-73.963554854785
41416221,40.754968329743,-73.995067502657
41076583,40.69070870645,-73.995835181438
41523524,40.579989414208,-73.836369943474
41320187,40.578487800843,-74.108771862788
40754551,40.75367638371,-73.978554276434
41163807,40.724004089215,-73.978828665844
41545769,40.717085703445,-73.994610981545
41536824,40.740106905767,-73.78641341723
41117947,40.713199151921,-73.735291110221
41463400,40.679233671281,-73.949697827448
40754552,40.710149303453,-74.009784823682
41552058,40.741493423528,-73.985325252927
40390820,40.864176940427,-73.92937828296
41016803,40.576956094382,-73.952727469024
41210716,40.754017668984,-73.969232836794
40390822,40.724720427783,-73.98766988964
41228009,40.760345835156,-73.907286355514
41484640,40.587287791884,-73.95407353715
40396126,40.765673699211,-73.980242046589
41173203,40.698563862401,-73.99256149981
40569448,40.582790027096,-73.834786684135
41001788,40.595901560038,-73.983733567356
41318055,40.743157831126,-73.951622294046
40398796,40.774054310521,-73.959470678158
41561372,40.733326325447,-73.993219215556
40995404,40.84821287738,-73.937831590531
41458353,40.783169436886,-73.957213504241
41425431,40.692874653355,-74.015642911546
41401462,40.608846715224,-74.161291621584
41312733,40.618262645343,-74.030284696117
41208402,40.840225368896,-73.863531134781
40937528,40.626519009696,-74.076656433583
41070330,40.650719849442,-73.8378335502
41265897,40.572663187664,-74.107648739216
41175881,40.739180582126,-74.005503100903
41149575,40.759238697932,-73.978234996946
41102001,40.593779446483,-73.940360730261
41279611,40.805333915008,-73.965939496703
41552433,40.634392452678,-74.027246235481
41503468,40.748396740688,-73.976090264298
40740251,40.622447764921,-73.964569622988
41550697,40.723998239229,-73.984052633176
41007078,40.678285738057,-73.979278497085
41497934,40.65070685028,-73.930194592785
41276545,40.6501278277,-74.005190119664
41553722,40.729370748799,-73.862716328929
40658179,40.811852279397,-73.961008109773
40557434,40.579181310289,-73.836929984975
41332375,40.73073681735,-74.002631365651
41154901,40.743201468365,-73.88360861218
40950507,40.758778318964,-73.978746642835
41470014,40.754555434139,-73.991828980253
41470015,40.633455055667,-74.027055049475
41000442,40.747108561798,-73.889461133845
41083625,40.732819231821,-74.006366030129
41559033,40.719588125552,-73.999570928491
41001763,40.715789563125,-73.997366920794
41480296,40.753036362793,-73.851153497196
41130934,40.639272901271,-73.919286025113
40511243,40.73719016972,-73.992477038819
41401447,40.685569726846,-73.994432963728
41485987,40.858567324878,-73.90431138952
40365893,40.872436773248,-73.877958510126
41311425,40.752337401133,-74.005627565725
41148236,40.764729917668,-73.828061003073
41484659,40.760386593655,-73.985630802865
41502126,40.723360498605,-73.950632360485
40960782,40.579821393542,-73.973060565027
41377235,40.589799675033,-74.164367727788
41560025,40.69685299804,-73.935118602649
40929922,40.758253241682,-73.974735212503
41480287,40.778752211119,-73.959719194943
40754877,40.583422098151,-73.951303484714
41484642,40.867369397755,-73.867367424362
40991012,40.75755541668,-73.827714498463
41519860,40.743904329031,-73.981457213102
41278303,40.71457042876,-73.993887498056
41307350,40.714022419524,-73.955566176983
41382650,40.761103992875,-73.832496370489
41436121,40.89012448762,-73.859271931451
41172793,40.757491548656,-73.915701894103
40785103,40.749496481043,-73.98486138565
41540476,40.671833755582,-73.983997131213
40800426,40.754743060033,-73.971635895535
41322987,40.661417269278,-73.993252862736
40889792,40.745293386609,-73.978349400406
40994117,40.711825246815,-74.008330346569
40948218,40.720990383834,-73.989688184872
41433082,40.76677590212,-73.912735585103
41033350,40.852908071501,-73.919900539131
41504766,40.867309647325,-73.89715414493
41520872,40.662771097814,-73.984929477451
41541795,40.763655133345,-73.807991370665
41459659,40.728840118171,-73.98839239481
41479248,40.725331141483,-73.946262194642
41019057,40.769621324101,-73.957852575394
41461968,40.762569685448,-73.801722845141
40699514,40.759678363949,-73.98067387169
41480222,40.739065718378,-73.991477805792
41333623,40.800567123538,-73.965701910997
40393912,40.771522142115,-73.982619013661
41492204,40.865873534362,-73.927568437012
41503428,40.789493955075,-73.813987405333
41072927,40.679006911224,-74.011061108298
41245401,40.69330849093,-73.852942416388
41242376,40.787025388767,-73.977688489677
41321677,40.753161715841,-73.97400485093
40557471,40.763349641714,-73.969033213835
40610155,40.75806768078,-73.970111862274
41390294,40.60791921165,-73.972901369995
41480258,40.747285715219,-74.003364458557
41321686,40.718931714078,-73.999130001209
41461979,40.846958122043,-73.898006766412
40951884,40.751777887764,-73.986428419107
41445022,40.748685385665,-73.976051716418
41128669,40.721365693412,-73.993547626019
41553771,40.754749755443,-73.816874868823
41446358,40.843653501745,-73.917447137949
40663557,40.73764244168,-73.796362899711
41551112,40.754577809939,-73.977362181205
41299233,40.58394412759,-74.168766534898
41354572,40.749443693772,-73.984735435309
41381353,40.756031526661,-73.881440309727
41556807,40.754064782485,-73.900143239701
41366534,40.746158665487,-73.944637486105
41266330,40.777825663706,-73.981955078258
41529221,40.763403919686,-73.815192916839
40727249,40.685199836393,-73.977421875605
41438759,40.573872097623,-74.117188055085
41267664,40.766740636128,-73.986799056532
41540484,40.688057019867,-73.981851702556
40782042,40.597492031566,-73.968052784501
40368971,40.756917037245,-73.966954984303
41353235,40.739992809133,-73.918305918222
40820021,40.614103596139,-73.999225174349
41232100,40.73691337796,-73.859400524891
41233430,40.764733003317,-73.810892570186
41461985,40.765756948137,-73.918813651568
40589045,40.750019954339,-73.882243144901
41490486,40.749673189503,-73.991673511998
41082395,40.73067015728,-73.992429854633
40930045,40.632074604607,-73.97449691526
41138049,40.879304707349,-73.843047566543
40394345,40.760330517806,-73.989360695517
41489490,40.746463552149,-73.891433129517
40393012,40.753363548854,-73.978659588689
41548314,40.815463353188,-73.918114408143
41488163,40.68491668772,-73.860432574718
41068099,40.743516842436,-74.005675651243
41342560,40.643382884066,-73.948851562454
41461912,40.687774345971,-73.954865241548
41476185,40.786106857388,-73.978211481459
40368065,40.750274995018,-73.971350130261
41392014,40.861640746294,-73.843215702363
41246747,40.743727152274,-73.982952736774
41394678,40.615040904751,-73.994218800246
40990597,40.723250152436,-73.988230863785
40990594,40.717098116461,-73.958612286806
41408013,40.678822954344,-73.921835794417
41447621,40.632179055058,-74.146662312417
41570238,40.727739291167,-74.001411926518
41481525,40.664178961081,-73.99041228398
41085412,40.726737433469,-73.988699187421
41065828,40.714509982025,-73.944008241753
41490493,40.780722042272,-73.954601716493
41233447,40.776554137079,-73.954818946443
41443240,40.736038341887,-73.989328239908
40559243,40.766914790153,-73.938510494522
41385738,40.76975561933,-73.834672332926
41138056,40.636528582937,-73.99046044244
41494859,40.734043602136,-73.988809703706
40511292,40.712739619711,-73.989532999553
41220906,40.618601161327,-74.069366322496
40561550,40.740281768925,-74.002050932329
40944683,40.747452973635,-73.98231949675
40547269,40.725206963212,-74.003145419606
41191947,40.817482462981,-73.922889842281
41189635,40.727790508372,-73.979317542512
41456581,40.837693352177,-73.938587172425
41165645,40.729349685303,-74.000055237391
41317598,40.732629357288,-73.997082029631
41165642,40.685753168742,-73.991210435387
41206618,40.812478176744,-73.903143832815
40382367,40.72570102866,-73.983705314908
40966018,40.598334615059,-74.08395666125
40930067,40.759618447372,-73.988141415124
41379820,40.747876227636,-73.984884227428
40394366,40.842497414997,-73.939324844766
41153655,40.802001794842,-73.949782915082
41376793,40.753722085538,-73.974475039407
41246771,40.7433681864,-73.888704656737
41138026,40.65739142883,-73.892756300041
41073413,40.725052342027,-73.951601052387
41456598,40.655415637846,-73.953052495538
41376788,40.718304338204,-73.991808393252
41485907,40.735363620611,-73.985757860987
41350156,40.735850870878,-73.982476203964
41375457,40.717728242231,-73.992657204902
41019942,40.704323687877,-74.010469029736
41447643,40.828074639866,-73.880885729258
41381391,40.763156760406,-73.830339128486
41570230,40.764027436109,-73.974120538221
40528983,40.545177480859,-74.160704192926
40635407,40.735825583817,-74.00145297667
41384428,40.755327130914,-73.979453405373
41367825,40.689146826581,-73.98141003402
41224493,40.70964727184,-73.868673884963
41245450,40.707466245213,-73.803878560011
41367828,40.621929468895,-74.031766901354
40536591,40.537186987788,-74.150706632003
40868843,40.759053897931,-73.985270020985
41070399,40.737125315859,-73.988681065976
40394364,40.73122104502,-73.985675616297
41291308,40.861676602105,-73.843220225699
41236501,40.721434815614,-74.004642444497
41165623,40.73019800704,-73.994373226566
41233473,40.866800267762,-73.884304171469
41126055,40.730290674232,-74.004787203481
41511064,40.672606057611,-73.764198555744
41558599,40.720429389936,-73.989986776103
41445878,40.60179069643,-73.993436743018
40384100,40.780002828782,-73.980702714196
40808305,40.637698036401,-74.128893301348
41485099,40.640823245133,-73.965152192927
41289042,40.649189557888,-74.009652241482
40559279,40.807556768116,-73.919065435136
41553707,40.745192825757,-73.980688738778
41304245,40.80560705214,-73.940493566738
40652016,40.733971763313,-73.988945307582
40514373,40.774204373691,-73.981216761161
40942073,40.755563170012,-73.979701762187
41536371,40.880961727186,-73.883358618211
41515437,40.600770970244,-74.000678955593
40394394,40.58394412759,-74.168766534898
40381083,40.748360233784,-73.952296971217
41309940,40.732003251043,-73.98426976924
41123837,40.730444030497,-73.864047680378
41388804,40.609603393279,-73.753775296332
40654682,40.723864800523,-73.998187962074
40401691,40.755165079145,-73.973246769494
40721083,40.808084235843,-73.946064904144
41283743,40.73447277524,-74.00105679935
40938813,40.732967845923,-73.990059901683
41245474,40.724893825236,-73.978351772067
40968682,40.710231319071,-73.849774973137
41561334,40.675651614193,-73.870607691706
41457867,40.719679151283,-73.820542228179
41372397,40.801369098219,-73.964942328392
41477468,40.714438308766,-73.998862085675
40971402,40.729106797192,-74.000928250772
40705843,40.694816193511,-73.994607088216
41269418,40.714639376418,-73.94260575625
40925507,40.760372189196,-73.981393757962
40993654,40.756605043875,-73.99404873786
40714796,40.693398719276,-73.987308107116
41477460,40.704719713246,-74.010515828538
40577928,40.77156089031,-73.953115177102
41400100,40.771371782308,-73.982261883516
41309951,40.762669788914,-73.96585471131
41036474,40.734993076596,-73.979759798455
41185251,40.707717167924,-74.00572927079
41388810,40.706526819192,-73.921820345248
41569277,40.78015469274,-73.949997269397
41352783,40.611625533988,-74.158356175722
40994965,40.717322219162,-73.998533884285
40398767,40.685185985647,-73.977524625137
41477496,40.600564466994,-73.984234203072
40877738,40.730698739438,-73.949608938559
41163017,40.758145092597,-73.980309634466
41409366,40.704880030273,-74.014126069455
40577915,40.737608456239,-73.983950261376
40547272,40.726143749509,-73.98539207811
41036469,40.509119243908,-74.246860341938
41423676,40.690470122819,-73.959732049222
40829237,40.651163761055,-73.943691291504
41491764,40.680354338322,-73.961107688492
40401673,40.778016608383,-73.954484787105
41409373,40.896832818043,-73.855397617448
40364529,40.729574238379,-73.861587093883
41228810,40.766062075129,-73.814284313596
40967378,40.638255883608,-74.078304516307
41245496,40.822859334017,-73.941814052653
41322910,40.721536565187,-73.988564754538
40700181,40.590499026884,-73.939898243139
41212471,40.742159536176,-73.994874054114
41351455,40.744171816113,-73.98548965252
40618041,40.70671440896,-73.897126523623
41457893,40.638799875108,-74.006216667991
41277053,40.757045725158,-73.966860831828
41448941,40.754367574009,-73.985205782886
41016886,40.77826723855,-73.978080949945
40745126,40.779760751256,-73.947184782019
41163086,40.629205582103,-74.028793107839
41388838,40.727075387803,-73.987917695297
41441594,40.672484509094,-73.957391636319
40424365,40.675862983129,-73.894825908214
41439278,40.732126370478,-73.986707839156
41440261,40.873387487788,-73.879635678744
41244057,40.693341375292,-73.928936119678
41244056,40.701929267228,-73.881758011155
41306864,40.801558066525,-73.937468267427
41372373,40.762373575955,-73.978703763042
41538907,40.590412045668,-73.971957691906
41387509,40.677925565403,-73.97934947574
41372368,40.762373575955,-73.978703763042
40816772,40.752193842284,-73.975587615489
41376725,40.743463739591,-73.983891296688
41405022,40.681903243035,-73.976185709671
41431305,40.756296428929,-73.767495752621
41294306,40.87642189395,-73.848066530353
41427294,40.795213290975,-73.945251030651
41538912,40.721578470064,-73.938382247393
41291275,40.598799390492,-73.957236230038
41317522,40.714375573165,-73.981559270887
41388841,40.590842631846,-73.991814874755
40402106,40.892860411193,-73.857589005357
41019884,40.589263907668,-74.101477665227
41346086,40.715335060875,-73.996702448309
41294300,40.835178816137,-73.851871729006
41420644,40.791387484867,-73.972399554988
41388846,40.718047824141,-73.948274993006
41420646,40.669589451723,-73.933750969548
41102912,40.729760649313,-73.958230613252
40378272,40.740883087565,-74.001612229473
41533206,40.700710308871,-73.942526614797
41388845,40.623004907118,-73.964763138989
41567481,40.743689411243,-73.979520250042
41163073,40.763640142885,-73.967807933257
41465573,40.75639744376,-73.994027603008
41155448,40.719115376968,-73.984975974339
41372363,40.762373575955,-73.978703763042
41477535,40.58394412759,-74.168766534898
41509575,40.711625084693,-73.959322069342
41419679,40.865416555407,-73.86525078902
40734467,40.759109828348,-73.992311992129
41452265,40.765220335461,-73.987594094154
40514282,40.600686790045,-73.753976449508
41135859,40.766187639162,-73.954145295262
41372356,40.762373575955,-73.978703763042
41172809,40.781067714594,-73.917586822492
40951011,40.723852292655,-73.98371173303
41123883,40.735986434603,-74.001908462766
41559869,40.74749896743,-73.88464429844
41407696,40.679097979828,-73.983410367042
41143475,40.80716469232,-73.918445889241
41469924,40.621332507815,-74.028873733766
41464253,40.734166314174,-73.937741602209
41542191,40.634540465411,-74.116789076304
40899971,40.756204507765,-73.983476659151
41526944,40.708863638313,-74.007028141459
40577841,40.668519881478,-73.931069808528
41387523,40.71107362181,-74.0065854824
41060064,40.730897335443,-74.006821496199
41304224,40.804953658762,-73.938635278724
41490506,40.547423364112,-74.156724907385
41456628,40.831152412145,-73.867072109508
40932764,40.750437453968,-73.976867768932
41338470,40.619729545688,-74.0326646934
41547884,40.714066883586,-73.998803613838
40918418,40.743666196862,-73.92123789345
41432621,40.744728254431,-73.953511541934
40559172,40.769680837187,-73.957809344486
41396479,40.614580176793,-73.963166998831
41396476,40.737612121875,-73.988330919573
41383171,40.69982476349,-73.909342094944
41318874,40.757345980113,-73.968387227856
41292588,40.765516755974,-73.987551353466
41278299,40.708765663044,-74.009540739754
41559832,40.786331304375,-73.836056490686
41388869,40.800306772341,-73.962003528751
41441562,40.83147568732,-73.867551227823
40657772,40.737263488001,-74.001603570945
41464267,40.832379688801,-73.858682593777
41388867,40.70760437821,-73.939753545823
40836365,40.729788960637,-73.983625600673
41464260,40.729704456574,-73.860425462948
41521264,40.610348028415,-73.954264698193
41130146,40.761225873524,-73.979542484203
41514977,40.67128900727,-73.984629659703
40668410,40.749133840111,-73.991895449132
41452285,40.755191877974,-73.986512129475
40382302,40.675640779191,-73.974744279101
40384961,40.631119009359,-74.008616000964
41109574,40.744615274103,-73.99535506417
41469945,40.710688363271,-73.953270532881
41089703,40.714372801861,-73.957561056932
41126939,40.750865907899,-74.005658371389
41250770,40.719314068762,-73.985035451636
41418376,40.829230798086,-73.948320869617
40723778,40.692365297242,-73.98881396053
41338411,40.624011570731,-73.965106211196
40372999,40.637449016885,-74.031761267191
41452207,40.728773826306,-73.987933464764
41538949,40.764563454291,-73.98235649775
41158525,40.859665095385,-73.864708316474
41053746,40.729009947585,-73.860058957417
41538952,40.664962496207,-73.99324392725
41454874,40.689595150835,-73.970976780067
41558563,40.603019285146,-73.995755274461
40863963,40.839855797741,-73.91786759115
41159859,40.753481016155,-73.98088796777
40402145,40.760674612098,-73.991080927973
40914031,40.706726870847,-74.008508483758
41038109,40.754896256823,-73.98036264592
40743374,40.72929900011,-73.781068055497
40743370,40.61902758013,-74.008852280414
41497126,40.796757793736,-73.934942902432
40875955,40.755851669909,-73.975038934292
41473136,40.799204332133,-73.951814523546
41453548,40.873269465323,-73.889134742011
40370342,40.717651853229,-73.958018379529
40721121,40.730429542354,-74.002337271961
41249790,40.681024970006,-73.922312576987
40987023,40.753528022619,-73.97461678926
41547897,40.73773119326,-73.99161913557
40754053,40.660414416882,-73.939696021375
41160832,40.721463110335,-73.9423991905
40841760,40.692032972485,-73.991310820637
40391271,40.760534268854,-73.731230275363
41211202,40.860690277339,-73.898385053214
41322066,40.625306128385,-74.144652223305
41410417,40.762248371969,-73.831458798618
40832818,40.762257959639,-73.966157210567
40990663,40.630906055661,-73.966341788952
41570204,40.741488587651,-73.981124824894
41167466,40.705546301912,-74.00698731104
40956772,40.679703906832,-73.978147340117
40597455,40.742043650264,-73.997227744915
40781636,40.719440389434,-73.987663734832
40931477,40.759820499367,-73.974077553708
40542301,40.766808895365,-73.782578041456
41236497,40.76168375057,-73.990346189497
41476203,40.793609573047,-73.97246556959
40819820,40.768914956951,-73.955273103642
41485148,40.710426748914,-74.009651042661
40552579,40.756143471891,-73.990671823839
40922528,40.769021074664,-73.955022776481
41387576,40.844178233201,-73.935755813439
41409401,40.673742860072,-73.956779903502
41018536,40.762169840683,-73.975953959973
41200526,40.747644004696,-73.986501284414
41062696,40.841149554573,-73.925142082097
41167453,40.868092761689,-73.900626926324
41485145,40.735753964631,-73.875756466535
40859028,40.672516893074,-73.962666785031
41138910,40.740954462751,-73.921711404429
41253814,40.735538669544,-73.994040825405
41374953,40.726686383325,-73.853685536264
41072012,40.677214216613,-73.983263402524
40839427,40.683863137271,-73.956293272327
41167449,40.753320795484,-73.989017342011
40681411,40.762567697235,-73.975269465893
41318823,40.662216196497,-73.840823161799
41571511,40.851537776733,-73.909373715048
41558556,40.869567199143,-73.842644933094
41150606,40.751153812306,-73.983342018882
41361633,40.672334600963,-73.785503837668
40941619,40.758297941723,-73.874353326752
41417880,40.751607903355,-73.863503192131
41412192,40.749401654596,-73.755150732102
40388462,40.820312431045,-73.817901347919
41311372,40.758762151159,-73.988764217339
41469089,40.687315612989,-73.918098481402
40356078,40.772676449828,-73.955450200121
40390781,40.764588068644,-73.884952671993
41009678,40.72106830929,-73.995603523261
41158578,40.650033397204,-73.960922584833
41568722,40.763541147912,-73.921666379553
40814991,40.752118745988,-73.868972064331
41408932,40.726580919106,-73.989226062759
41470080,40.757835391883,-73.966453133699
41346001,40.624358564999,-74.138724515612
41428543,40.753538132765,-73.987032612585
41563029,40.748664724139,-73.757776023416
40402187,40.85278349846,-73.827588301932
41374941,40.761524070108,-73.997718857727
40587276,40.51662885233,-74.232622838703
41495380,40.749517602419,-73.977537746616
41362952,40.727817990694,-73.957177398401
41416561,40.732975433867,-73.986586246722
41303762,40.735629632168,-73.998012906371
41350990,40.756770427236,-73.993752062401
41483385,40.709299503223,-74.006059545117
40800339,40.634811409908,-74.026483578484
41023991,40.769453422639,-73.954880639994
40692120,40.718644396702,-73.988075016111
41346018,40.765610244786,-73.982496972016
41482047,40.819562678001,-73.817456951775
40790556,40.639733295514,-73.929175196428
40794912,40.86920336879,-73.824927441381
40845245,40.767034355811,-73.956644149687
41335328,40.64356296564,-73.969959500256
41125662,40.772455334576,-73.980955236253
40366214,40.746136717178,-73.868297470049
40367544,40.768370618628,-73.955386387572
40743360,40.746848725921,-73.94291710079
40883548,40.800315499669,-73.968122794979
41453516,40.58394412759,-74.168766534898
41209785,40.881276877665,-73.882794547104
40863935,40.849508249869,-73.933680282063
41303772,40.692391560982,-73.989692906753
40743368,40.675402790553,-73.812407725597
41204094,40.843121943916,-73.912254888712
41137607,40.758504435813,-73.844654163092
41424160,40.832056319822,-73.903125928158
41374923,40.740246406807,-73.949205643049
41474462,40.726530606438,-73.984512417802
41553690,40.715345769671,-74.011116623777
40380518,40.76593207072,-73.979072550732
41264513,40.690559371382,-73.991869719867
40863943,40.85602483033,-73.93306606812
40999824,40.759931786657,-73.920517135406
41264518,40.761403415614,-73.987729375144
41386289,40.704354761373,-73.942790173162
41313103,40.633815463045,-74.021624124354
40942978,40.683395178077,-73.975107701726
41429855,40.759160412973,-73.826993079226
41356276,40.70374262305,-73.895691973587
41336684,40.704699230133,-74.009549440897
41359306,40.645846737057,-73.972286163503
41380984,40.735841232572,-73.995220096962
41478803,40.577196623872,-73.963075743698
40613196,40.604241631256,-74.006872682286
40743359,40.854354992698,-73.906942328176
41301123,40.65847943537,-73.982154929249
41361603,40.758656437028,-73.832964099266
41356273,40.777664911463,-73.982122468098
40764279,40.61851293057,-73.955980864794
40399136,40.763847120195,-73.955860990701
40568964,40.817747450426,-73.905758423926
40970176,40.679529222288,-73.761277844254
41322047,40.856942203394,-73.932431327102
40402151,40.749234925003,-73.972721307015
41424152,40.849425934529,-73.936624834977
41466837,40.522107386598,-74.216762848938
41495376,40.702277314156,-73.811231474769
40609934,40.756903144275,-73.972154311362
41298734,40.775223924262,-73.955283877201
41216071,40.659777258119,-73.90925557265
41369572,40.790085037567,-73.947767940065
40941636,40.724334019563,-74.00317190654
40577023,40.655726817311,-73.959960710964
40906490,40.727908068144,-73.988089742636
41193772,40.747958849047,-73.992920737467
41534509,40.60308867155,-73.750842643564
41554118,40.838750224626,-73.941366463773
41276525,40.682007243304,-73.980015378235
41496664,40.690314025116,-73.965369328166
41008388,40.717874510378,-74.007277375906
41547820,40.857338736151,-73.932386993979
41288500,40.765387936006,-73.991362341125
41244923,40.732394242521,-73.998550868245
40367570,40.565766623224,-74.100416586336
40399165,40.719501464144,-73.955835684532
41264537,40.762099726534,-73.815530901815
41324651,40.703462821551,-73.922315438203
41470043,40.727521133392,-73.985277430503
41088463,40.763564703618,-73.977831001729
41297459,40.737140770978,-73.997085405511
41554123,40.650970301162,-73.949664755633
40601189,40.706025555569,-74.008707644047
41406311,40.708083608858,-73.897870622617
40961259,40.757443927265,-73.976702089733
41276535,40.748682459384,-73.985305806718
41484671,40.772180630897,-73.929832952234
41029257,40.736693280204,-73.995097156002
40729002,40.80300199815,-73.965951562776
40626478,40.649433582257,-73.962927019428
41371863,40.878770028427,-73.873250745376
40918464,40.711113643597,-73.960614630343
41148325,40.783968913578,-73.950311413739
41428578,40.743938562135,-73.985375709803
40571705,40.577792811705,-74.16956629614
41501642,40.757297184589,-73.985727347618
41031583,40.682298940405,-73.993378355011
41172855,40.79124303176,-73.968784861868
41277832,40.867590413598,-73.921678810759
41297441,40.729615417362,-73.986579812829
41022628,40.763920591381,-73.808843358494
41281097,40.81887899169,-73.817052199774
41451780,40.733456744956,-73.84994906598
40380559,40.762891887128,-73.983807410322
41244947,40.759060937906,-73.974399481201
41470061,40.685993296175,-73.973808950461
41433902,40.662382632274,-73.938490556833
41510566,40.639670339471,-73.967722650036
40952333,40.682054602483,-73.836714455237
41534535,40.775500986822,-73.983830048355
41433908,40.649794424803,-73.96192184806
41535860,40.755305847014,-73.968295085888
41315723,40.7069077603,-74.012481708148
40391206,40.759151272715,-73.985078775859
41231645,40.719925614278,-73.998955782978
41390347,40.768831427157,-73.955161185169
41391676,40.665422792648,-73.754499444726
40372944,40.74761357282,-73.993171068917
41567425,40.74339817475,-73.922656048909
41044884,40.712999292224,-73.95731110577
40952325,40.751918804672,-73.931880639161
40399176,40.761066901537,-73.973338494301
41115406,40.6171896679,-73.945811805404
41377149,40.760747675242,-73.983430367976
40849624,40.860233164258,-73.892949309002
40664935,40.758015084368,-73.96834931756
40798457,40.761565846857,-73.960636694733
40920757,40.721757174512,-73.990205443827
41427225,40.751649708659,-73.970724629588
40381896,40.72074943298,-73.845695785068
41389364,40.603718957279,-74.131486087387
41410290,40.708016055591,-74.005584275711
40389710,40.756396066414,-73.966439207273
41153718,40.713675931263,-73.9619066905
41153717,40.814485810784,-73.913790665249
41230445,40.759496203856,-73.991940576613
40938961,40.739852639355,-74.007026341922
41115447,40.618268274609,-74.030124299228
40591490,40.761225873524,-73.979542484203
41377385,40.743511120656,-73.887837216673
41288674,40.740897461216,-73.987880034417
41300885,40.863717395732,-73.858506193391
40969233,40.728273962632,-73.981537337837
40971550,40.635444634272,-73.927391337956
41392772,40.596496033782,-73.754233802835
40545598,40.906567684036,-73.848748232329
41243754,40.772542928365,-73.951210845216
41389136,40.71755659408,-73.996036323768
41217475,40.687216115061,-73.956808402473
40545590,40.812646912467,-73.962913299154
41162660,40.71720775295,-73.99743525731
41400012,40.713550017663,-73.958790885001
41414661,40.764896019378,-73.917268912104
41390129,40.751036808419,-73.982753812126
40397329,40.718406308836,-73.814802602998
41083514,40.776657208496,-73.955475308751
41412002,40.664904743083,-73.734928093943
40399988,40.886662239385,-73.907104118166
41318162,40.788165082191,-73.953392472918
41288679,40.740897461216,-73.987880034417
41566945,40.822569398239,-73.848779649887
40972897,40.719518555124,-73.986709784194
41370730,40.736207822438,-73.985142903456
41541625,40.853789133178,-73.889019953981
41440921,40.716471748183,-73.834103368519
41422279,40.755629492818,-73.884146034378
41311555,40.717603822113,-74.010581488818
40962612,40.780290184872,-73.979722668665
41390137,40.751036808419,-73.982753812126
41492123,40.59021347123,-73.972702964476
41084833,40.732872422729,-74.004309115564
41206790,40.645859814344,-73.995282576106
41263394,40.739073348378,-74.000763273137
40923014,40.811029564212,-73.927450732218
40923012,40.780675038401,-73.952545828905
41078147,40.75463251068,-73.981372337089
41093788,40.565776005778,-74.109069040513
41458254,40.752015939925,-73.990827782667
41460563,40.679973366208,-73.940803663526
41427953,40.72980271564,-73.980888174147
41479194,40.616220123522,-73.993216991692
41485869,40.714791630447,-73.998162894791
41570195,40.522200680852,-74.216723545209
40852397,40.693011297006,-73.757681469693
41570191,40.772527622479,-73.955558672347
41460580,40.726191036633,-73.991943581765
41242462,40.592776151673,-73.925157534663
41436895,40.644370442406,-74.010989061698
40801605,40.855872567648,-73.867741184878
40396019,40.774929864529,-73.980689656256
40397349,40.764658138731,-73.977833191548
41288664,40.639650023091,-73.967768129905
41476902,40.746551896769,-73.903042116843
40397354,40.744668554113,-74.006282319134
40604400,40.809154885954,-73.959267019426
41538001,40.724780495408,-73.955478402263
41554950,40.759759463676,-73.804145533894
40560308,40.847566487025,-73.900607746006
40401722,40.756143471891,-73.990671823839
40712081,40.678196019535,-73.888835901273
41229416,40.751459350029,-73.991886774533
41299367,40.720228936438,-73.996311322258
41526041,40.755333976897,-73.886951711636
41468470,40.684402688402,-73.991954881298
40948330,40.719720578577,-73.984662365061
41171587,40.765182223552,-73.931487949378
40396053,40.845785045521,-73.863136095481
41480113,40.823933509858,-73.922971897459
41300835,40.730803727772,-73.983057648512
41183564,40.760261075636,-73.907392828287
40700926,40.601682087105,-73.993500376084
41141781,40.69321638832,-73.991558168734
41139460,40.706022272344,-73.808955354035
41277104,40.590532453277,-73.939904632105
41382542,40.749333488991,-73.888797525792
41014952,40.71371728393,-74.003653801351
41504648,40.736776243426,-73.747236214876
41306156,40.707264924028,-73.939696796194
41378666,40.764248954907,-73.966998656373
41544700,40.694459003252,-73.930637180747
41401393,40.669408097399,-73.930987558119
41541665,40.727257317151,-73.979708237284
41448882,40.671306911185,-73.957661261606
40397374,40.747640917325,-73.993151265685
41126158,40.573084593083,-74.136024880399
41394526,40.633758494167,-73.993341312833
41551024,40.87147451277,-73.865806057664
41452905,40.816479666876,-73.946648889089
40800325,40.781680109529,-73.948784012422
41467164,40.65255264758,-73.921714692373
41473842,40.643481441607,-73.989909045556
41414673,40.733128237769,-74.005607400317
41046558,40.725506216354,-74.007691392548
40949680,40.630815531348,-74.014518417195
40375136,40.831994471884,-73.850978795609
41000357,40.751915721709,-73.990901133758
41437308,40.831401593196,-73.867801548355
41241156,40.699876625611,-73.755410493988
40571896,40.756285896628,-73.967582651841
41060828,40.732990012231,-74.003935512587
41482793,40.777515588937,-73.988807233329
40363151,40.725185933317,-73.99984297646
41401363,40.578975936322,-73.98432458938
41187942,40.720609775681,-74.005021337779
40388457,40.707000547953,-74.012405718212
41383892,40.886281808589,-73.861229213835
41473838,40.71534266654,-73.993154971299
41365324,40.729585949,-73.998548392176
41531404,40.817526024712,-73.923059006518
40924394,40.683093893054,-73.919955926721
41201073,40.672043557797,-73.930739078774
41459557,40.693565240357,-73.992379414103
41467170,40.60468300921,-73.968683883673
41300864,40.728572764189,-73.987774853291
40719508,40.753185982456,-73.980348031754
41366665,40.862454546206,-73.843470569889
41365332,40.769814186532,-73.951672766266
40535347,40.542785169143,-74.208353901533
41455194,40.852694920702,-73.827768171843
41327097,40.585575535366,-73.817324038091
41485811,40.58394412759,-74.168766534898
41506479,40.754441560198,-73.988026371583
41354664,40.797702208598,-73.969471573495
41411542,40.625000663968,-74.148271505764
40371588,40.758509956422,-73.973097143164
40396889,40.749391309385,-73.862805452928
40399910,40.733957466963,-74.00004702133
40749325,40.745481614817,-73.999086237058
41265157,40.854532926449,-73.866616499809
40535391,40.743200603564,-73.996382940431
41213035,40.765276728785,-73.918083006639
41481402,40.749673189503,-73.991673511998
41111912,40.699494061471,-73.910892622788
41410209,40.724838653537,-73.992272935668
40942156,40.698823570985,-73.912804924369
41214367,40.767357927787,-73.921098493602
41245535,40.765620074817,-73.957678609438
41469759,40.752872737255,-73.989345810235
41278479,40.640444918104,-73.96599471324
40401775,40.70726038705,-74.008625009866
41562509,40.728835854027,-74.007155882498
41490374,40.749673189503,-73.991673511998
41381258,40.692128410166,-73.987230044279
40805108,40.59250761602,-74.163210318739
41004774,40.54548855182,-74.160127634467
41393232,40.707950195741,-73.80174666911
40369287,40.68942797216,-73.969571951502
40395551,40.663787919664,-73.841206411804
41300804,40.646466022716,-73.970788350835
41420491,40.724101930711,-74.004523580184
41533171,40.821368619633,-73.939185885641
40762308,40.744443431463,-73.91139422624
41482729,40.609854247061,-73.957620815862
41409233,40.752472979745,-73.982632672944
40382246,40.601678854891,-74.005480856913
41189774,40.735084162954,-73.979702757606
41117249,40.717737522924,-73.94498842227
41418153,40.763398470173,-73.996354220004
40751626,40.760777617922,-73.967236853753
41321758,40.740891457878,-73.879846666061
41151116,40.718529729731,-73.83758836719
41470773,40.787502110494,-73.975064250545
40398600,40.74543529638,-73.978246157688
41367958,40.774584853972,-73.954230370704
41560775,40.714041781951,-73.990990232126
40634203,40.779400814513,-73.955740805033
40375972,40.609792172735,-74.006717673474
40783220,40.784897681787,-73.977134775536
40534044,40.784648032974,-73.845864824256
41563804,40.806797659353,-73.953547024707
41365301,40.608621445019,-73.962039518581
40386616,40.627090539687,-74.023697557798
41074629,40.841849680465,-73.883772206346
41443107,40.826995405464,-73.938965432429
41188437,40.676976839265,-73.983424261025
41083574,40.784897681787,-73.977134775536
40976390,40.605244081585,-73.980234540428
41223288,40.73136283216,-73.957762183492
41340002,40.760277924002,-73.995085904978
40373318,40.726995619652,-74.003350306242
41082249,40.743282750828,-73.953995101661
41298061,40.758609784014,-73.841831723493
40749331,40.747965351195,-73.992916004758
41548204,40.740233948019,-74.001677904634
41529941,40.736879721295,-73.879342184768
41569128,40.867275560717,-73.920860679593
41530918,40.860614100769,-73.92759037577
41481413,40.757884641304,-73.989399845761
41132845,40.756105100355,-73.971582696218
40539741,40.633028505644,-73.99528276015
41236623,40.748526194276,-73.975995382
41312805,40.762323576853,-73.925986741002
40400418,40.774167299621,-73.981244451317
40832718,40.860433518269,-73.902549941885
41291420,40.630165433819,-73.918469233273
41063955,40.675000111548,-73.975182170853
41490324,40.65834458789,-73.982102582015
41123940,40.713128660305,-73.735468453047
41551889,40.7621601805,-73.815757001733
41384316,40.782222159138,-73.914396666904
40806489,40.75566050005,-73.972885989122
41282521,40.690350629475,-73.991879431466
41374230,40.626162652165,-74.175456702645
41562538,40.760529007534,-73.991187936931
41329667,40.724809486688,-73.94746381583
40365709,40.761908598875,-73.961449601881
41155536,40.63440946478,-74.004808106489
40704453,40.770664360204,-73.961947459257
41470710,40.697445745343,-73.993192493803
41453387,40.765013406255,-73.771812611829
41561211,40.702674929366,-73.916487282267
40740949,40.650282715563,-73.902557576381
40514492,40.745788333969,-73.903382768744
41439905,40.80537495522,-73.96573519893
40603925,40.72979522704,-73.989628426901
41478688,40.60529935351,-73.981886866544
41184016,40.757451505486,-73.829184298594
40826098,40.727081596348,-74.000075283302
41330645,40.720686671849,-73.984320180507
41147901,40.821053928677,-73.896551817867
41549554,40.756389859346,-73.833621590526
41445769,40.738200069657,-74.008440177217
41164484,40.678990623607,-73.963919095254
41228956,40.794338936249,-73.943448392039
41362233,40.685008602149,-73.991714466421
41507757,40.726442561318,-73.717155690216
41545194,40.716445424306,-73.992919930944
41199983,40.725432847358,-73.999074472397
41343976,40.687958470737,-73.99554212905
40424430,40.885507154958,-73.909480847659
40686130,40.725511348876,-73.95169661025
41244267,40.815383860513,-73.943728644725
41452059,40.765110876439,-73.81400286581
41224592,40.760723146953,-73.99104525832
40636827,40.740963593704,-74.007379912641
41477346,40.744875948187,-73.934311190773
41199993,40.812122243244,-73.904072998693
41476013,40.725945263353,-74.001384221164
41011050,40.77857977356,-73.953565805394
41453390,40.764345908929,-73.988404809811
41424897,40.761903870637,-73.916701848477
40365726,40.760262014809,-73.988887327013
40913683,40.72707854672,-73.989508187745
41431171,40.737918045913,-73.710407055077
41204971,40.711443868946,-73.790805397104
41321719,40.746004626102,-73.899990526968
41329687,40.76149865468,-73.983916358818
41443150,40.573384674483,-74.11535743503
41155515,40.768762172773,-73.962484998132
41436866,40.635932122728,-73.967906716572
41436857,40.645064315807,-73.986908925957
41004799,40.695246028625,-73.84329867176
41541610,40.68531833154,-73.872864338768
40866977,40.726465145931,-74.006598057871
41012395,40.739963550676,-73.991478425677
41278493,40.744700234676,-73.953364882333
40992431,40.841370928562,-73.939642307821
41277166,40.635865463608,-74.026645405093
40387986,40.773762678894,-73.959683333835
41057286,40.707675899709,-74.01168675499
40809529,40.628582057085,-74.006086542721
41489344,40.756507683324,-73.980002415342
41227603,40.720155628681,-73.959852477342
41308759,40.759842584115,-73.831572890091
41506401,40.80857421477,-73.947227494906
41432497,40.808233338977,-73.963649325907
40658944,40.629648441491,-73.944208576663
41563853,40.649704085475,-73.930238280477
41269559,40.729187134391,-73.985565336549
41351576,40.686628621912,-73.975053086599
40399970,40.716785600374,-73.997863117607
41315035,40.847425818316,-73.844727869151
41570148,40.714302490795,-73.960961701444
41422211,40.703904419267,-74.010247022259
41541607,40.707562010674,-74.001924140512
40980449,40.77773762683,-73.979726183896
41551883,40.784102792635,-73.952306498931
41256254,40.680361987416,-73.859517938107
41440143,40.587780489524,-74.165453502212
41091949,40.745556254512,-73.990955784761
41289081,40.717535349274,-73.958143073858
41227712,40.634882751613,-74.026291966546
40372831,40.594309320538,-74.098921227575
40955504,40.712961271514,-73.829835218011
40932869,40.739916260844,-74.003069939671
41427176,40.760378563571,-73.969445918351
41529070,40.750397540043,-73.990966928079
40564670,40.744693314283,-73.997215471373
41005109,40.726276072297,-73.936926821793
40530409,40.719797675999,-73.809726097192
41291395,40.722357280189,-73.989896247798
41363541,40.754302586078,-73.992735128578
41051001,40.543213398661,-74.142090420225
40944839,40.68692411011,-73.990419686235
41465453,40.71390259798,-73.735664241293
41421853,40.644805078465,-73.922704009274
41542041,40.631505684448,-74.021890816474
40907891,40.742336181733,-73.9186224437
40923919,40.751725255259,-73.973664826396
41160918,40.616505369831,-74.068002877425
40392430,40.739136779589,-74.001223736622
40529415,40.621125923782,-74.025730822866
41543375,40.687493522723,-73.977224903541
41531391,40.629858803319,-74.028526146569
41236562,40.551181149085,-74.150225578067
41325258,40.745142173801,-73.994797497786
40646987,40.784647486415,-73.956133826002
41224668,40.748266530506,-73.94378214553
40678550,40.745648161036,-73.978091293612
41270442,40.714153400133,-73.961430579325
41445856,40.770961733302,-73.982903920346
41224664,40.75486426611,-73.984015173326
41225996,40.684641175193,-73.868922199164
41100403,40.714231842743,-73.949474515327
41006423,40.522761261016,-74.23482817463
40400493,40.779847123429,-73.775439480442
41568669,40.750542258786,-73.948892695661
41457842,40.584006442732,-73.950785145014
41156888,40.746200005367,-73.985305909523
40383506,40.670560559337,-73.931593801662
40624802,40.694598216063,-73.993372850624
40951165,40.7236024007,-74.004342926253
41316336,40.746062766195,-73.984667953832
40861244,40.619085038187,-74.021048897041
40402205,40.73432600669,-73.997461589234
41085232,40.731401631865,-74.00674198828
41172946,40.679927158811,-73.884905373559
41338586,40.624401247508,-73.997593434473
41211336,40.659955177327,-73.885169959186
41041697,40.627711492273,-73.946975876441
40692857,40.774832365746,-73.958748348093
41396374,40.743705023396,-73.825725040737
40837561,40.72139481123,-73.995076371861
41473084,40.747999374912,-73.985744465728
40785901,40.757307512702,-73.991770222596
40938190,40.679350135896,-73.929455349527
41396367,40.809143458154,-73.948576982878
41538801,40.841415101345,-73.843323548041
40565973,40.728008214971,-73.988016209658
40972071,40.775801492013,-73.910997791138
41262846,40.872138492861,-73.877683446072
41497034,40.739412753805,-73.78570018786
41406224,40.752416676539,-73.989507241331
41005152,40.757167206104,-73.97799409487
40922618,40.718243828582,-73.959987203636
41028671,40.86310007483,-73.858135759734
41274868,40.764049441019,-73.881085822069
41285514,40.778273635459,-73.980988340006
41473028,40.715430555567,-73.99810193975
41431231,40.615660745879,-74.031359759034
40781534,40.714776072504,-73.94450306836
41379089,40.744816848367,-73.923983344288
41448070,40.751499682877,-73.87428435279
41521154,40.741097743025,-74.005043716162
41453420,40.770827837939,-73.903084090994
41099862,40.853878460366,-73.88893965679
41525509,40.743681524623,-73.921364370372
41298820,40.735070176743,-74.006003073348
41566070,40.766792797011,-73.982906863218
41566071,40.755815792945,-73.978666989135
41200686,40.639656795218,-73.967752969948
41424929,40.766088343066,-73.986961114
41274876,40.696233820561,-73.743450876403
41566073,40.747571506356,-73.982293125588
41395061,40.759238036028,-73.919705827064
41506388,40.601590066653,-73.993115061358
41478707,40.765076006285,-73.771682924651
41478706,40.601696796815,-74.002136236401
40999117,40.766187639162,-73.954145295262
41534467,40.72522731765,-73.952557564202
40989776,40.790408995505,-73.945609197685
41524204,40.715079495774,-73.962551384379
40370239,40.764846798546,-73.821382637503
41261564,40.744442165154,-73.931636235005
40387907,40.844077651544,-73.939070577783
40733009,40.752511483506,-73.978214493675
40735660,40.756143471891,-73.990671823839
41272210,40.746306582083,-73.993954263324
40849580,40.714897020861,-73.913377444493
40959910,40.60388882016,-73.752369510227
41419573,40.777924064614,-73.980165194717
41301284,40.758356783137,-73.919411080748
41387458,40.748010866236,-73.992882875799
40392497,40.73077289661,-74.006689846839
41478726,40.681361250927,-73.965308555833
41507697,40.802763329134,-73.956663780217
41505035,40.689303574891,-73.969146700044
41560746,40.640781377531,-73.950257845465
40395526,40.631376252392,-74.027905381445
40616388,40.631177884028,-73.976113254744
40875849,40.816579902952,-73.946575510024
41273539,40.629180252925,-74.028803449484
40391174,40.767320856192,-73.986233703297
41095477,40.682041955144,-73.960304907962
40608767,40.604257428717,-74.006898534273
41272203,40.728835854027,-74.007155882498
41298811,40.753096515879,-73.984112721182
41558439,40.671537024736,-73.991046590524
40534810,40.762735310289,-73.983114788345
40869179,40.822477447388,-73.891679776329
40367407,40.730921828618,-73.985834100568
41417760,40.779551472091,-73.950609091019
41388798,40.782909802076,-73.951083520945
41125769,40.686374222184,-73.97437661767
41334133,40.764201189455,-73.972985168821
41014902,40.729347771285,-74.003847313322
41284228,40.764087551574,-73.882001178515
41471288,40.62510501446,-73.946634808234
40377698,40.73187850642,-74.001354174583
41156027,40.721697818703,-73.988478844591
41570916,40.610328731665,-73.96252038554
40947044,40.677678116931,-73.898465455721
41499620,40.64971810918,-73.949533908916
41533985,40.811905787472,-73.909628315197
41449367,40.676970063088,-74.000674282939
41125776,40.697982408683,-73.926788195286
40884743,40.758806096799,-73.965570530537
41120082,40.712512850893,-73.784133454361
40999961,40.755165079145,-73.973246769494
41240648,40.760070029102,-73.832638426409
40390655,40.609857436719,-74.063098612901
41556626,40.710916109658,-73.770649862211
40574067,40.629084984176,-74.011657172461
41415111,40.618300457014,-73.932038732461
41011887,40.738608436703,-73.991890394192
40857107,40.726367267108,-73.851681686943
41483265,40.709406536466,-74.011951332336
40744545,40.753049132774,-73.969763112412
41565587,40.778631297454,-73.981518481796
40546849,40.739061883585,-73.989336578535
41326504,40.849507706577,-73.916937387803
41373724,40.880928951328,-73.839473171327
41392820,40.752214499748,-73.993677414004
40367420,40.729000046727,-73.988762740207
41184984,40.71292904501,-73.877879461597
41495273,40.71280969156,-73.783402058102
40388348,40.867749338522,-73.920806014388
41148400,40.645847953127,-74.086049632726
41274882,40.686283768457,-73.793804854208
41437350,40.638276829454,-74.0067580801
40534837,40.809867105451,-73.958743352239
40940421,40.756428073291,-73.95592537359
41251327,40.699991184864,-73.907853603177
41303891,40.760851576409,-73.830402598473
41436020,40.695960286938,-73.838468874396
41565552,40.737111465135,-73.998240413186
41565551,40.687024874902,-73.95471653836
40668380,40.757154239765,-73.977963266762
41134699,40.671095127229,-73.961355242182
41373712,40.745514978636,-73.97777739807
40402284,40.743212627146,-73.937360597231
41043494,40.737261789664,-73.863920413686
41263308,40.646030380538,-73.998503147783
41519699,40.635267879927,-74.023334170701
41169319,40.748519089602,-74.00347894318
41387494,40.638414955425,-73.895813903171
40941749,40.762843669357,-73.996980848042
41334144,40.835509031558,-73.888347881301
41302572,40.734457189157,-73.995899639641
41510404,40.664847170533,-73.734876636512
41043476,40.740487898827,-73.922770135327
40399007,40.771565825372,-73.959191464611
40947051,40.676731624139,-73.916683822573
41022554,40.693044938207,-73.936334480302
41569916,40.86500145702,-73.919569671743
40952402,40.738860033792,-73.980105314682
41348778,40.726354938909,-73.989667073229
41450380,40.852883070548,-73.9304148395
40927469,40.753520691874,-73.998843896787
41281195,40.753158852937,-73.980284162199
41323499,40.689252419337,-73.98608088462
41424031,40.749134645972,-73.87024597694
41055454,40.75254234506,-73.978514860442
41313211,40.811256768179,-73.942859003898
41216192,40.729269821788,-73.98726872888
41289909,40.795198582348,-73.969619664823
41334139,40.741603874013,-73.98104044808
41169306,40.756143471891,-73.990671823839
40879347,40.765407088036,-73.817126350028
40764120,40.757964039001,-73.795612699359
41332399,40.815779369029,-73.916757519068
41010509,40.626661514863,-74.162306618823
41475604,40.60869655139,-73.973542208903
41543343,40.704300491574,-73.797930704577
41403165,40.795518611441,-73.948197893978
40565165,40.728928280617,-73.984253798246
41368355,40.810465547314,-73.951712267177
40363093,40.890501380076,-73.848479009138
41104875,40.756904400853,-73.986763506465
41369689,40.875412339289,-73.879439563056
40680038,40.760430401788,-73.915346385645
40830906,40.657185335803,-73.960155714114
40570508,40.74258467522,-74.005287278052
40909649,40.825114205372,-73.859264926504
41091988,40.731442848801,-74.001228447896
41355046,40.768654013831,-73.988808592101
41380885,40.820609504439,-73.943633615146
41497885,40.726304890853,-73.740853730692
41097283,40.576368428676,-74.103732111139
41380886,40.701669717389,-74.011996827621
41483220,40.66331157305,-73.950988062935
40388392,40.815105230763,-73.918385585366
41097286,40.770411244518,-73.954009109461
41452979,40.718193156049,-73.872453572911
40390698,40.687894454232,-73.833458448156
40828609,40.902920617079,-73.849425506131
41221518,40.756111807536,-73.970469953631
41348755,40.812872573351,-73.907617221933
41403177,40.751015166954,-73.94625580887
41508164,40.730591793426,-73.983212487109
40566485,40.761116440349,-73.983160184674
41343061,40.606643672009,-73.961907720601
41429788,40.798764886406,-73.941796835532
40566482,40.761116440349,-73.983160184674
40381752,40.725745413886,-73.99488577118
40640843,40.76565288932,-73.976336923013
41029140,40.727439860523,-73.985084560056
40884718,40.680043587194,-73.942083705251
41492166,40.66271299282,-73.991904708702
41534408,40.865580805348,-73.860211184151
41517071,40.767842714074,-73.983589153848
40825546,40.751725255259,-73.973664826396
41075000,40.765260907175,-73.977174430317
41097273,40.841176896621,-73.939843225888
41169360,40.661203758872,-73.920117970084
41542033,40.749814209966,-73.863826198601
41322129,40.740862328614,-73.992100874187
41429773,40.814486780684,-73.915132539764
41430762,40.775149792781,-73.953817681678
41569947,40.691275074933,-73.86709268642
40404023,40.755986692957,-73.983366497353
41511775,40.83363243065,-73.929063477369
40587376,40.749760417398,-73.985491137356
40880365,40.694676727435,-73.848550998744
41464967,40.738100403276,-73.987799624599
40804631,40.784668036374,-73.946859403663
40511309,40.7360994938,-73.989281386443
40387086,40.718508317284,-73.997636514901
41497864,40.744431747399,-73.985472385114
41492178,40.743241613204,-73.915717186342
40929201,40.575553953024,-74.127512899048
41547712,40.872861577118,-73.878355407059
41322119,40.805710096928,-73.965490955456
41264671,40.749875953492,-73.995062579204
40545546,40.749468678867,-73.993038855804
40511312,40.578257066559,-73.8492347054
40366157,40.753624921138,-73.97347077765
41237074,40.740007727737,-73.995213455441
41403159,40.807897577204,-73.945622012425
41572265,40.756023223526,-73.881519818996
41666669,40.682216291674,-73.766971068071
41714830,40.756976984821,-73.971928107758
41714836,40.681924881214,-73.908607107109
41584249,40.71918065522,-73.958522354337
50002037,40.638234619344,-73.968572611582
50004699,40.71656107847,-73.998838918356
50004696,40.740002529798,-73.982207042299
50002034,40.69236473512,-73.988813993515
50004695,40.760117267323,-73.828174423837
41576618,40.828472939061,-73.879853547197
41666677,40.723864070009,-73.987938619868
50002030,40.669841575936,-73.782832837217
50014008,40.636425176985,-74.009654198663
41722468,40.759176269013,-73.918744579105
50015335,40.68185327809,-73.766183767775
50014007,40.713654430855,-74.008854745237
50015337,40.673327091382,-73.956890804173
41664019,40.819130999373,-73.927123167897
41711793,40.758632472543,-73.830992689448
50015331,40.673100306696,-73.775542753832
50014003,40.736693280204,-73.995097156002
41645715,40.717193204097,-73.994391758631
41678668,40.603956472804,-73.997822055708
41679993,40.654979756254,-73.961453730544
50007713,40.632566919998,-73.947468731191
41679996,40.638496886935,-73.948329017104
50007714,40.734640606441,-73.986110299003
41586899,40.690335663295,-73.994929773243
41624800,40.747458360299,-73.991811346413
50003358,40.711731825833,-73.789992562896
50007708,40.763869638442,-73.961880386702
41708148,40.62599305731,-74.155930761134
50002021,40.889753613402,-73.898318806873
50003352,40.83696732174,-73.866355730734
50002023,40.808942905179,-73.951978981182
41722476,40.729719068125,-73.959866208104
50003351,40.759523907228,-73.977441053454
41596215,40.692475045771,-73.858873453514
50004680,40.680124314215,-73.997060415272
41640033,40.744085891847,-73.98572546614
41666685,40.729247063727,-74.001213497831
41669711,40.752945248778,-73.914909288046
50012299,40.713985868066,-73.960194591683
41677340,40.715773729639,-73.833191143749
50015327,40.573484933716,-74.116849166323
41593187,40.72859454449,-74.004607335804
50012295,40.691609501533,-73.811707432534
50015320,40.648836892894,-73.977588658538
41630698,40.664037352326,-73.984052145171
41584224,40.720082911734,-73.959735624271
50003339,40.729310386851,-73.981074563251
50004678,40.812638005596,-73.906477848294
50002014,40.638639056078,-73.984867401313
50004676,40.633061442888,-73.888967097455
50002016,40.764300869539,-73.981010630801
50004674,40.71794689849,-74.005484501188
50003344,40.854503750678,-73.888377576458
50002012,40.71383178911,-73.997902579852
41701503,40.718797201135,-73.841538911772
50003340,40.762206869114,-73.916454808694
41721159,40.774803202185,-73.908709922957
50015317,40.748378299567,-73.863567525292
41702831,40.739911602009,-73.985867731333
50015319,40.751683182736,-73.99034750617
50012289,40.572910312659,-73.995153644149
50015315,40.609446276534,-74.087554524172
41717077,40.717665359469,-73.856937671185
50012285,40.674708256436,-73.997867079075
50012281,40.702366364062,-73.817313117603
41710448,40.866565679551,-73.891581028864
41705091,40.75206499514,-73.986218110325
50003328,40.757945212262,-73.979834994204
50002004,40.759698619532,-73.829377544625
50004667,40.691535442551,-73.987379443185
50002003,40.719440389434,-73.987663734832
50005997,40.754379723405,-73.827797303528
50002005,40.709399653955,-74.006685627843
50003335,40.68946810851,-73.991875533082
50005996,40.665684643042,-73.994446012399
50003332,40.586713277041,-74.09183562399
50003333,40.780126069739,-73.980440218135
50004661,40.629698986366,-74.004923288054
50002001,40.727785119626,-73.892101043123
50005992,40.605201641706,-73.980918920492
41633728,40.726012353154,-73.939720518987
41603054,40.719823827886,-73.997184256841
41713540,40.728933968996,-73.998312830663
50007765,40.741825241632,-73.91970873942
50015384,40.844237752483,-73.830462884279
50007767,40.749021910382,-73.871291942993
41621717,40.729330149082,-74.000963682262
41691671,40.63718872837,-73.893365941287
50006438,40.792540260427,-73.967668953999
41653309,40.753466789555,-73.863447027591
50005105,40.58394412759,-74.168766534898
41584294,40.673239364295,-73.950259120969
50005103,40.724457272697,-73.948244584697
50002079,40.713978969928,-73.956143300312
41628358,40.715073467599,-73.994503356483
41705925,40.666444092067,-73.883123587252
41629684,40.740504091323,-73.922733113659
41604371,40.638412849341,-73.95349392786
50014048,40.675197741994,-73.97487627878
41700219,40.708332160991,-73.872273194805
41698293,40.632942709723,-74.13402889968
50015375,40.608017553672,-73.960875505258
41708186,40.704246872298,-73.928036615978
41708185,40.822104885291,-73.938649181947
41589967,40.631733869322,-74.124277134777
50015370,40.657023778035,-73.908550747679
50006427,40.707839986505,-73.802565736057
50002066,40.800016679007,-73.964557358846
50002065,40.861270994107,-73.919380370259
50006423,40.742218712667,-73.979691932434
50002067,40.603101171445,-74.083142217894
41701557,40.758778318964,-73.978746642835
50002063,40.824598093064,-73.910155245514
41628364,40.774916060185,-73.953815534423
50003390,40.66774012287,-73.895062606523
41628362,40.674827213689,-73.807308904214
41629694,40.715113098995,-74.015848412642
41628363,40.622343981916,-73.965516310955
41577977,40.753196403236,-73.969655906074
50014038,40.812651200494,-73.902529960583
50014039,40.883710728685,-73.897749884369
41701539,40.750625329135,-73.973957945039
41608767,40.747269293414,-74.003014400405
41616389,40.738810680186,-74.008456158788
50014030,40.721100368386,-73.958637202558
50014031,40.886164537809,-73.909738165612
50015363,40.677883717364,-73.972885013447
41606108,40.639742527085,-73.929024674517
41616384,40.699291434479,-73.939512115293
50007748,40.707950058629,-73.921556469666
50003387,40.705897490271,-73.831116451474
50002054,40.689409551173,-73.969029029073
50002056,40.634095363556,-74.020831678404
41702877,40.734802797351,-73.985992598847
50003383,40.701048375131,-73.942336135179
41722442,40.743032329488,-73.919534745676
41630648,40.689810681802,-73.979632221325
41631979,40.799073776407,-73.942837129531
41661801,40.800264303193,-73.968138446804
50015359,40.706482943946,-73.791909075936
50014024,40.522851233559,-74.23930424133
41708166,40.605114358392,-73.980106609422
50014020,40.726966042679,-73.787819527619
50015352,40.806534545323,-73.965061372833
50014021,40.854524768325,-73.866165312266
41713509,40.580136410222,-73.837470612799
50006404,40.814914644448,-73.915056919457
50003379,40.719195579615,-73.842427019742
41655934,40.779150199281,-73.947804210109
41688037,40.539366944855,-74.148567934555
41702866,40.665776671711,-73.953744232029
41630658,40.787530670364,-73.975216279682
50014019,40.727790508372,-73.979317542512
41615914,40.818594889783,-73.937670403135
50012234,40.743650719056,-73.924852230131
50014895,40.771914625442,-73.956178506239
50013561,40.761181445094,-73.991380223308
50013562,40.651024611038,-73.95879920581
41609237,40.604912700188,-73.99887991689
41586824,40.747889875692,-73.880940071419
50004608,40.826848870363,-73.891507236869
50005938,40.700188522672,-73.832712765032
50005937,40.740092791063,-73.982313820318
50001578,40.742784250981,-73.873749391404
50005934,40.791211675342,-73.972527159872
41675539,40.604132047477,-74.083706649417
41704630,40.637457304704,-74.031391520354
50000254,40.759106196516,-73.833972113216
50001582,40.703257440502,-73.895360528153
50005940,40.743607607128,-73.979752464216
50000253,40.737458066741,-73.996915443756
50001584,40.725369709087,-73.957445210502
41683170,40.618658596005,-73.9306609418
41700279,40.76256700653,-73.803587327838
41594444,40.612897304788,-73.912366777056
41611549,40.522395989006,-74.216634002394
50014889,40.598480159867,-73.959075507856
41705967,40.80313336549,-73.952502310334
50014887,40.76692306127,-73.962575526587
50014886,40.62996029622,-74.010117617388
41634206,40.750708434486,-73.87572127473
41609227,40.729796131186,-73.779244597054
41627909,40.608103765561,-73.972936138431
41695144,40.754552594724,-73.981182738834
50005926,40.645268513617,-74.013728642269
41583785,40.635842733716,-73.974837209047
50005925,40.793108770396,-73.940707844065
41582458,40.744486969537,-73.915272181921
50005924,40.866896217006,-73.920784751941
50002899,40.597431848671,-73.966878610826
50001575,40.754442944369,-73.987006258886
50000243,40.741940357969,-73.993418065296
50005932,40.758313531603,-73.992631121461
41704620,40.772139492095,-73.955841508762
50001576,40.750890401809,-73.873988262921
50001573,40.753740534926,-73.974288679864
50000241,40.726569907317,-73.789414578529
50012216,40.708161817977,-73.782227568799
50013547,40.679790760363,-73.851353339538
50014874,40.585586748807,-74.092915789741
50013543,40.855200862482,-73.937358248917
50014873,40.639816808169,-73.906733948137
41666608,40.71322820464,-74.009046103753
50014875,40.837016501144,-73.917320498783
41712232,40.759698619532,-73.829377544625
41586806,40.820090728106,-73.91602107863
41714892,40.675126588638,-73.99930675651
50014871,40.765162618456,-73.818629846489
41712236,40.744919076086,-73.909380596564
41714897,40.631767964969,-73.995341894882
50000226,40.878823138835,-73.865502495387
50001557,40.642689391429,-74.012736354251
50000225,40.726583924195,-73.988335299796
50001556,40.634801499411,-74.026328488355
41583780,40.759698619532,-73.829377544625
50005921,40.840085259768,-73.87904644492
50000235,40.760185071918,-73.877539550986
50001565,40.719440389434,-73.987663734832
50001560,40.767842714074,-73.983589153848
41679915,40.592682800997,-74.068345737992
50000230,40.759180067346,-73.995884827935
50001561,40.809114161962,-73.938995741162
50012204,40.772067817664,-73.734386335229
41704611,40.650876149888,-73.949331273756
41594425,40.759698619532,-73.829377544625
41700259,40.659448253022,-73.883842048269
50012200,40.732186336248,-73.981981321454
41631155,40.576764819968,-73.981492141714
41636841,40.639354520942,-74.005444826539
50000219,40.730505186711,-73.989123706074
41717914,40.576115149796,-74.103985963776
50001549,40.618208046612,-73.932134018943
41679934,40.83079959651,-73.905234352919
41712223,40.765926432417,-73.810906443453
50005906,40.755851669909,-73.975038934292
50000215,40.838412178123,-73.937890201843
50001545,40.636808019121,-73.898070824526
41618185,40.82497726111,-73.820605659755
41632480,40.877986770297,-73.86580892699
50001548,40.719440389434,-73.987663734832
50002876,40.773314522169,-73.955157834775
50000216,40.753813123546,-73.871963406144
50000222,40.718847462055,-73.75769560668
50001552,40.625114222728,-74.074693162877
50000224,40.846209747985,-73.91879778155
50001555,40.730453692775,-73.99489424946
41624867,40.768677994669,-73.933254050852
50000223,40.70133703224,-73.911046710727
41657759,40.802566024835,-73.96424581523
41700245,40.710003664118,-74.007862737299
41704607,40.814166158633,-73.919098043143
41594416,40.697591931075,-73.836193469011
41610229,40.829214282504,-73.91637186356
50013525,40.708093757374,-74.014353404941
50015303,40.695107661705,-73.844878131279
41594493,40.786322676012,-73.835857897684
41717983,40.707602571182,-73.796325036231
50012278,40.828792019329,-73.945091310523
50015302,40.844364004756,-73.908579431942
50012276,40.729057277989,-73.990179505671
41716658,40.718990371885,-73.838589397702
50003316,40.609047082883,-73.970387052825
50004647,40.72886581033,-73.984299512043
41657750,40.747288358172,-73.991718812866
50003325,40.762727331016,-73.874007972496
50005987,40.632287769488,-73.948539495235
50003324,40.838403356995,-73.941791828062
41687571,40.713731590193,-73.829790374575
50000294,40.792329982918,-73.973396182404
50000297,40.757098540224,-73.969745245386
50000296,40.770553070456,-73.957173698243
50004651,40.779980147585,-73.950124750548
50000291,40.674289129854,-73.735765137161
41577920,40.760935899752,-73.961097531048
41687576,40.764104810108,-73.882102856126
41707702,40.701749665119,-73.943502244555
50013597,40.648777712177,-73.949429999091
50013598,40.764093304419,-73.882035071052
41632462,40.591915269112,-73.96077991833
50013599,40.560633748485,-74.134946817648
41692900,40.767453863864,-73.738753906891
41653386,40.716686513496,-73.980533387743
41715315,40.786722741545,-73.950217140408
50000288,40.831648410706,-73.88153261444
41620485,40.744808133131,-73.987119480118
41644433,40.718945594866,-73.985226118755
41645764,40.790242377267,-73.94280020042
50000289,40.666973842689,-73.870994182331
50005974,40.742956284739,-73.98335624071
41581176,40.832527525429,-73.827913131242
41618169,40.827313584421,-73.886636801395
41624840,40.706435533044,-73.759320153312
41643105,40.88047313269,-73.903291150942
50000286,40.777667712661,-73.979561554838
41721188,40.65166718788,-73.933208124688
50000280,40.856208533255,-73.887100045817
50000282,40.816121560019,-73.945796323251
41620482,40.72118269773,-73.996790949107
41636818,40.622675200886,-74.028480136786
41633762,40.730143433236,-74.003241438808
50012256,40.677249484022,-73.957577770496
50013582,40.740333545415,-73.995988238441
41610200,40.742691872246,-74.000296172352
50013585,40.659396152834,-73.981305099192
41644417,40.621950358022,-73.94584778582
41652049,40.635802574353,-74.011755997644
41699573,40.833714469916,-73.915200694553
50004629,40.756044915842,-73.942663723881
41679961,40.695256111999,-73.842724876736
41619462,40.587854850229,-74.103159847646
50005957,40.763413917123,-73.815197546669
50005956,40.702166986201,-73.936182338944
50005966,40.695110749278,-73.916017995376
50005965,40.715934584926,-73.901447361951
50005964,40.755724905814,-73.928060778703
41704653,40.848314214273,-73.934378369652
41686263,40.724782661444,-73.990537057824
41666655,40.803233508045,-73.956147846705
41704655,40.814350912534,-73.959345657594
41594460,40.763863048465,-73.958961011382
41636803,40.649577692006,-73.962888597326
50012240,40.719577692312,-73.987755154338
41632447,40.611918260552,-74.137674067171
41611521,40.618282108981,-73.958083517252
41666659,40.75976985064,-73.972004029873
50004615,40.763885257199,-73.973387133015
41700283,40.815397103997,-73.916207371075
50000266,40.699423014142,-73.820998714018
50000265,40.818385129,-73.922222938243
50004624,40.728956123143,-74.005183544554
50004621,40.642683302357,-74.002176366412
50001598,40.716606024697,-73.965785359041
50001593,40.641659021559,-74.013999952738
50000261,40.718630810016,-73.985388698062
41680956,40.631966575614,-73.943511193366
50001595,40.823650980846,-73.94400505016
41677309,40.762162677084,-73.96329248585
41704649,40.756345688327,-73.994065122713
41598815,40.762429480567,-73.804454686121
41680953,40.636416247025,-73.948106699756
41703319,40.773938503666,-73.913271160435
50013569,40.655185657612,-73.88799991722
41687588,40.668658225728,-73.993268796227
41705976,40.689810681802,-73.979632221325
41640957,40.817034571204,-73.927914843257
41684533,40.743241589169,-73.921324730229
41715246,40.664637928032,-73.993582797899
41664920,40.62855058488,-74.006119268398
50008255,40.712856930126,-73.965992315975
50008256,40.69786324978,-73.936944155147
50010573,40.596905800997,-74.085326930237
50001616,40.719030107841,-74.010286836294
41719609,40.680661454969,-73.974453782509
41659574,40.761277666027,-73.960674463184
50002944,40.748675863932,-73.756411055844
41673883,40.728970352627,-73.981206058523
50001611,40.746540116531,-73.993783515868
50001614,40.668713859189,-73.906530787011
50002952,40.650487601487,-73.957836523682
41626658,40.816538480443,-73.89608467419
50001621,40.769795798245,-73.834693249663
41625323,40.722887124696,-73.913661557176
41696519,40.72124765592,-73.983861435586
50011896,40.791052103098,-73.939109931426
50014922,40.621295394463,-74.03186801474
50014921,40.729957541485,-73.979364790118
50011890,40.683333550662,-74.003439001337
50009573,40.747375325053,-73.996888271814
50001609,40.826130168796,-73.938736486583
50009575,40.714132542554,-73.995144568785
50002939,40.735454209703,-74.00182407076
50009577,40.70329809299,-74.011955831427
41583703,40.798933898559,-73.966893170687
41640949,40.757080535481,-73.979415786552
50001603,40.606958419132,-74.002273334026
41671226,40.583603866265,-73.949545033282
50001610,40.700722814943,-73.929922857023
41671229,40.77980240238,-73.956465709754
50014918,40.759698619532,-73.829377544625
41625337,40.650739533698,-73.958723555933
41660581,40.680815062586,-73.953916075335
50014916,40.817709027358,-73.94203092931
41708947,40.742603067926,-73.915773204565
41708946,40.720877922459,-73.988029994927
50011889,40.720605984255,-73.908070839413
41659556,40.688132771736,-73.819115373209
41664949,40.654904482979,-73.959633135686
50008230,40.746931219875,-73.974398946963
50009561,40.755563170012,-73.979701762187
50009564,40.664837575108,-73.734868060274
50008234,40.74081089253,-73.981791414424
50008238,40.688280324287,-73.96472169618
41626629,40.711932088204,-73.962841246404
41697874,40.783415331092,-73.950713971936
41625305,40.763626457929,-73.982763088867
41673898,40.730579668391,-73.98471201971
50014904,40.771737316532,-73.985055067864
41601373,40.745991208522,-73.953088305004
41683230,40.759238697932,-73.978234996946
41712191,40.724943930604,-73.722770796208
50014902,40.771737316532,-73.985055067864
41707603,40.828795270205,-73.91676438148
50014901,40.680554144225,-73.977738902426
41578339,40.631626214487,-74.021841400816
41717874,40.775836522482,-73.900678547438
50005190,40.728243198525,-73.981851657863
41612017,40.730125064649,-73.994029471074
41612015,40.683268003174,-73.995541954945
50009553,40.716020805671,-74.004843756935
50008222,40.753122768005,-73.969709509243
41688905,40.910470294856,-73.896688517028
50010540,40.699941052654,-73.948196934207
50009556,40.80119460794,-73.967974298094
50002910,40.684127449099,-73.846708857555
41703233,40.879601094826,-73.909677436968
41676937,40.76492478986,-73.828023573308
41601369,40.726166832539,-73.986438996271
41627976,40.77795769533,-73.809252898311
41663632,40.712575571531,-73.784372075188
50005192,40.808542886171,-73.923208159445
41655176,40.742176176587,-74.00067327267
50013641,40.523795152756,-74.234711457158
50014972,40.784666748925,-73.973415385968
41719645,40.624835600362,-73.96140413673
50012313,40.775432767664,-73.933048165889
50013644,40.76025739066,-73.82651503854
50014971,40.773369697233,-73.906681090112
50000325,40.709989191997,-74.010246404799
50001656,40.757884641304,-73.989399845761
41603977,40.617052725188,-74.033601336908
50001655,40.749232466731,-73.889796374972
50002986,40.718381976174,-73.994767539121
41658200,40.812532311513,-73.905968701923
41718319,40.754008346574,-73.827628492462
50000326,40.836629037498,-73.939196923001
41646226,40.666928884491,-73.956500500673
50002996,40.69939512483,-73.820981708573
50002990,40.851279732577,-73.908224022598
41623580,40.740439694499,-73.895458671929
50012306,40.848797993615,-73.903522825007
41634247,40.6342872027,-73.888832270166
41684567,40.861963448588,-73.843256412385
50008285,40.781924600931,-73.945772825697
50014963,40.634154020612,-73.919243443227
41583748,40.759143204592,-73.831176466804
50008287,40.736560771158,-73.992654594501
50000318,40.737567334001,-73.980057626758
50000314,40.720766201164,-73.809364269967
50000321,40.617943809676,-73.956225202015
50001651,40.587519879484,-73.811165182679
41708986,40.721348330032,-74.004741635862
50000323,40.669012867285,-73.986526872966
41672599,40.70885156367,-73.778579134109
50001653,40.857330184955,-73.932228548777
41692194,40.760516806271,-73.989802352507
41664983,40.737215790867,-73.992226137559
41589054,40.764883140298,-73.917241543347
50010599,40.613706904994,-74.158293280684
50010598,40.58394412759,-74.168766534898
50014955,40.576954267748,-73.952744013461
50008281,40.716472760203,-74.006809068279
50008282,40.682759537834,-73.96315232655
41639905,40.742529272651,-73.854623219532
41664986,40.716026863343,-74.007305540845
50010596,40.759270565308,-73.831173408961
41614641,40.76768013391,-73.993234382671
50000306,40.583738379509,-73.948117819795
50001639,40.755118956078,-73.921932700672
50002969,40.749673189503,-73.991673511998
50000303,40.714330990902,-73.802450827546
41656483,40.656689097149,-74.002045418025
50000302,40.890102835486,-73.898176763519
50002967,40.787954365821,-73.976720460807
50002964,40.712254313736,-73.826224550348
41695257,40.745726586212,-73.988572180675
50001635,40.58877959005,-73.949319456634
50001640,40.722176946782,-73.996659672688
50002974,40.749673189503,-73.991673511998
50000312,40.73329677123,-73.996831054482
41646202,40.678002545417,-73.949658174579
50002970,40.665208860422,-73.922802852269
41703285,40.68876186389,-73.945065047071
50010587,40.542725031668,-74.163766955984
50013612,40.758806259844,-73.962646743481
41708979,40.684008218552,-73.995184040055
50010581,40.721144222715,-73.759214036198
50014941,40.640074188041,-73.966819729827
50008265,40.752977255543,-73.972750305668
50010584,40.777874838426,-73.948732073211
50008268,40.642695926302,-73.956684570643
50001627,40.764967555406,-73.812765446707
41674324,40.753161875452,-73.821818222531
41583720,40.794284991883,-73.951111012345
41631195,40.704643710786,-73.809252597455
50001624,40.896379143191,-73.872030609545
50002954,40.798106123106,-73.940551571727
50001630,40.71583703188,-74.003429878239
41706304,40.692083866886,-73.761001270449
41708964,40.802350376659,-73.964403814183
50001631,40.867123249146,-73.922632230159
41589034,40.765088675625,-73.98768985796
50013605,40.798007031182,-73.963690636098
50014935,40.644048400519,-74.076610500819
41717023,40.624257319137,-74.030657174021
41717025,40.695311574184,-73.998617726384
41718356,40.80932525338,-73.944265500206
41616445,40.745751830357,-73.983928597575
41642733,40.641607420587,-73.936927734101
41690375,40.597098489172,-74.085332388173
50009507,40.761310398287,-73.86567379595
41709407,40.746012153935,-73.899919081186
41664094,40.844150612372,-73.903015304163
41690384,40.748809513637,-73.756479799687
41709409,40.715704609203,-73.990462564869
50011817,40.667361865198,-73.981094742987
50014090,40.758825422769,-73.82849730984
41629769,40.714585066529,-73.999528514032
41688063,40.702488301336,-73.986910597682
50005145,40.694567986022,-73.993705834402
41649373,40.813651221837,-73.92210672743
41717021,40.580020164729,-73.837403181996
41630749,40.714661325509,-73.96672775236
41621809,40.769650484434,-73.911293568373
41719675,40.649721511114,-73.952444346686
50014089,40.633998935047,-74.004311703834
41596189,40.702921995906,-73.929748967519
41719674,40.679985945269,-73.877347236327
50014086,40.776524286112,-73.955572268048
41690369,40.764217502053,-73.983067061063
50014080,40.790162876333,-73.973292857055
41608817,40.832422252398,-73.864662688548
41711711,40.854699923948,-73.887205876711
50014083,40.599569596763,-73.949172326708
41617794,40.66934477552,-73.986071611173
50005137,40.66294754454,-73.991660503425
41673803,40.672564153578,-73.77513832218
41705032,40.635580282739,-74.026178795532
41720694,40.763457393627,-73.941478416746
50005130,40.747360867634,-73.868415686079
41575236,40.680544235501,-73.763475270339
41718336,40.683253665435,-73.992734245202
41719668,40.738204072156,-73.886360809001
41682774,40.598505194995,-73.997484654234
41719666,40.744879896401,-73.991448520909
41717000,40.760030977994,-73.832617669218
41630730,40.664883538237,-73.989794007205
41648029,40.781150245915,-73.949268029921
50005128,40.747009583759,-73.985514156163
50006458,40.693195697108,-73.973030036562
50005123,40.646855844012,-73.913442895693
41617766,40.795341693161,-73.948327142902
41680107,40.837253082853,-73.887209271848
50002091,40.826510816259,-73.875429679862
41604473,40.82874672103,-73.824508930715
50014067,40.619643072694,-73.916672663353
50007773,40.823504014425,-73.894304750646
50015394,40.717554383718,-73.995365201734
41690386,40.761205286069,-73.762822850093
41628429,40.781792258985,-73.975682646176
41629759,40.746805396179,-73.898757495338
50005115,40.707286289089,-73.802456076459
41652985,40.757451505486,-73.829184298594
41690391,40.722406553992,-73.991876470205
50002089,40.721962121804,-73.958544622541
41628423,40.764212758405,-73.771217966679
41680117,40.623668933189,-74.149036243075
50006441,40.749131695826,-73.993871668707
50006440,40.749774904125,-73.993767350753
50002080,40.664142261097,-73.909393640915
41668489,40.648045346415,-73.892741086961
41680112,40.730073635142,-73.823659437996
41706349,40.731912912503,-73.991492209511
50002082,40.890277446528,-73.898105741841
41680111,40.834493173404,-73.928576918921
50002081,40.86136946183,-73.857516419337
50008210,40.801044196154,-73.967300929289
41651652,40.710072582817,-73.848782500856
50009546,40.762830475781,-73.831574133619
50008216,40.703911050682,-73.903893295066
41636014,40.628187310188,-74.01300132097
41697802,40.820619478002,-73.954781479561
41672500,40.749079579626,-73.984178798847
41600064,40.862316449209,-73.922933760767
50005186,40.751622812444,-73.870781702918
50010526,40.7466191211,-73.883831086122
41721977,40.760954108074,-73.830475215096
41637358,40.621340048667,-74.006444843217
41718388,40.763385607182,-73.807187190649
50008204,40.786616291261,-73.950293327349
41673850,40.68441527271,-74.000153381145
41637352,40.746199252303,-73.897046745237
41673844,40.718203582037,-73.989394632742
41630718,40.749783067936,-73.983917367028
41693440,40.775001328031,-73.913659446119
41629734,40.644655317789,-73.913268776553
50005177,40.708565548907,-73.958475348659
50005176,40.754379723405,-73.827797303528
41680137,40.761519369448,-73.96634934282
50005174,40.735348256135,-73.876089301576
41680151,40.732596944346,-74.002645037029
41679163,40.643625222509,-73.989922601182
41709420,40.691648727633,-73.819808131312
41613392,40.796504792965,-73.936440348651
50010509,40.733462537764,-73.989804954699
41588598,40.741372810446,-73.920778826917
50010507,40.860768588109,-73.926833023108
41629701,40.638135247308,-73.976186606644
50010502,40.719077445281,-73.984851920518
50010501,40.726328945585,-73.989411703531
41709426,40.682583790566,-73.814238210959
50010505,40.798502444594,-73.933454900476
50011836,40.753705418779,-73.974314329838
41680145,40.727860532911,-74.001131427076
50005160,40.746812674628,-73.891186517616
50010504,40.718148324971,-74.00069788716
41680163,40.754691611665,-73.989820495277
41679172,40.730757882864,-74.002643881448
41640963,40.635683887604,-73.913122434301
50009512,40.726922337715,-73.987553498956
41705051,40.672534066526,-73.764220692404
41711734,40.637253354354,-74.01121485392
41673864,40.659230582798,-73.839723894967
41711725,40.686009184007,-73.825797000215
50006488,40.868966625025,-73.915711630112
50005152,40.608482002644,-74.004791032364
50015468,40.624761565631,-74.13646312403
50015467,40.715002867305,-73.75018739416
41690416,40.746623970332,-73.945483988883
50015464,40.714042984457,-73.996638083429
41710594,40.742176039895,-73.853847591461
50015463,40.710009501605,-74.006087458071
41600938,40.623466654383,-74.025017923568
41710596,40.739090130394,-73.979937384423
41678772,40.689791601648,-73.842574066807
50007846,40.851086764174,-73.930705014743
41589821,40.713659715605,-73.779386468319
50003489,40.748294836955,-73.878204191641
41688107,40.732167109048,-73.981822576067
41721259,40.740933579818,-73.995912095013
41577842,40.624938260189,-74.030377439541
41701643,40.708503125779,-73.957940560934
50015453,40.760765237221,-73.832860699267
50015452,40.717604786352,-73.990416384755
50011091,40.767918903974,-73.991858802112
50007831,40.853771490956,-73.908234875906
41653463,40.599014019671,-73.955294595944
41710589,40.798172334858,-73.939767067
50007827,40.605102481687,-73.941976273184
50007828,40.66171102457,-73.992947543669
41615180,40.860852900156,-73.926949505803
50002143,40.68000332024,-73.941352030167
50002142,40.738523309039,-74.005454852582
50003476,40.76426298216,-73.982862949218
41619579,40.621639928696,-74.168511299403
41631209,40.680153197065,-73.996885264917
41664142,40.618464854694,-73.990950205467
50015448,40.758610759023,-73.831056365257
41640137,40.779879379733,-73.954555316723
50015440,40.723061321494,-73.800023173698
50007824,40.676882057234,-73.869523310448
50002136,40.735136324291,-74.000166890031
41585441,40.523278206886,-74.234769815894
41584112,40.75057943642,-73.974160681634
50004797,40.72951020164,-74.000991372754
41584113,40.75057943642,-73.974160681634
50002137,40.717961988032,-73.997551194807
50002132,40.820264904283,-73.913306221838
50004795,40.632082095539,-73.952793908698
50004796,40.841052488473,-73.842839742811
50002133,40.697294734299,-73.934829975899
50003460,40.73771768201,-74.00200539113
50004790,40.64209614467,-74.013007128663
41664154,40.872733639671,-73.854269208231
41611605,40.725129448215,-73.95164470003
50015434,40.724790875988,-73.984076812746
50014106,40.633396829732,-74.027078941272
50011079,40.673219451833,-73.775632627533
50014101,40.759229870928,-73.988255552328
41621868,40.761360841081,-73.802985392665
50002118,40.860046893982,-73.887834283397
50002117,40.860046893982,-73.887834283397
50003448,40.694691914941,-73.848472069732
50003457,40.825837004665,-73.950795814962
50002124,40.706734229324,-73.896974947228
41586764,40.759698619532,-73.829377544625
50002126,40.739701159513,-73.985056756295
50002121,40.741360615732,-73.993838873738
50002123,40.656623859892,-74.008357199226
50003451,40.747590520028,-73.883769897105
50004782,40.78586415256,-73.976258224306
50002122,40.754216794928,-73.991901638253
50004783,40.73111831582,-73.954489949996
41664166,40.788213421881,-73.953357134938
41606200,40.840435281245,-73.921826470914
41575211,40.613289582354,-74.065456088063
41603176,40.62645148786,-74.075433638992
50007883,40.579072694696,-73.983393006985
41677489,40.646695928446,-73.970236068955
50007884,40.674519502327,-73.970479332896
50014175,40.752879633745,-73.983597921795
41596150,40.730870699637,-73.989556312994
50014170,40.626848331941,-74.163935929252
41642780,40.757859916228,-73.829383083392
50006557,40.739857488213,-73.985427946674
50002197,40.762670760895,-73.996885213903
50005224,40.71860133771,-74.004441753593
50006552,40.742630832031,-73.98227264835
41700356,40.774232875862,-73.948448503664
50006551,40.62427575376,-74.030807698882
41721213,40.829290919653,-73.928544465265
41701686,40.853704699524,-73.843309840622
41597477,40.797215752537,-73.938438764933
50014166,40.742213540556,-73.722577098149
50007871,40.760856697127,-73.990773961041
41596144,40.745321856088,-73.984823632331
50014168,40.838487818329,-73.918855544144
50007874,40.825906414028,-73.821436537627
41653421,40.75395587958,-73.97734520671
41615144,40.584935865128,-74.093684795728
50007877,40.643094656152,-73.978886005519
50006539,40.864990824409,-73.903608063942
41589852,40.857136937985,-73.904721336374
41700342,40.720716833442,-73.8461300517
50006543,40.697488420149,-73.936284610713
50006542,40.635847973294,-73.974789544803
50002183,40.690875005405,-73.908570395207
50006541,40.89274482442,-73.855522707609
41704703,40.744451063673,-73.976018875871
50002184,40.60510864399,-73.997639014587
41576546,40.809545859919,-73.922482562065
41577859,40.762162677084,-73.96329248585
41693508,40.758357961801,-73.829200904092
50015485,40.650917222139,-73.94848829396
50015482,40.607359336181,-73.942980462537
41615178,40.693276563324,-73.972104985606
41584148,40.609310366359,-73.93190116489
50006528,40.748174174969,-73.878252191644
50007869,40.759698619532,-73.829377544625
50005207,40.775368627108,-73.909510058852
41690482,40.745585076628,-73.979700678358
41689496,40.612601529593,-74.13003984328
50006532,40.636974635548,-73.952150487237
41628459,40.672149664502,-73.785428796389
41722563,40.573101055529,-73.980875884149
41577862,40.752935685385,-73.987219107141
41628450,40.697159350759,-73.932116267802
41679211,40.71802260622,-73.990102471252
50015475,40.646744639446,-73.970110151697
50007850,40.700428119999,-73.902273764003
50015476,40.757765402067,-73.822663970647
41654733,40.63828219717,-74.079150018841
41616499,40.808689497798,-73.963489724795
41653402,40.728436731556,-73.864642210585
50015473,40.71465191059,-74.007494907917
41608879,40.639065672205,-74.009524929806
50006519,40.692174053159,-73.861535138932
50007856,40.724890052868,-73.850181488088
50007858,40.705633143244,-73.937152243633
50006521,40.826848086862,-73.891375456217
41688151,40.717958969037,-73.959530475008
41628468,40.689291740244,-73.816143832907
41614704,40.76897457553,-73.965293181864
41662347,40.714606718365,-73.944207391145
50013682,40.767406054923,-73.921058907263
50012352,40.731957165281,-73.850547299472
41673003,40.644955518946,-74.100943365636
41583682,40.653417301026,-74.003042052702
41602716,40.764911398489,-73.811864700826
50000375,40.717561496996,-73.949637359318
50003400,40.740124011487,-74.005879349822
50000377,40.768928036121,-73.868411004826
41663684,40.785781458665,-73.972775817584
50013678,40.760045916529,-73.914534204781
41574710,40.700284951224,-73.993376055469
41662352,40.707005468583,-73.932738380598
41631296,40.723732536718,-73.996749815221
50013675,40.758359136701,-73.83410635558
41663688,40.755374709745,-73.92731382593
50011014,40.697054114084,-73.906781685429
50013672,40.702784722962,-73.981209060174
41659605,40.727873566483,-74.001682961451
50012342,40.699985323514,-73.907904543767
50013673,40.766448364649,-73.789770357146
50004719,40.676411446127,-73.891731861006
50004715,40.725911678632,-73.951925196999
50001688,40.602854664089,-73.753131198517
41695267,40.60171456351,-73.993959396149
50004713,40.727247569154,-73.988327416181
50000359,40.690499335756,-73.991898530134
50001696,40.717846734021,-73.995048269283
50000364,40.799978603125,-73.952541797806
50004723,40.752442359393,-74.005878442893
50004721,40.666504280046,-73.757520164424
50001692,40.869671190795,-73.82713067989
50001691,40.704567494739,-73.799747233029
41699619,40.669892339603,-73.97916724965
41704748,40.819374721201,-73.848034138045
41662367,40.714039730172,-73.996716711647
41611659,40.753649428761,-73.986997856249
41635620,40.716889455344,-73.959052912462
50014991,40.657047087993,-73.960277462697
50014990,40.761168280561,-73.803952085397
50012330,40.744891604838,-73.953300578377
41699653,40.808084235843,-73.946064904144
50004709,40.705335671516,-73.922817201934
41584989,40.781172534804,-73.979850833573
50004706,40.683079526476,-73.973573171123
41583659,40.565776005778,-74.109069040513
50001678,40.751822215007,-73.974706709601
50004702,40.707308496128,-73.789479200206
41673023,40.644955518946,-74.100943365636
41711029,40.634043108009,-74.085577529581
50001679,40.747348167689,-73.985267567537
41623645,40.637998279679,-74.079160695477
41618299,40.616205693207,-74.103845645266
41698319,40.844216338841,-73.939038589397
50001686,40.637859312364,-74.010777723046
50014986,40.622625923564,-74.028500458287
41704719,40.792982091575,-73.972921945958
50014982,40.715205250136,-74.007191333051
50014981,40.761324591139,-73.990606324701
41673033,40.644955518946,-74.100943365636
50000339,40.763041269949,-73.875163201899
41623648,40.714893152966,-73.913382518803
41652197,40.5855494055,-73.817380147994
41699644,40.707333032544,-73.835408767011
50001668,40.726743855637,-73.983119669637
50001670,40.775258832098,-73.909576632225
50001672,40.762596579043,-73.959713023951
41623654,40.63368571259,-74.011343298002
50000340,40.765025551272,-73.917257488272
41595623,40.763407354952,-73.980837873732
50013649,40.619416801887,-73.964236322149
41596951,40.624187084411,-74.08108195444
41614709,40.679732832982,-73.938516627652
50014977,40.727446286857,-73.731383250846
41614707,40.76897457553,-73.965293181864
50013646,40.764340472962,-73.911132388537
41719800,40.743356497667,-73.996269555239
50015424,40.747850846857,-73.985075577551
50011065,40.601059261799,-74.09273770132
41715445,40.823743628856,-73.952322633989
50015425,40.740812469431,-73.983709252328
41691704,40.84913928377,-73.933142746298
41635602,40.747601153259,-73.884774615713
50011068,40.679466927558,-73.910995992691
50015422,40.720799634599,-73.809373924584
41673048,40.644955518946,-74.100943365636
50002107,40.717141490205,-73.958370524921
50011060,40.722941056947,-73.98344957953
50002108,40.72347802524,-73.992768029866
50003438,40.694163990955,-73.926652609804
41624954,40.74827976296,-73.973415544053
50004777,40.772326343036,-73.92704944326
50002116,40.626952630882,-74.164578606162
41703465,40.70840606853,-73.943301481289
50004776,40.762814764888,-73.831648009885
50004773,40.59566366453,-73.774970357951
50004772,40.905366183016,-73.900941481949
41661062,40.729157939251,-74.001310436689
41711074,40.792801985961,-73.796364593841
50011053,40.752341612337,-73.984239303749
50015415,40.749828466161,-73.983713611854
41673050,40.644955518946,-74.100943365636
41714102,40.843020663132,-73.939273018683
50011057,40.754855142368,-73.991827527616
50012382,40.765612191954,-73.919204166982
50011051,40.748909750916,-73.75653135757
41624957,40.705440563299,-73.794791596123
41677411,40.76134407063,-73.803775676228
41702121,40.759182644575,-73.962198290975
50004764,40.876761078013,-73.828404420991
50002100,40.854611639612,-73.885514562713
50003430,40.721493661309,-73.988424553925
41686353,40.743567722115,-73.92413427688
41631249,40.742134582916,-73.868409026143
50011049,40.814196545073,-73.948315552326
41704787,40.756537521268,-73.833667241009
41640196,40.704229115647,-73.904682007785
50015408,40.829621474621,-73.948036157634
41664100,40.816385920919,-73.918622396738
50015407,40.739341506669,-74.006778751305
50015402,40.659510557864,-73.916710572519
41689407,40.769171417576,-73.736814980796
50012378,40.704158339668,-73.93393720633
41636913,40.836278334947,-73.860265660088
50015403,40.779020022287,-73.950821081864
50015400,40.707441916588,-74.002433703309
50003415,40.711951880732,-73.957234001694
50003424,40.761595592246,-73.976539652638
41618259,40.853923123959,-73.888899508195
50011038,40.759256124459,-73.82656329905
41702114,40.711730460807,-73.962968406348
41664111,40.571031312397,-74.109289766884
41633899,40.633714546998,-74.011313386559
50011036,40.795836771311,-73.970841325968
50011035,40.735101039867,-73.97986193132
50012363,40.739693744177,-73.924212157498
41645858,40.737900034109,-73.997970480365
41677434,40.710234440688,-73.899379407125
41698355,40.608165565283,-73.920566482416
50003409,40.694681847157,-73.946091115059
50012360,40.742357647288,-73.953120244926
50003406,40.729534097372,-73.999719858386
50003407,40.715406194531,-73.991546637548
50004738,40.717935971903,-73.999953754656
50003413,40.720228204905,-73.987419725196
50003414,40.739131976217,-73.987689228922
50000389,40.733260624801,-73.989999597488
50000381,40.801263006077,-73.961319461019
50012358,40.716435134439,-74.010862946889
41702104,40.688630601021,-73.830878412305
50012359,40.679977616812,-73.942972652123
41637427,40.599454723586,-73.985852106071
50008372,40.707343505172,-73.795994721732
50010691,40.679362231294,-73.753712006213
50008374,40.751626791455,-73.988294757804
50008376,40.700711465085,-73.913080917258
50001737,40.763449337488,-73.986763841198
50000405,40.574457563978,-73.969239842774
41634390,40.800671466189,-73.965625117091
50001738,40.764545768042,-73.916524607749
50000401,40.725843043821,-73.9427200796
50000411,40.733134704525,-73.998277111659
41646389,40.698870555878,-73.917181463263
50001741,40.749998455427,-73.818549875603
41649418,40.753236570322,-73.7932550768
41591211,40.764027069677,-73.966783659724
41645053,40.782455698532,-73.948311743168
41646384,40.679315278205,-73.995572160571
50007030,40.730459157257,-73.864091524587
41715356,40.729801178353,-73.986709114792
50013710,40.755475754983,-73.989759467344
50007033,40.636732530944,-74.011758011402
50008364,40.797443692968,-73.967980308509
50007035,40.738767663794,-73.992268492011
50009698,40.714932669469,-73.958597512913
50010683,40.721655820811,-73.980709842951
41637430,40.592820932014,-73.949014877835
41638762,40.647239513551,-74.008193321539
50001726,40.742526340505,-73.917013784614
50001725,40.722443737543,-73.993147445674
41614771,40.733131916602,-74.000000916605
50001728,40.80001554995,-73.940516826778
41696631,40.620117802464,-74.007522639133
50001724,40.798754037409,-73.961559775813
41670013,40.748134866001,-73.879703510941
50000400,40.710321981406,-73.84960613643
41651711,40.731243483151,-74.003652299414
41629810,40.719089519778,-73.955411395676
50013705,40.68044470942,-73.977811858962
50010676,40.762343948087,-73.81462817314
50010679,40.551138856531,-74.149826492048
41715345,40.725882299348,-74.001257027192
41657018,40.718101513835,-73.988518148552
50009685,40.765741582391,-73.987388051668
41682019,40.688620363654,-73.818185882114
50008354,40.764721575283,-73.810859893639
50010673,40.773896325273,-73.917561294143
41616501,40.729758667126,-73.995412475717
50008356,40.71812537513,-73.98626988483
50010671,40.825058746601,-73.940378205107
41580542,40.559787831643,-74.135100108792
41697992,40.676975513623,-73.986200719406
50001711,40.831438293586,-73.921771577079
41715349,40.732462094868,-73.987873942372
41695327,40.761126565034,-73.803957850409
50010667,40.754209101213,-73.992513827507
50010665,40.75632931194,-73.969864684243
50011996,40.67896766059,-73.987400215936
41682021,40.642618971384,-73.97948484114
41581869,40.76743398514,-73.772910328664
50001708,40.769290016618,-73.957920865857
41659669,40.725195721067,-73.984246671207
50010662,40.778157111844,-73.980713958243
50010661,40.776067961032,-73.95314751261
50001709,40.748479460707,-73.975072747115
50010660,40.756090838353,-73.979320533127
50001704,40.637340072054,-73.897476518582
41716667,40.756057843581,-73.976989719029
41670042,40.586900340619,-73.95256000513
41580533,40.837500105528,-73.938728397541
41716669,40.709793460215,-74.006764056534
50001702,40.718233396746,-73.803610777884
41605848,40.854776245635,-73.854936221413
50001701,40.758049499394,-73.991884429894
41704687,40.74571254568,-73.972017388225
41579553,40.764606111716,-73.810890643395
41720751,40.714389663156,-73.993359656182
41669059,40.734856860988,-73.985953365461
50010657,40.784239730439,-73.979777500859
41718435,40.688709540545,-73.939257059825
50007086,40.651861711046,-73.837975435259
41638716,40.760740364215,-73.984561925042
50011101,40.637040713158,-73.952222650537
50000445,40.830469295401,-73.947416272703
50000453,40.737649128824,-73.92981907729
50001784,40.762557504817,-73.814961522243
50001786,40.752534870557,-73.968976662034
50000454,40.753084509541,-73.995427408933
41595616,40.647484393296,-74.011618144574
41613409,40.689791332667,-73.826779792946
50012424,40.703732004335,-73.895531443114
50013756,40.751923675639,-73.979099426832
41621041,40.7543589014,-73.897318467914
41634367,40.760487100249,-73.922077142664
50012421,40.860413061473,-73.894474748672
50012422,40.766003679607,-73.955637163095
50013753,40.626365084441,-74.130104313789
50007077,40.720277074095,-73.988809109704
41614732,40.76897457553,-73.965293181864
50007078,40.783124783028,-73.952208152413
41634369,40.628152495654,-74.023689928009
41661106,40.752782006055,-73.832610148428
50000439,40.689286726453,-73.816156117328
41584957,40.892974995607,-73.857523830829
50000435,40.626886465156,-74.126268955083
50001765,40.669512839721,-73.958466268358
50000437,40.752472081767,-73.973292100959
41647664,40.710477356737,-73.850588530013
41706444,40.665194683694,-73.922887904037
50001775,40.747114077936,-73.987467212863
41707773,40.839762170091,-73.868672374093
50012418,40.863275254329,-73.829137368667
41595605,40.723697578323,-73.989293725887
41614729,40.76897457553,-73.965293181864
50012414,40.755747292879,-73.970729787287
41684697,40.736776256453,-73.984556719828
50012415,40.727056256542,-73.987872170754
50012416,40.680877612568,-73.949747026266
41636999,40.747583384891,-73.883834170849
41602782,40.763225414167,-73.985335784719
50000424,40.723440582511,-73.988683661809
50000431,40.733125615764,-73.863942674917
50000430,40.596004568341,-73.981517909246
41596927,40.66831149781,-73.906429717195
50001764,40.651177367978,-73.917990578227
50000432,40.678395250965,-73.869612118418
41646327,40.693504643893,-73.829500216205
41596925,40.677217653281,-73.896768316114
50013734,40.518910034021,-74.230314764292
41686421,40.840572121555,-73.938215887401
41613428,40.770881307573,-73.966179243037
41655263,40.766266255808,-73.986829112804
41720706,40.798111103089,-73.941910218792
41696692,40.759717575641,-73.974325814309
41602776,40.643083507415,-73.978912072913
50001749,40.766124009055,-73.919578655799
50000415,40.767498261104,-73.920593371832
50001746,40.777342778825,-73.950324684388
50001745,40.849099806235,-73.891680829731
41673105,40.754968181853,-73.988251904061
50000422,40.698711300469,-73.992489144353
50001753,40.820492445131,-73.954874111987
50000421,40.757444947363,-73.903583343034
50001752,40.715913779287,-73.860992370039
41623695,40.757846339941,-73.828251071305
41699717,40.726053931382,-73.985179230151
41646316,40.687481224021,-73.959650631874
41682051,40.761088969922,-73.923642292298
41663797,40.622616331743,-74.028346216542
41621032,40.672916533253,-73.962740735865
50013722,40.762364962461,-73.813733065733
41603250,40.746115985036,-73.883528056934
41685900,40.757368452901,-73.915726839409
41581812,40.659430607186,-73.884773997369
50009621,40.866446125213,-73.920327485829
41660608,40.620851518403,-73.988535670066
41705160,40.642408077413,-74.016699587092
41706492,40.735392996423,-73.97965913681
41650481,40.625367063063,-73.961504897335
41676198,40.756039300271,-73.804652929363
50010608,40.719285615062,-73.994545096548
50011937,40.759959600992,-73.964903803426
41653505,40.756989660565,-73.83397127648
50005268,40.759002770959,-73.887664866966
50006599,40.637660500842,-74.008437681483
41705164,40.676490769496,-73.971874033901
50006597,40.578075232621,-73.849130344554
50005264,40.871324980414,-73.848030808699
41722501,40.8085065955,-73.9290440841
41629881,40.742049339851,-74.000938131704
41722504,40.708662786656,-73.9434965168
41575141,40.864655967508,-73.863657122799
41706482,40.609302090937,-73.931913906424
41653501,40.778102835738,-73.77812005816
41608933,40.743717073935,-73.825727231612
41636189,40.726769899247,-73.98908683218
41612195,40.684582911053,-73.978979662418
50009617,40.77017112894,-73.914826069033
41711827,40.86939930824,-73.916719544796
41668582,40.751772818219,-73.980123927949
41577790,40.743831635965,-73.985122038645
41718460,40.706863982675,-74.007082772419
50011921,40.752271811112,-73.82661604658
41628567,40.664742609804,-73.993666189255
50005253,40.695131452,-73.843296246431
50011920,40.831033207886,-73.850751625361
41673927,40.609909805728,-74.147885263872
41718462,40.762437475916,-73.804470291744
50005251,40.764949148884,-73.828018894588
50005250,40.76066037226,-73.987375743876
50011925,40.848377176971,-73.889466822246
50006580,40.69129161877,-73.866982526247
50011922,40.850618742411,-73.937487026194
41719784,40.763465878744,-73.81424871229
41642833,40.541665846964,-74.162771963308
50009600,40.757451505486,-73.829184298594
41650465,40.8195147376,-73.926781908997
41642835,40.60868381024,-74.005124447005
50014193,40.633507990165,-74.005043191481
41667262,40.720446005059,-73.761005342732
41697900,40.814851975172,-73.940398157602
41589763,40.751536876242,-73.978016308428
50005247,40.718078520069,-73.986134966798
50006577,40.787299736351,-73.971667673645
50011919,40.727306750011,-73.9886948341
50005242,40.704908952822,-73.942729151456
41648141,40.791840253251,-73.972069190636
41681571,40.764915337999,-73.91730996524
41722525,40.761866158873,-73.99392726985
41718442,40.755976135897,-73.804509437218
50014187,40.652475607233,-74.006239631726
50014184,40.677249484022,-73.957577770496
50007898,40.866372746503,-73.92816531571
41651780,40.787390825451,-73.951853146354
41693533,40.612593366858,-73.982852262536
50014180,40.719176290579,-74.006265540462
41584066,40.768820495189,-73.961190638328
50005236,40.635383384857,-73.92743895153
41650444,40.707527760393,-73.817267271117
41624188,40.7659855507,-73.913200853066
50011902,40.63675587231,-74.134178858386
41667277,40.58394412759,-74.168766534898
41580528,40.720340686975,-73.989016136716
41702929,40.756647760086,-73.767641659321
41717188,40.793094221685,-73.971153237363
50007002,40.649904103154,-73.90337417844
50007003,40.752450129233,-73.984496048421
41581851,40.74750601213,-73.986485561836
50007006,40.76496329737,-73.974715175852
50007007,40.576910673088,-73.981851228057
50008339,40.759698619532,-73.829377544625
41604549,40.721726583055,-73.98830046178
41648128,40.730387667234,-74.001164374494
41587168,40.699347948096,-73.939618393428
41624158,40.683147067613,-73.992806276651
41625485,40.541514008951,-74.14676912337
41648121,40.718102057312,-73.989957665771
50011974,40.758778318964,-73.978746642835
41702935,40.670529901829,-73.978455788736
41709569,40.71394860052,-73.921981785546
50011979,40.714107184433,-73.948286122752
41630826,40.760812765294,-73.96692567305
41702919,40.721788910759,-73.849394779431
41702915,40.699094989989,-73.793179608789
50008321,40.698955273977,-73.914393627261
41710546,40.755420501659,-73.987714977826
50008329,40.784715161047,-73.977095115686
41648118,40.625612772588,-74.078850942479
41648117,40.759698619532,-73.829377544625
50005298,40.849540284616,-73.931835228353
50010634,40.763674552254,-73.967215669779
50005296,40.659679175854,-73.773603809191
50005294,40.837587856645,-73.910634282321
50011967,40.856104196043,-73.928685989477
41579518,40.820829007206,-73.95082895978
41615217,40.776391363728,-73.955669227345
41576485,40.702783233763,-73.912568961069
41684638,40.715798371627,-74.009706283262
41710530,40.715627280362,-73.989796707881
41612180,40.680338273301,-73.974832710928
41692262,40.714923529954,-73.807683464806
41697944,40.667620500437,-73.987686232322
41708214,40.67970572013,-73.862251588347
50005286,40.747472550358,-73.982369892839
41624133,40.719089587757,-74.010276942177
50005284,40.724534839033,-73.999653953356
50005283,40.655681741155,-73.950170836487
41590784,40.734190166142,-73.871739749001
41599118,40.731046296024,-73.860461489783
41617849,40.74491948015,-73.975864395009
50011955,40.7112852108,-74.014896100013
41637456,40.796181624259,-73.9378431974
41679293,40.741888543074,-73.919883003372
50009632,40.854107394934,-73.899221951582
41596089,40.655021316065,-73.83875924588
50008301,40.772157124672,-73.956001485125
50008304,40.663356171313,-73.960695594755
41576490,40.746482372652,-73.983751699218
50008308,40.573583303364,-74.117586481489
50009639,40.720611231622,-73.984359974333
50010619,40.738421154774,-73.989891577735
50005275,40.699140910313,-73.919717371267
41579510,40.820829007206,-73.95082895978
50010614,40.691128256751,-73.821641517277
41649095,40.818784547477,-73.918696710186
41630478,40.62385961591,-73.964924861647
41649093,40.81905898423,-73.889547325418
41698020,40.826257368904,-73.849793909181
41710235,40.777111361676,-73.95723960375
50014251,40.757907560671,-73.981790226121
50002279,40.762670760895,-73.996885213903
50006637,40.741410036478,-73.880536399475
50005304,40.713136208932,-73.955838808385
50006635,40.674915050035,-73.963280736953
50002275,40.762670760895,-73.996885213903
50005302,40.544284375817,-74.162620008965
50002274,40.762670760895,-73.996885213903
41642467,40.754712426637,-73.981561935345
41715918,40.750587860383,-73.895560372012
50002277,40.728947789254,-74.005184324427
50002276,40.726727544676,-73.979920687341
41630469,40.664626594047,-73.942567115447
50002270,40.779732226133,-73.950305967475
50002273,40.707128903719,-73.945906783217
41572498,40.826815730547,-73.926425780332
41604182,40.646180052097,-73.903576018646
50014246,40.742276334462,-74.000600227289
41634845,40.74993474638,-73.983966435461
50014242,40.677249484022,-73.957577770496
50014244,40.670873881691,-73.950481860828
50015575,40.751918804672,-73.931880639161
41621526,40.656580982376,-73.930515312852
41678422,40.747817118147,-73.989136418183
50007949,40.790054207695,-73.948862297648
41715905,40.745423863622,-74.00201983162
50002264,40.749983045804,-73.981428614297
50006622,40.718587033621,-73.960536804563
50003597,40.622067370591,-74.025814321371
41655758,40.656897110372,-73.768570852196
50002266,40.755780649357,-73.834697590246
41574209,40.730169878505,-74.003157235436
41666448,40.705266736739,-74.008938668502
41597788,40.787364517647,-73.948341522596
41702601,40.7080709625,-73.830768656427
50014235,40.844028605996,-73.835763142309
50015567,40.576255860285,-74.103844934533
50015569,40.595263164559,-73.780984985668
50015563,40.660319176666,-73.840353969432
50014232,40.737681826841,-73.996690291119
41597782,40.633576613304,-74.004940387239
41650067,40.669026176116,-73.95065402165
50007940,40.7112852108,-74.014896100013
41622829,40.747560758346,-73.862984033461
50015561,40.774399592341,-73.948152775008
41654422,40.825210704669,-73.94770697703
50006609,40.762356274663,-73.926056085808
41712879,40.793066215102,-73.944021926379
41617480,40.692685441111,-73.940447103251
50002249,40.671107877993,-73.984601727465
50006606,40.76460262146,-73.885037208253
41583142,40.781916966972,-73.979314151399
50002256,40.752132209412,-73.991104596461
50003587,40.720710548689,-73.845720383853
41583145,40.745926248882,-73.994231776188
50003585,40.852232455929,-73.898065266967
50002252,40.764366284807,-73.982427827649
41576838,40.692593793613,-73.940235401301
50002250,40.670186197668,-73.922681841826
50003580,40.713720029227,-73.993557403068
41665122,40.726166062639,-73.989531888807
41703920,40.782199613711,-73.953699459577
41719499,40.757180172442,-73.978024922978
50014220,40.731071184188,-73.982862217405
41718166,40.883156110012,-73.862955819118
50007930,40.7025668819,-73.814743557465
41631790,40.755524549798,-73.886233346065
41616173,40.620986272494,-74.025256962174
41637092,40.605172932787,-73.999317181128
50007926,40.631198442063,-73.976354560374
50002248,40.584760632493,-73.819345178269
50007929,40.838680158403,-73.835787023236
41643764,40.785999958234,-73.837461385553
50003575,40.675016109168,-73.981522342258
41703912,40.694322477843,-73.801902468472
50003571,40.721554482244,-73.988555208989
50002240,40.59046016349,-73.797153365838
41674092,40.718617665318,-73.963645368368
41699392,40.719783309338,-74.004033582412
41631760,40.746957865683,-73.985725323855
41698063,40.744889544983,-73.98723288485
41609832,40.784027241635,-73.97777020586
41710277,40.763190795381,-73.962544898796
41586226,40.713291839889,-73.994586381353
50006679,40.672907599831,-73.960708737482
41655725,40.732981937549,-73.988422257898
41671816,40.576884154259,-73.982959702545
50006672,40.754441306432,-73.980099829014
41649057,40.68004034209,-73.753071462399
41677131,40.767199301839,-73.922332792369
50014288,40.718365831526,-73.992787530008
50014289,40.662408147937,-73.931442711168
50007996,40.775997384627,-73.946985184476
50014284,40.755152728111,-73.985009891119
41689100,40.627773644513,-74.023260167481
50006664,40.757882474446,-73.975488245272
50005330,40.798177513845,-73.963737067667
41703974,40.727757478248,-73.892153521598
41711580,40.605343288244,-73.982282611844
41650019,40.755883149,-73.912567114021
41691451,40.723472313594,-73.985501011093
50002299,40.617687226354,-74.029391143532
41722204,40.72526626253,-74.003548011886
41703965,40.710066337401,-74.009285750172
41610835,40.825353256882,-73.890439609101
41575563,40.772224747452,-73.94817727588
41683812,40.716022702177,-73.992975204671
41702619,40.75806768078,-73.970111862274
50007970,40.844809106781,-73.909965801238
41643714,40.651710018847,-73.932222160667
50005309,40.817085858683,-73.921823856579
50005307,40.715230583889,-73.997538454384
50005317,40.730230644237,-73.986397272839
50005314,40.843813858249,-73.845684628974
41670513,40.765194541512,-73.813692783403
41628109,40.764320880184,-73.825713786752
50002285,40.871339214457,-73.864660247
41671844,40.791935210516,-73.944495247736
50002282,40.755324583415,-73.96518514629
50006640,40.722121873998,-73.985740248619
41628105,40.667839355639,-73.93391913068
41658884,40.741908439761,-73.919828885628
50011142,40.693687496916,-73.827660352659
50015503,40.751724817179,-73.8317619105
50012471,40.736873837804,-74.003878657029
50011145,40.824702852235,-73.820306898948
50012473,40.696025971393,-73.946495480377
50003518,40.710974477768,-73.854472618443
50004849,40.640572122379,-73.743336241363
41672277,40.772062444975,-73.965143012048
50003517,40.707527678643,-73.835904050178
41672275,40.68265425773,-73.993138881642
50004845,40.765666640252,-73.987442485601
41585733,40.711633004779,-73.994456936014
41657552,40.678062969894,-73.996094888053
50000496,40.729901569465,-74.00361658829
50000499,40.724061387014,-73.9925622637
50004852,40.752213022001,-73.98362460362
50003522,40.671095127229,-73.961355242182
41625961,40.716202443675,-73.995815281551
50000492,40.773816079451,-73.797229881841
50011139,40.664398894832,-73.983750558219
50011137,40.633938495137,-73.967329941997
41607294,40.751516482668,-73.870741879738
50011130,40.702609258419,-73.901688448433
41653183,40.702365051728,-73.817342513914
41656214,40.725869278394,-74.00072685365
41685579,40.789133981892,-73.946540585733
50012460,40.639201916184,-73.919278495632
41636621,40.770393768779,-73.893443302082
50011135,40.703715262064,-73.740476098416
50011133,40.690193529041,-73.992044606456
41672283,40.728271828873,-73.984904705153
50003508,40.721644704702,-74.004961044605
41712009,40.712848765601,-74.008212710478
50000478,40.684034288648,-73.992204652129
50003504,40.764283646707,-73.971269240079
41646896,40.594658133618,-73.973635265691
41702683,40.742069347344,-73.874258062048
50000488,40.691865652903,-73.778086398925
41623317,40.52769982629,-74.231704961454
50000484,40.714511798776,-73.999522373012
41645569,40.756420140437,-73.972332348649
41701350,40.644057997601,-73.976290845646
41702681,40.748406665511,-73.876013703624
41684250,40.730907020457,-73.982809318925
50011128,40.837175431545,-73.926895030728
41593344,40.758403503303,-73.829649988828
41662004,40.836441185248,-73.940090056152
50011120,40.706329755594,-74.003293536217
50012455,40.8261013532,-73.946886530461
41637925,40.598476101021,-73.979986693331
50013780,40.769171170236,-73.958180231907
41613996,40.809590340467,-73.880547252551
41697592,40.565515110539,-74.183138680715
50011122,40.734513887472,-74.002208707361
41710298,40.726696572125,-73.991607889214
50004825,40.722356522784,-73.850934225982
41624605,40.744503022428,-73.911192651037
50001798,40.575379354273,-73.97795019548
41580027,40.759306238364,-73.96948049431
50000475,40.776447324313,-73.915707322011
50004830,40.667708073345,-73.800056684815
50000471,40.703528397808,-74.011050910095
50000472,40.750300742798,-73.866965354536
50013777,40.598876539745,-73.997922975895
41702676,40.721340680612,-73.984797910277
50013779,40.702083545122,-73.892047399581
41637935,40.665613907162,-73.982557842108
50007097,40.692679231811,-73.83503037058
41690948,40.603835992029,-73.75228411925
50011112,40.704398872342,-74.009776323364
50012440,40.640052449368,-73.905864781892
50012441,40.862697027139,-73.890103130806
50000457,40.692613931784,-73.92740093629
50004814,40.729854458741,-73.999090481417
50000456,40.76188189427,-73.990203470056
50004815,40.738488736426,-73.982489938922
50000463,40.768232911395,-73.748483379677
50000466,40.596712842391,-73.933284278349
41702663,40.738836971554,-74.002367737834
50001796,40.573219513299,-73.979805914716
50001791,40.60227606624,-73.751607338408
41702668,40.752469041292,-73.972671387044
50007091,40.632354572667,-73.947059866906
50013766,40.723402779787,-74.001682680737
50007092,40.783562009671,-73.98027359155
41713384,40.82699916562,-73.925157055764
41634872,40.677315474445,-73.982616245037
50014211,40.67720984629,-73.968946171147
50011181,40.635390981962,-73.979026992496
41580093,40.652275675641,-73.927314574056
50002235,40.762970561258,-73.832876793048
41621561,40.77683090197,-73.902307059625
41705763,40.725064870861,-73.912294470494
50002231,40.641858411259,-74.017272151915
50002230,40.72150416828,-73.98754942681
50004895,40.639389281349,-73.968643124208
41705768,40.804146409815,-73.95176463069
50014207,40.749324986233,-73.888878867184
50015534,40.541155655264,-74.178014985532
50015533,40.720151507041,-73.988396005138
41688648,40.737602171273,-74.00407669255
50015530,40.758484554005,-73.831057938942
41713374,40.646535193712,-73.949038661338
50015531,40.679982205465,-73.940965935174
41713378,40.711948498874,-73.998562518652
41634881,40.586271231438,-73.988140922562
50007910,40.575580732115,-73.98221429401
50003547,40.677970823678,-73.997936636842
50004878,40.65346663927,-74.012210770206
50007913,40.817374342344,-73.93855767462
50007904,40.786332742436,-73.836089589519
50003555,40.752583433609,-73.985835929086
41662045,40.677791925057,-73.972820290056
41704425,40.711567024349,-73.959358764922
50015526,40.821575556413,-73.909715621586
50015523,40.664496978243,-73.942579173303
41713366,40.794472754423,-73.963349387714
50015520,40.7625414728,-73.989722271374
50002209,40.635675241894,-73.913135802335
50002205,40.764300869539,-73.981010630801
50004868,40.754323069671,-73.920239010823
50004870,40.696220556001,-73.743406884436
50004871,40.659683957198,-73.926558556325
50015519,40.638786922229,-74.006038123299
50015516,40.886112846862,-73.907054482652
41705745,40.753965305504,-73.972033179578
50015511,40.642543670999,-73.957639026319
50012482,40.744928673592,-73.863583289295
50015510,40.618107156425,-73.999368147811
50011155,40.735462293587,-73.881157778854
41654458,40.576199576089,-74.10390134623
41679736,40.755330064361,-73.981395536081
50012481,40.701254288266,-73.764979334864
50004859,40.726379193562,-73.727059385654
50004856,40.656634230375,-73.960030078715
41646831,40.675007191612,-73.999363964677
41663390,40.819027835052,-73.952229724527
50002204,40.740076158534,-73.986258458048
50002203,40.818927536175,-73.952302861633
50004861,40.717033142404,-73.992619825912
41687344,40.833427257042,-73.914680939626
41634857,40.633714546998,-74.011313386559
41688672,40.749535429288,-73.886874297711
41658809,40.901344945491,-73.850980095351
41704402,40.710375774919,-74.00791499472
41688677,40.763929966499,-73.80887452028
50008493,40.682160159506,-73.751944934293
50008497,40.617285842378,-73.944933177354
41718993,40.761562589644,-73.827014998627
41606800,40.862232475677,-73.901442589533
50000526,40.765625463268,-73.957501646627
41610065,40.749503913241,-73.892890804419
50000529,40.727220124448,-73.85311448605
50001859,40.730143433236,-74.003241438808
50001854,40.808064865609,-73.952624130922
50001853,40.798468584557,-73.941097170055
50000525,40.725387145752,-74.002289805727
50001856,40.802894997456,-73.95656781662
41636692,40.725610808879,-73.977821750176
41673635,40.690181144599,-73.92339331793
41674965,40.600841691074,-74.000781548158
41704354,40.746663991087,-73.980448343186
50000532,40.730608353935,-73.992302514684
50012509,40.714836639318,-74.011027989084
41626415,40.637104841119,-74.116939802374
41693250,40.715557347643,-73.998452681255
41627744,40.836130286638,-73.943281590773
50012506,40.738431520619,-73.982043430527
50013833,40.836327816731,-73.853064679977
41656299,40.835279615074,-73.903255276877
41638409,40.743753225552,-73.825733804239
41713294,40.707646644492,-73.9405175037
50007152,40.67841798013,-73.868644006136
50008485,40.736554753312,-73.990649797607
41583948,40.687434978267,-73.960051692279
50000516,40.786475625882,-73.793085711992
50007158,40.592802520451,-73.950237419115
50007159,40.719174551829,-73.98591196258
50000512,40.628122132887,-73.981091052921
41634044,40.758158903886,-73.992743169595
50001844,40.692222847362,-73.862038833265
41695897,40.764698017686,-73.924053343322
50000521,40.728171415,-73.984977676288
41626426,40.644471746779,-73.957887853391
41704341,40.759053093022,-73.989922500999
41589252,40.749158741667,-73.876695506786
50013827,40.728903823556,-73.984583545444
50013828,40.71747815758,-74.00894665296
41708706,40.69138444308,-73.79795157844
41590236,40.727929791458,-73.984091109322
41660347,40.684643874156,-73.86083789875
50010791,40.743516207614,-73.979646256764
50010790,40.748686641043,-73.757708317139
50010795,40.784007756035,-73.776410972845
41583936,40.853938255814,-73.883938738661
50007145,40.742609901059,-73.915820618828
50001836,40.731131270737,-73.985740937729
50008479,40.776739303881,-73.911672057746
50001838,40.715227812473,-74.008745432932
41583934,40.817180728209,-73.862070390821
41716315,40.755718462888,-73.928047036863
50001832,40.719678602591,-73.988639234716
50001831,40.705657469023,-73.915385352687
41646006,40.686937774615,-73.977696379008
50013819,40.743036270791,-73.919566655276
41706991,40.728140943297,-73.986749521689
50010788,40.621057493778,-74.025375073584
41601132,40.752314483113,-73.984175117581
41578597,40.671107877993,-73.984601727465
50013816,40.758641209113,-73.919357477638
50010785,40.745627851963,-73.979802050309
41592887,40.634919925982,-74.136106159439
50013811,40.715142340443,-73.990042127587
41624691,40.641664505263,-74.013801652294
41685633,40.802993103595,-73.938341480855
41713271,40.798995138604,-73.942651275899
41721716,40.795922317917,-73.935553935552
50010783,40.782355737468,-73.980930031286
50001825,40.85447667088,-73.868292386596
50001824,40.587399135952,-73.95403786884
50016088,40.755250760039,-73.814939815197
50001821,40.672160201786,-73.843936686969
41635353,40.741899551991,-74.004767857914
41595905,40.730247696321,-74.002504986274
50016080,40.747130001248,-73.985598935866
50010777,40.643767360486,-73.907629732991
41686974,40.718608976994,-73.960334178786
50013800,40.710426791936,-73.850271323949
41721722,40.729566571632,-73.998511239956
41684335,40.683593970895,-73.967115297813
50011224,40.749909865511,-73.882190235234
50011223,40.650293259468,-74.00869416513
50012551,40.634078509738,-73.928419664159
41696320,40.744594877231,-73.911298025446
50001898,40.783906705735,-73.977685268559
41719407,40.873247744897,-73.889108691667
50004931,40.769285411644,-73.736538576649
50003601,40.761599466072,-73.924442801815
50000576,40.722056505159,-73.950188424006
41703069,40.739027586374,-73.989566200733
50011216,40.763385887203,-73.828074680488
50007194,40.717142004149,-73.992402183016
50007196,40.683093768702,-73.992842292375
50011212,40.729974814483,-73.98557072246
50011211,40.738547766979,-73.987472775617
50013870,40.794115047446,-73.972269240317
41663404,40.745136487028,-73.920877805425
50013871,40.715833872044,-73.955735236298
41582654,40.708575315645,-74.011116027215
50001889,40.734486265349,-73.998844738377
41656254,40.752852059034,-73.866220767034
41648639,40.717695359571,-73.835679678241
50001890,40.840335353796,-73.873272132282
41707416,40.679164581625,-73.921189808432
41636635,40.761788627059,-73.830330958863
41684358,40.693439526267,-73.966448651395
41656246,40.687049772075,-73.966537796087
41582648,40.755900659821,-73.967688300722
41660388,40.760763754952,-73.922957603189
41683028,40.740265916867,-73.986221796432
50001879,40.811634506565,-73.926041743581
50004907,40.73276651754,-73.877007056281
50004904,40.834023222604,-73.91681109687
50004902,40.805852936878,-73.954235976136
41603757,40.765077601782,-73.820427312327
50004901,40.617769513194,-73.961675955279
50001883,40.696587481514,-73.934842216383
50001882,40.868203139878,-73.919726742108
41583980,40.81869499709,-73.88913371431
50001885,40.807531435283,-73.94929262869
41695009,40.549454854986,-74.150790748587
41704372,40.683320263699,-73.841089843795
50001880,40.767453863864,-73.738753906891
50012527,40.686057198733,-73.991004720756
41594622,40.650558477037,-74.004547745714
41591596,40.682737289653,-73.813254950291
41716350,40.607698019399,-74.001994890564
41591599,40.747014409568,-73.863545396722
41590267,40.737062187433,-73.880283620881
41708738,40.681408794083,-73.976990621542
41612697,40.77426612164,-73.948250884089
41635318,40.764201189455,-73.972985168821
50001868,40.69437351116,-73.956178367178
50001865,40.600666828534,-73.75384256936
41603746,40.689451596801,-73.97021018794
50000533,40.747450281625,-74.004255987224
50001872,40.76695920518,-73.912408743002
41594619,40.742394210739,-73.869808586077
50000540,40.73044553635,-73.994877631861
50000543,40.71990687097,-73.9893998968
50001873,40.69181610828,-73.986367151065
41625995,40.628691638271,-73.976690307619
41684352,40.727421178664,-73.984728703411
50012518,40.685677161245,-73.991261864045
50013849,40.727591684314,-73.952883111918
41622000,40.738332496583,-74.004038525744
41591587,40.747489944028,-73.973989585652
41645581,40.784666748925,-73.973415385968
41574167,40.740603141704,-73.87921310456
41718112,40.77329960556,-73.796022089652
41715088,40.759238727468,-73.994707864342
41706130,40.650312448394,-74.008674154767
50008416,40.820139802527,-73.915998436221
41650120,40.838251970925,-73.938006852743
50016030,40.76021327668,-73.826492150204
50010729,40.751621611568,-73.98414107013
50010727,40.751621611568,-73.98414107013
41695827,40.797298317317,-73.969773685261
41720440,40.682816217768,-73.850888193134
41631838,40.717670995371,-73.957343455121
50016029,40.828285577091,-73.850114233069
50016026,40.63395556138,-74.098471541515
41574171,40.797674917563,-73.967807632472
41683838,40.791389796627,-73.944893041394
50016021,40.586774466817,-74.091782494646
41652775,40.681937320709,-73.958548438661
41643816,40.770676549545,-73.890753135644
41677179,40.62213249524,-73.936254727885
41650107,40.766423378685,-73.920519603887
50010716,40.539123856369,-74.148770859645
41670534,40.771856254253,-73.953506548908
41689142,40.782751766169,-73.97852733943
50005377,40.743765276091,-73.825735995115
50004043,40.643409635804,-73.97814616841
50005375,40.782524135843,-73.951366338459
41669558,40.851028644616,-73.938921645437
41721786,40.731211793371,-74.002905204909
50005371,40.822565030387,-73.902764408463
50005370,40.713335704157,-73.765171111123
41716399,40.707737239812,-73.80249663353
41681203,40.651132424231,-73.944515027449
41719425,40.692962651715,-73.928273392333
41638458,40.757451505486,-73.829184298594
41613193,40.742357994484,-73.9563047562
50010708,40.703044391139,-73.907960886863
41586136,40.631953234555,-73.947663351081
41706115,40.74985084209,-73.981352498477
50005363,40.671032036505,-73.988242467851
50005361,40.583746537725,-73.941318456621
50006691,40.756924757874,-73.872955269367
41683856,40.761951433974,-73.961551256446
50016005,40.66846957166,-73.78161937439
41670561,40.68574508358,-73.840585424932
41613181,40.763509916283,-73.965243387354
50004025,40.69330849093,-73.852942416388
50005353,40.602464185678,-73.993370221887
50004090,40.745159721911,-73.998497818559
41682554,40.769468456366,-73.954869693613
50009782,40.733046294817,-74.006774934016
50008451,40.748077227069,-73.879173104916
50001818,40.830031131575,-73.918339386374
50008452,40.766501126606,-73.789808341115
41662941,40.835803867575,-73.914159863948
50001817,40.618845231078,-74.021969906982
50009783,40.63382953901,-73.993459788844
50009785,40.718732503501,-74.000349722061
41712853,40.756551225218,-73.925452927501
50008456,40.869443043656,-73.84440352884
50001816,40.726707422694,-73.853742980203
50016078,40.656623859892,-74.008357199226
50001815,40.823345582362,-73.911154684829
41661617,40.758691889709,-73.962730636309
50001810,40.789074025368,-73.943483774609
41706171,40.622464267204,-74.005084973721
50001812,40.707137981028,-74.007457191676
50016074,40.74250236103,-73.982479384548
41626454,40.729799602628,-73.860331583454
50010763,40.873045306107,-73.878527345033
41647399,40.782126398067,-73.981009754849
41721734,40.7464971206,-73.917903063608
41721739,40.707187160506,-73.752048420619
50009773,40.700096949827,-73.921121537142
41647380,40.752484306442,-73.78599918721
50001806,40.626938398246,-74.075726110457
50009775,40.700521177875,-73.912993006957
50009774,40.71600294269,-73.998346372685
50016065,40.775691255096,-73.910178172034
50001802,40.763614570685,-73.770514976524
50009776,40.700714363769,-73.929907751589
41706162,40.670334725476,-73.820867566601
50008448,40.784826268979,-73.973298792466
41712846,40.711827185247,-73.900064173427
41690165,40.753829637727,-73.871971971824
50016062,40.743352703675,-73.883638547854
41695857,40.644879757155,-73.999697450199
41706165,40.791121229706,-73.939058795216
50004087,40.759181304178,-73.982766774019
41626466,40.707668809116,-73.953569600647
50004082,40.7399467985,-73.895500867182
41721748,40.747207474916,-73.887450434621
41639745,40.853707422452,-73.930436027279
50008431,40.669731519549,-73.910038286165
50009761,40.75183983214,-73.702737322792
41639740,40.77001791263,-73.955043393709
41598152,40.732190548719,-74.000687469835
41706151,40.748449623616,-73.863119371427
50016055,40.71573410729,-73.998968657276
41694556,40.716272083604,-73.962644447479
50016051,40.739341506669,-74.006778751305
41707486,40.851920964945,-73.934924255946
50004076,40.742190441928,-73.918690700198
50004075,40.774214036876,-73.951231905392
41652719,40.581275994275,-73.963442732412
41668278,40.734394597527,-73.999902299842
50004071,40.673871080465,-73.95019931974
41718128,40.718249465626,-73.998373606956
50009751,40.759738182552,-73.967994150787
50016046,40.694678529684,-73.751629913104
50016049,40.731244767171,-73.991946097753
50009752,40.708064887062,-73.803064070703
41635393,40.720317502265,-73.999769313355
50016044,40.694612648885,-73.738256682266
50009759,40.720453866759,-73.978472197948
50009758,40.684437221094,-73.832076036271
41635395,40.883457614526,-73.901689169787
41648699,40.726646293495,-73.985097910662
41707479,40.762349877635,-73.814606101159
41586160,40.678577981016,-73.979078513901
41586161,40.831337797162,-73.901114650489
41576742,40.683476281047,-73.872583716502
41596350,40.748266722101,-73.75636294868
41709361,40.694627109623,-73.956229006497
41634954,40.826840430172,-73.822511169193
41607334,40.662572454804,-73.920333339031
41633622,40.633714546998,-74.011313386559
41708034,40.710073263762,-74.007317535292
41699477,40.719751749288,-73.988601751139
41708030,40.660634571832,-73.960703557971
41714713,40.763699573581,-73.770714571109
50005427,40.720406850596,-73.84562998349
50001068,40.797388055947,-73.938536788236
50002399,40.676134114511,-73.95607233511
41645611,40.72987306126,-73.986657256107
50001064,40.641723957095,-73.963451321403
50001067,40.660800350069,-73.884856955552
50006752,40.736403221619,-74.005930244612
50002392,40.787609196319,-73.971268776912
50002391,40.83613977886,-73.853761015111
41702736,40.701669717389,-74.011996827621
41722345,40.861803312595,-73.898576349735
50015699,40.713807464213,-73.993878473185
50014368,40.837597982052,-73.913417369723
50015698,40.700651261931,-73.925502333592
50014369,40.756788349331,-73.967049136778
41608656,40.716275745202,-73.991260137835
41699461,40.723697387298,-73.899713989518
50013034,40.747869607831,-73.947512709058
41654556,40.766405237745,-73.981905385533
41679879,40.731084026143,-74.006639411237
50006738,40.82664305909,-73.93768191764
50006737,40.701109511141,-73.891460621616
50005416,40.615603998145,-73.993647127604
50005411,40.748176413344,-73.868899785185
41642578,40.674070686511,-73.798806632972
50002386,40.715554042071,-74.007536389498
50002381,40.724067828864,-73.95087824904
50002383,40.75918996804,-73.831043182455
50002382,40.739923663326,-73.757939531381
41604293,40.604571151974,-74.12116512464
50013021,40.575167299616,-74.1051262786
41711661,40.60226998932,-73.994457519096
41572361,40.710867661144,-73.853049088271
41699493,40.713458806211,-73.829113449507
50014351,40.637387999524,-73.928925233269
50001039,40.586300326579,-73.931344769158
41622946,40.854405280827,-73.865896340458
50002378,40.622004920868,-74.005752949839
50002377,40.678661352305,-73.973611672768
50005404,40.666498131034,-73.981997573401
50005403,40.761626327655,-73.923551550112
50005402,40.717963294999,-73.956566195969
50001043,40.796423901088,-73.936559587918
50001044,40.870705734907,-73.846567919284
50002375,40.777040655337,-73.982180131471
50002370,40.74745901077,-73.986374733589
41709346,40.746801490405,-73.853162068093
50001041,40.835463903812,-73.855415063765
41709347,40.741546230832,-73.981082636487
50001040,40.807913543471,-73.948072451588
50002371,40.804589694544,-73.951878039809
41702710,40.714072648275,-74.009295419273
41649180,40.751961803203,-73.983340697394
50013014,40.732166797921,-73.987918007733
50013016,40.577980942148,-73.976293868108
41598985,40.883058188186,-73.863010930127
50015675,40.782455698532,-73.948311743168
41699488,40.759612309133,-73.832225805137
50015671,40.743546300695,-73.973771022905
41712988,40.711103577766,-73.952031899947
50002359,40.817147302657,-73.921593838622
41710319,40.855301122054,-73.937741173642
41642550,40.842133088457,-73.855784278493
50001035,40.742312788867,-73.98343616793
50002369,40.749891549482,-73.984175444641
50001037,40.712461020631,-73.89614377893
50002363,40.624763150542,-73.917702505843
50003695,40.699197769272,-73.931397793511
50001031,40.651494496845,-74.003576776633
50003696,40.748350429821,-73.990394774174
50003691,40.811027697681,-73.958067162457
41702703,40.760723146953,-73.99104525832
50002361,40.697744873776,-73.908006286135
50002360,40.810840662794,-73.88213116377
41610988,40.741180379198,-73.981522161995
50013007,40.700758031138,-73.910876947428
41677240,40.846732619071,-73.786221474862
41641207,40.643967788562,-73.958462125253
41574121,40.73937788005,-73.991908178208
50013083,40.838039598949,-73.901384962886
50016111,40.896469424081,-73.87159547839
41713429,40.78805007208,-73.949253196021
50009825,40.542592141314,-74.208274225929
50005469,40.877621542725,-73.8452228503
50006799,40.760855465147,-73.974778582751
50004136,40.71653682018,-73.946501284616
50005466,40.645183447512,-73.949045381407
50004134,40.759647189347,-73.969978133941
41701447,40.690479306502,-73.99500779325
41671938,40.706863982675,-74.007082772419
41700112,40.716460141998,-74.008247877003
41695909,40.717203092081,-73.995391564262
41702775,40.601073228313,-74.176575903979
50016109,40.739341506669,-74.006778751305
50016106,40.693941492445,-73.736511587907
50016108,40.739341506669,-74.006778751305
41575464,40.677888261592,-73.745437233475
41605583,40.747834953294,-73.976671370599
41709395,40.722276881866,-73.957567352772
50013076,40.7569842422,-73.974038894808
41604256,40.675290820776,-73.812445859086
41698175,40.75783268451,-73.989438110905
41709398,40.722276881866,-73.957567352772
41643857,40.668927441154,-73.985656382088
41677255,40.759601327281,-73.991864174399
50009813,40.619143121892,-73.924707851263
41588756,40.714326740449,-73.965501331374
41651482,40.693009832311,-73.972932727558
50009806,40.634156776409,-73.950136122967
41713409,40.855626909035,-73.791788089987
50006789,40.682678223398,-73.963332049793
50006788,40.685999012178,-73.82485327903
50009808,40.605130735574,-73.980256731815
41643863,40.722697726614,-73.993054803612
50001097,40.600843503495,-74.162995026667
50005451,40.717434031643,-73.73956126873
41689229,40.728946737208,-73.988639291741
50001092,40.714814173417,-73.997043236702
41709385,40.757797027574,-73.789190391333
41604289,40.674711210946,-73.975929145559
41677260,40.8723200055,-73.889807057346
41710377,40.608918911183,-73.972937765338
50014392,40.601735588379,-73.99358615786
41651477,40.760661697299,-73.990145863499
41690235,40.704166750841,-73.933058517457
50009801,40.666491381534,-73.757171047349
50014395,40.716924421486,-73.958799182646
41692895,40.747302461682,-73.868558552974
41638493,40.753468846558,-73.994275051445
50014391,40.747011038002,-73.988825764095
50004117,40.665150827363,-73.735792188331
50005447,40.744724866818,-73.916327521901
50005446,40.828690124106,-73.948887331392
50006777,40.851679775518,-73.898431411062
50001087,40.599102194956,-73.954431219306
50004113,40.578454938992,-73.938670505622
50001086,40.730662839485,-74.006708219635
50004114,40.848799853893,-73.903532425555
50005444,40.774300331068,-73.95929116073
41583063,40.736860413151,-73.856052911997
50001089,40.704781620995,-73.934516126164
50005443,40.736009814981,-73.993784181492
50005440,40.641802204723,-73.948530841074
50001084,40.617364713619,-73.910778325614
41610955,40.703215993115,-73.917592192858
41649157,40.686187106256,-73.793905999383
50001081,40.712928596441,-73.997075255326
50014389,40.75780869288,-73.916376884906
50014385,40.727358623721,-73.984891521433
50014387,40.62781046655,-74.076373435124
41711697,40.792644666746,-73.950295754997
50014383,40.68731017919,-73.954620473221
50014384,40.750668641605,-73.818927206516
41692882,40.764099057264,-73.882068963589
50005429,40.749229692389,-73.889824093175
41588735,40.759035674338,-73.829797425634
50005438,40.70374440039,-73.927154697108
41642510,40.687199497323,-73.938802745281
50001078,40.711093142922,-73.791784950357
50001071,40.747485382792,-73.976753041937
50001074,40.700375307501,-73.90447504299
41722339,40.71925221086,-74.006203223078
50001070,40.77108386727,-73.961811921777
41684379,40.751372241562,-73.973640419907
41664768,40.766143026708,-73.913250456644
41717827,40.662822998485,-73.939937227935
50003639,40.759162370698,-73.990493854672
41648717,40.605318914575,-73.98093744089
50002305,40.701358351658,-73.881410279085
50004969,40.756953473179,-73.907143271608
50002306,40.828333495045,-73.881549023217
41701481,40.765270323387,-73.91806928858
41687410,40.694542887309,-73.993614678313
50015614,40.650920235211,-73.948424273313
50015617,40.512311523144,-74.23901282224
50012582,40.761834244901,-73.925233509979
41705829,40.763385607182,-73.807187190649
41675435,40.602223006685,-73.994380316932
50003629,40.673951497018,-73.730443930253
50003627,40.624629844155,-74.136449500334
50003624,40.71676663406,-73.999711789349
50004964,40.75912859497,-73.986209046988
50004960,40.689198163189,-73.951255478461
41700142,40.702880798763,-73.89538251956
41704505,40.826977295897,-73.950139230396
50011247,40.758462840486,-73.83112161475
41705834,40.855219441334,-73.886768341462
50012579,40.651756583039,-73.931180496625
41653295,40.645082949797,-73.970399793021
41632352,40.61960119833,-74.027749244652
41664788,40.751225488663,-73.857241052069
50003617,40.613088759913,-74.130687191919
50003618,40.835736913032,-73.839984145912
50003613,40.75242141052,-73.974190816801
50004944,40.639695627179,-73.951369685755
41620375,40.739832599351,-73.996930925976
41643015,40.526101741065,-74.201859196239
50000592,40.680663218461,-73.953759480979
50000591,40.63700899621,-74.00788541955
50011238,40.635907449674,-74.010122209294
41664798,40.767596595196,-73.953119424234
50000590,40.720792388399,-73.961115983662
41633696,40.744663822088,-73.953532988121
50011230,40.803037145336,-73.956291322671
50011234,40.762325967908,-73.813714967861
50013893,40.772179994147,-73.929853009519
41696374,40.763815403079,-73.955884764136
41624737,40.701056735241,-73.825510934461
50000585,40.75237722293,-73.924269729459
41644331,40.707238871773,-74.016049690055
50000586,40.751372241562,-73.973640419907
41663471,40.744194354868,-73.912194626186
50015665,40.69420086299,-73.737340924047
41606048,40.760117267323,-73.828174423837
50013000,40.740880605343,-73.978808238161
50014331,40.682954636905,-73.782157819365
41633665,40.725604481409,-73.989767298433
50013002,40.718105144662,-74.003068900144
50015663,40.758513048184,-73.831342906394
41717867,40.713489145221,-73.914588231684
50001017,40.798196796503,-73.933887112337
50002348,40.705757541452,-73.921668741389
50001019,40.743225309853,-73.989194706242
41641292,40.7599237758,-73.9963348243
41699427,40.830108214574,-73.940263279439
50002357,40.750982926422,-73.87310165725
50001021,40.65361076416,-74.007664534436
50002352,40.650170764027,-73.930136855779
41675459,40.702649861446,-73.766560416086
50001020,40.741897390337,-73.993449243795
50002354,40.634626473921,-74.020617785883
41644326,40.707238871773,-74.016049690055
50001022,40.767178025706,-73.831769702592
41721056,40.592929589795,-73.948009132212
41708918,40.549314458671,-74.211070898068
50002350,40.73072999791,-73.99545791578
41703225,40.694562086019,-73.930819944189
41704556,40.763716281533,-73.99240630663
50015658,40.761225873524,-73.979542484203
41641295,40.596310152075,-73.979799748846
50011296,40.744875948187,-73.934311190773
41593270,40.760277924002,-73.995085904978
41717853,40.770150889287,-73.951427452259
41606037,40.716076607035,-74.007122894208
41584316,40.743556604414,-73.999838405916
41654599,40.607756979625,-74.002129023675
41624716,40.866490828345,-73.930317497712
50001007,40.572812568314,-73.983347662817
50002338,40.764287366595,-73.987118434933
50002337,40.762362776072,-73.98643314539
50003668,40.71069583222,-73.95819137966
41584315,40.791005843933,-73.968957704185
41717857,40.815401581093,-73.959569417645
50001008,40.732539350849,-74.00366116871
50003677,40.840648011163,-73.93643044617
50006703,40.866099879077,-73.885506928591
50002344,40.688111709211,-73.981991662712
50006702,40.598222221157,-74.082944140248
50002347,40.672773689651,-73.95471187182
50002346,40.750093974432,-73.939738101549
41700188,40.714424268768,-73.96125674366
41683080,40.744035141913,-73.859794442438
50002340,40.707447972428,-73.803942703075
41621698,40.714372130165,-73.960814299373
41700186,40.727676832402,-74.001285428897
41704540,40.738617191149,-73.99222249577
41645646,40.714980713412,-73.993675018827
41646976,40.806100647965,-73.940467843335
50002342,40.710740778745,-73.957996200062
41688773,40.693580645592,-73.964921326826
50014316,40.761952220559,-73.974619866373
50015648,40.681831974858,-73.878370975449
50015647,40.745880840374,-73.912605956386
50014318,40.848115913741,-73.932878441184
50011285,40.74927080372,-73.707842581426
41598951,40.711037357808,-73.950877520041
41606068,40.626771139222,-73.941352519379
50011284,40.726571517823,-73.789409646652
50002326,40.639809075193,-74.004973528978
41585635,40.806534545323,-73.965061372833
50003658,40.766618426112,-73.912685981524
50002334,40.683707933735,-73.833895000072
50003666,40.717882371073,-73.99404222662
41646963,40.605809675816,-73.98591360998
41700171,40.702576914333,-73.989578748864
41703202,40.763385887203,-73.828074680488
50001005,40.578343650292,-73.958000202322
41644300,40.68014123322,-73.943892444681
41619346,40.880807214075,-73.908505054487
50004991,40.686779123564,-73.923559150277
50001000,40.743528828028,-73.98822364467
50014309,40.852850589216,-73.888682589201
50014308,40.715919387001,-74.007071047672
50015638,40.769607599728,-73.836957496086
50011275,40.749237422045,-73.868193210256
50015632,40.700720665568,-73.942441782731
41593253,40.759303826463,-73.830090221933
50002319,40.828531329254,-73.87908745125
50002316,40.7295377571,-73.815235959951
50004978,40.736945522156,-74.00536554486
50002323,40.744880456169,-73.934350009286
41701495,40.727056256542,-73.987872170754
50004987,40.704190387011,-74.011495189913
41705850,40.656832404539,-73.931002526565
50004984,40.684626320388,-74.002815912778
41645620,40.814121934002,-73.936717252397
50004985,40.7247087647,-73.85000446486
41680837,40.838487818329,-73.918855544144
50002320,40.752355918496,-73.868078410933
41574989,40.665431595086,-73.989335437548
50011269,40.711362361079,-73.947449409841
50015625,40.672504174411,-73.957484598915
41574984,40.633499412273,-74.005056042012
41598933,40.693286127723,-73.972347192277
41688797,40.761360773819,-73.831104779304
50013960,40.762670760895,-73.996885213903
50012632,40.637107012346,-73.935420976887
50001974,40.755953330917,-73.940644108504
41693376,40.760096595477,-73.972980472292
50001984,40.592867742221,-73.95009733208
41627869,40.719507270531,-73.864672601664
50001983,40.83180050871,-73.86640008598
41622171,40.762462727344,-73.98830773833
50012625,40.64038675874,-74.13146424685
41613207,40.703362552614,-73.908745326242
41681378,40.661316360799,-73.879494654036
50007274,40.636035326278,-74.009090297757
50012621,40.705869739846,-73.793672535711
50007275,40.727148283673,-73.787264828435
41716441,40.578454050728,-73.938702231023
50000637,40.854997457639,-73.887948808352
50007279,40.752416676539,-73.989507241331
41705790,40.74972518408,-73.938996759508
50001964,40.695180405901,-73.841729479574
41602559,40.758713759368,-73.828998720045
41692024,40.646062665432,-73.99866179077
50000635,40.879583332878,-73.906262162722
50001965,40.743565555762,-73.920393700506
41591449,40.679648170825,-73.885388303461
41704465,40.751269001525,-73.856674483304
50001970,40.685657253806,-73.915184337822
41704467,40.596269863104,-73.979109354343
41697713,40.677338096234,-73.968899825751
50001972,40.783620927811,-73.973237989945
41627871,40.750396369928,-74.002933249044
41618926,40.826314819193,-73.917967968772
41622183,40.740880605343,-73.978808238161
41712080,40.661744389368,-73.914757951487
41680076,40.641267483986,-74.007234775794
41717763,40.742115471001,-74.000717398506
50008593,40.803413050284,-73.96362659148
41613239,40.714164654338,-73.961591955716
50008594,40.584760632493,-73.819345178269
50008597,40.714595839011,-74.007374810144
50001957,40.727676916537,-73.985336352755
41659433,40.734180382937,-73.986445299035
50001960,40.717742112307,-73.999686808501
50013936,40.81813944646,-73.960613832804
50012606,40.60766878637,-74.002031055135
41684444,40.781097145274,-73.917628700033
41586091,40.717688331356,-73.9952945871
41720504,40.594750283441,-73.956364616837
41659425,40.758151339438,-73.966220712472
50007252,40.763318927315,-73.986453159639
41599396,40.756420140437,-73.972332348649
50001949,40.745953251661,-73.884439466712
50001946,40.760306254059,-73.832396821654
50007257,40.766119582458,-73.745074065609
50000617,40.88620993481,-73.909879451201
41717757,40.678667063726,-73.949746534139
50001942,40.81595050552,-73.958011619393
41697740,40.762236480306,-73.815026045501
50001941,40.540457955927,-74.177216870031
50001951,40.695134808875,-73.843020375825
41697738,40.675597263654,-73.97441633679
41693382,40.727270197524,-74.000458952664
41626522,40.777715164816,-73.793561814413
50013920,40.718164050988,-73.872442291331
41713390,40.738183310347,-73.981765738237
50013923,40.559455310768,-74.197150186864
50011341,40.57540093642,-73.976990999442
50012675,40.759427947634,-73.99553218924
50015701,40.639676890539,-73.95491382577
50009022,40.713458973156,-73.997852128034
41636774,40.762787718265,-73.989540308367
50011345,40.753061178846,-73.995372147273
41700903,40.707602571182,-73.796325036231
41680092,40.883425829152,-73.898349369325
41703181,40.874336104477,-73.885625315562
41611472,40.806916913242,-73.927521311376
50003714,40.74742377447,-74.000733081514
50003721,40.771667804346,-73.988462848876
41697769,40.724593935672,-73.991736859039
41646103,40.706047201299,-73.950233969172
41706212,40.80111429471,-73.961586542943
50000693,40.714827026043,-74.009565146295
41692080,40.739128568013,-73.91839721532
50011338,40.684095694043,-73.832613659154
50013997,40.707505492553,-73.95509557338
50013998,40.730013313374,-73.985661903937
50010009,40.743020013589,-73.935726083298
50011339,40.676548756389,-73.90068968733
41659402,40.717952905085,-74.000884734568
50011330,40.828696131497,-73.878493102353
50013993,40.815985793764,-73.896654178895
41609147,40.629209658816,-74.028633371746
50013994,40.814121934002,-73.936717252397
50010002,40.751537898888,-73.978188492047
50011331,40.644163454983,-73.958022301273
41595848,40.626751408267,-73.947619205873
50012659,40.749683706129,-73.991665811753
41622143,40.84723529661,-73.832101492132
50013988,40.724662511399,-73.8205800548
50012658,40.639940250282,-73.986912457798
50013989,40.692369733439,-73.910947252038
50013982,40.744147327183,-73.999235510893
50013983,40.75546522633,-73.918418170959
41631068,40.85191995749,-73.910107654952
50011322,40.846003673725,-73.902721751894
50009005,40.746069798999,-73.98690152436
50013981,40.760924394444,-73.97494244043
41632390,40.701748689051,-73.808702125956
50009007,40.760429590405,-73.991087853985
41631062,40.74741399804,-73.985958933422
50001997,40.82531088972,-73.947633465624
41695136,40.76861413677,-73.958413549045
41671159,40.757419094534,-73.97082125128
41644388,40.66826150429,-73.90230530744
50012648,40.73983341593,-73.815199430644
50011314,40.609046455503,-73.993732473732
50013975,40.75444285941,-73.895441028461
50011319,40.757451505486,-73.829184298594
41688842,40.716762567987,-74.008327854016
50011318,40.754505859169,-73.933732981246
41664870,40.6763205965,-73.998889938184
41614516,40.714008796539,-73.951424778904
41662219,40.734190166142,-73.871739749001
50012641,40.681782953311,-73.95849303917
50007297,40.775462735208,-73.956348266088
50007299,40.684556356531,-73.978912063226
41675531,40.759815435589,-73.996077430737
41603865,40.720465984913,-73.989430234687
41696447,40.810914659478,-73.953096618933
41697777,40.776590747304,-73.9555237884
50001992,40.615100821698,-73.994348491132
50001995,40.813664027332,-73.956144251178
41696449,40.816062732069,-73.958726310473
41622123,40.707554460862,-73.943161630881
41624784,40.694302686126,-73.985244887393
50001991,40.761011383952,-73.973206147475
41676858,40.754425981086,-73.968762236589
50001990,40.600068329861,-73.94460866247
50012639,40.742429004689,-73.873139134732
41590133,40.7522566259,-73.98979640097
41683141,40.711776959084,-73.951789305118
41694619,40.729944577855,-73.986605259453
41574041,40.619041992784,-73.93285934482
41631962,40.718010452504,-74.001014705424
50008533,40.750835704194,-73.970750010458
41690257,40.624539058234,-73.917673864221
50016152,40.747067991012,-73.983216961899
41637267,40.760503197327,-73.767109436101
50009866,40.696409471803,-73.914008183732
50016154,40.635337447795,-73.92747466171
41638595,40.859340343526,-73.899121726765
41650241,40.70149980208,-73.886888381541
41617662,40.653200637517,-73.930463169168
41707587,40.691261433268,-73.997838128308
41587365,40.70503406771,-73.809275181837
41651566,40.594027926513,-73.96094026527
50004177,40.765133977986,-73.771714142837
50004172,40.707772449217,-73.9319666454
50010845,40.675339685643,-73.956359742597
41649255,40.761121093837,-73.909229636348
50016149,40.751840964073,-73.982744336171
41574054,40.575623965999,-73.962915929104
41606994,40.631567367708,-73.995623812653
50016148,40.657341022041,-73.90303681225
50009854,40.859276551984,-73.931230193182
50009855,40.874313190449,-73.857006910173
41655918,40.633852866508,-74.125262079018
41668340,40.754646997049,-73.893505266472
41707577,40.613371861371,-73.912149678593
50004168,40.760678166813,-73.926340275732
41586020,40.79502043023,-73.94224401808
50004167,40.766142965151,-73.930907012315
50010832,40.841848912303,-73.917852521871
50005493,40.694842445187,-73.738990478457
41629651,40.639339770345,-74.005653096895
50005490,40.707425255013,-73.78859129831
41578404,40.831908380248,-73.93003887142
50016135,40.657317731381,-73.888782515284
41652884,40.680352549751,-73.949916798318
41693307,40.714944739526,-73.832091702708
41679009,40.68914416645,-73.986310120169
50009844,40.709011737029,-74.009027687935
50016132,40.612519725154,-74.129228343233
50008515,40.765376051714,-73.912766842558
50008517,40.786644258178,-73.841168170782
50009849,40.675764592508,-73.941673150542
50008518,40.76014715953,-73.988615101279
50004158,40.727196150117,-73.984505444187
50004153,40.75610161346,-73.96963605732
50005484,40.708503125779,-73.957940560934
50010820,40.835331678619,-73.943864218518
50005482,40.679986625093,-73.941047070998
41626594,40.704488478578,-73.986633907558
41625263,40.734540689154,-73.999977931416
41599313,40.802955973444,-73.967482709231
41700912,40.765800898375,-73.983457800983
50013098,40.753327100462,-73.82222557872
41700913,40.762141608323,-73.983662881356
50013099,40.863660112203,-73.865016640775
41700915,40.715742746409,-74.005080414677
50008500,40.758556475224,-73.831215554778
50016120,40.714473980833,-73.961061061954
50013095,40.774733876954,-73.95412160327
41604359,40.663491224684,-73.984328836462
50013096,40.63996924495,-73.986882689624
50016121,40.782605485332,-73.957626224475
41637250,40.786335618557,-73.836155787187
50009836,40.608846715224,-74.161291621584
41638581,40.669374608492,-73.98291295609
41712900,40.669141574042,-73.942144307903
50009837,40.62445383722,-73.946323689858
50013093,40.777667712661,-73.979561554838
50004148,40.733644238382,-73.993120423051
50010819,40.81537877998,-73.947277055944
41630612,40.691896127704,-73.862163170503
50004143,40.68216631474,-73.960331201275
41700921,40.846597868566,-73.938406703402
41628301,40.782286159958,-73.914488083583
50005471,40.729944214958,-73.956299163038
50010814,40.865160471956,-73.927112306929
50010813,40.733396641719,-73.794661542312
41669698,40.710251772507,-74.005543383287
41706229,40.709211938824,-73.775884212997
50010811,40.681843988418,-73.878753566199
41580769,40.573764305194,-74.115817101741
50007240,40.625869263671,-73.940401028068
50000607,40.863165481354,-73.858209236731
50007243,40.704567494739,-73.799747233029
50000609,40.714103733157,-73.947624310072
50007245,40.776067961032,-73.95314751261
50010891,40.738944182803,-73.98905752892
50000604,40.676252264739,-73.891980158931
50007247,40.826970195518,-73.946424249997
50016196,40.717202927434,-73.963020838698
50001937,40.608845931338,-74.005150143134
50016199,40.694042166547,-73.851306409903
41695992,40.880756138303,-73.883595620939
41634196,40.672916533253,-73.962740735865
50001940,40.765107396477,-73.987848977072
41651524,40.85383132718,-73.907227825462
41618952,40.772967506159,-73.795454953482
41626578,40.534970313549,-74.23683170525
41721850,40.758203830084,-73.917217661457
50009890,40.677978251171,-73.820040818268
41681333,40.632068813191,-74.027621965861
50009892,40.735850291489,-74.000760070095
50007230,40.672842242053,-73.95014551356
50007232,40.862010826121,-73.924924077706
50010881,40.699941052654,-73.948196934207
50007234,40.765441908925,-73.987605352281
50008566,40.600158475619,-73.933996156418
41637233,40.701548902136,-73.927088905058
50001923,40.734190166142,-73.871739749001
50007237,40.663178617639,-73.950974243822
50008568,40.732186336248,-73.981981321454
50008569,40.715982059487,-74.015025954621
41711635,40.599661581017,-73.761294061123
41711634,40.781544222089,-73.84134160703
41651517,40.6785122579,-73.868795374024
41625258,40.748289484672,-73.878255628438
41700988,40.752283378392,-73.974174721698
41577115,40.844214864632,-73.937547540979
50009883,40.822797912139,-73.938142136617
50010872,40.614041864324,-74.00051221641
50001919,40.821550919031,-73.939226092991
50008555,40.7014707039,-73.942328046632
50001912,40.744121446555,-73.995542215811
41613270,40.733148146658,-73.991051663488
50016173,40.761514763147,-73.924549662334
50001910,40.763922170157,-73.833266775113
50016172,40.871669826287,-73.867226681013
41625229,40.756113660593,-73.880654479558
41709308,40.689688600638,-73.976016276372
41617602,40.651558036699,-74.004270784557
50004198,40.733046294817,-74.006774934016
50010863,40.820152283867,-73.901499317832
41646166,40.720190770425,-73.988215501106
50004193,40.642737454372,-74.012686409867
41681373,40.707776909596,-73.817194014192
50004192,40.710267479241,-73.849256632639
50001909,40.840036668312,-73.917358202426
41682687,40.717309464903,-73.857106328571
50008540,40.719952181358,-73.988143717549
50010861,40.673340575498,-73.790557601303
41637215,40.688111166053,-73.954779251111
50001905,40.784956984191,-73.977091474746
50016167,40.71752509887,-73.997405489221
41718245,40.684805865352,-73.867914419141
50001907,40.836151940354,-73.854712847195
50008544,40.586438281453,-73.815645681953
41711610,40.744367471506,-73.976075691824
41693338,40.586510786553,-73.952429244784
41692007,40.763580008643,-73.771769307647
50016165,40.726373983265,-73.870381802098
50001900,40.7152230426,-73.998814693123
50007219,40.72502989234,-73.957340078595
41634185,40.726692049295,-73.986055637495
41659465,40.764027436109,-73.974120538221
41711612,40.759698619532,-73.829377544625
41646157,40.636358947154,-73.951498389371
41707596,40.715254236513,-73.993533366008
41672416,40.751143293024,-73.870518498407
41706265,40.640197046751,-74.019190126327
41625232,40.725871846651,-73.992057348568
41720552,40.64642321112,-73.903651100841
50004182,40.63732424665,-73.897501011782
50010855,40.828784453083,-73.824544271846
41610620,40.762421485219,-73.804439080497
50014495,40.827423498715,-73.886420597227
50014496,40.726844115281,-73.990817532783
41595385,40.715465308546,-73.955932644616
41679503,40.741134287855,-73.985587317835
41675147,40.604345555044,-73.974131873836
50014492,40.634336486077,-74.085311666677
41712653,40.711462437827,-73.946397337046
50014494,40.682553039003,-73.876262593413
41618592,40.759698619532,-73.829377544625
41713987,40.730205693292,-73.954761721365
50005548,40.622687520217,-74.02847505641
41663162,40.728535643042,-73.983709763931
41703703,40.865515769386,-73.856715286721
50001182,40.719825391569,-73.98731379669
50001181,40.820101280707,-73.817776041515
41632888,40.699987325571,-73.899466894223
41574435,40.691386733771,-73.866359792682
41609624,40.610375601609,-73.981989100658
50014486,40.733696429593,-73.99307566447
41699100,40.696518565988,-73.837792009298
50014482,40.760264501186,-73.977264726142
50014483,40.704165858089,-73.90740093998
50005533,40.700188137308,-73.94706444663
41595362,40.742616734193,-73.915868033091
41651150,40.837392632047,-73.910478169305
50014478,40.754751333482,-73.988050048378
41605298,40.710900211042,-73.948771689202
41681841,40.718301151624,-73.958353311037
41707284,40.635092401499,-73.950166601679
50014471,40.796019995731,-73.94783159641
50005516,40.613197278427,-74.130697183834
41620893,40.807711820243,-73.919741037143
50002499,40.637564165698,-73.968378618462
50002498,40.725103931774,-74.003213675194
50001169,40.826264962919,-73.877246814334
50002495,40.753018468492,-73.865138928201
50001163,40.641517836144,-74.003193695294
50001166,40.740949390176,-73.98151723829
50002497,40.625957265999,-74.156464375389
41617248,40.746121185219,-73.890263833569
50001160,40.723005213491,-73.994117397951
50001162,40.57561053474,-73.980200216676
50002492,40.855379824027,-73.887357681319
41626198,40.816247777214,-73.939381808406
50014467,40.730181674438,-73.997993642621
50013137,40.675771720367,-73.900610327221
50015794,40.760841147407,-73.967190337841
50015793,40.888076928602,-73.831217356541
50015790,40.793595268145,-73.810227139124
41696099,40.755488108766,-73.815536660705
50005509,40.741362750158,-73.880473295203
50005508,40.733021243843,-73.99123253033
41638185,40.733371228263,-73.736888493893
50001156,40.727214632026,-73.822199620138
50002487,40.639005775539,-73.948383630098
50005513,40.87288611378,-73.905032693844
50001158,40.672784077844,-73.890256090877
50002489,40.784707110865,-73.979254237881
50002484,40.800300813539,-73.954742945374
50001155,40.667337676714,-73.956352736907
41632879,40.551671892567,-74.150597965024
50001151,40.821072262265,-73.903957451248
50002482,40.667034482526,-73.73679057744
50014459,40.757709702716,-73.862605056637
41663196,40.720327362225,-73.760978565668
50016237,40.729686594137,-73.989713300994
41599788,40.753714038461,-73.871912012063
50008610,40.734190166142,-73.871739749001
41679546,40.784267264345,-73.845701642134
41699158,40.702078783929,-73.820388633101
50008614,40.683029388682,-73.964443730941
41652463,40.672428536324,-73.759969447508
50009947,40.624612986223,-74.003042562035
41639481,40.775243047263,-73.987892386863
50004259,40.746558472863,-73.991597695381
50005589,40.811721539515,-73.903578273989
50005588,40.73825837748,-73.983477803263
41626179,40.765706459724,-73.990956145635
50005583,40.680733390893,-73.955512549855
50004251,40.616738697172,-73.992693356124
41680521,40.743570692153,-73.920441469354
50005580,40.748026916534,-73.946632564106
50010923,40.86939930824,-73.916719544796
41703744,40.730552639283,-73.823920343584
41712684,40.714459933415,-73.990636382004
41577509,40.733125615764,-73.863942674917
50016224,40.757874125376,-73.969353782868
41693835,40.823405332354,-73.909011161317
41692504,40.783566365702,-73.950604225555
50008600,40.810492789962,-73.952875380355
50009930,40.834041918858,-73.895126510241
41715716,40.854287599586,-73.930184941643
50016221,40.762967531388,-73.983141002384
41712685,40.780604813949,-73.958911354729
50013190,40.738925015139,-73.9995008124
50009937,40.836824779166,-73.939052157789
50009928,40.717346352314,-73.994314084851
50009927,40.655284380141,-74.005917488444
41585136,40.815293719808,-73.915960845729
41652449,40.866516005544,-73.918211601049
41720250,40.688847807114,-73.92397098146
50005576,40.84878497167,-73.90345562117
41629214,40.644702373944,-73.913253801593
41680534,40.744704386102,-73.987195242842
50005570,40.66653323542,-73.981789293927
41578841,40.649681496445,-74.009139534151
50010913,40.794094843132,-73.939989675198
50016219,40.705895356331,-74.011466525744
41703734,40.763046832771,-73.949106714132
41599769,40.761140568715,-73.923750686447
41687169,40.758567331984,-73.831183716874
50016216,40.794016120695,-73.966591466339
50016215,40.756813283476,-73.98863736499
50016217,40.674182181824,-73.963140549396
41639469,40.773370950851,-73.980861360206
50016211,40.752484721689,-73.987487609331
41605257,40.741668572538,-73.992103879615
50013189,40.752922528249,-73.973748180907
50009920,40.646663238529,-74.008794411761
50013182,40.802856500143,-73.940731752771
50009921,40.753265163539,-73.988885095017
50013185,40.758260504937,-73.962653022464
41692530,40.676031079237,-73.7403873954
41639463,40.773025103688,-73.980031033651
50009925,40.73247348667,-74.003787483646
50013181,40.635707605517,-74.166268366233
41687192,40.757674535327,-73.986964267221
50005569,40.699220792458,-73.939379267625
50009916,40.683351261294,-73.956456344234
50009919,40.719770065576,-73.820540290049
41721590,40.757293379424,-73.987997157686
41720266,40.710066337401,-74.009285750172
41640463,40.66646722043,-73.988471278447
50016209,40.565515110539,-74.183138680715
41703720,40.743190577573,-73.977048290036
50013179,40.728733499133,-73.988145497879
41709011,40.761210656595,-73.986974784078
50016200,40.647263530511,-74.007975654102
50013173,40.792715334079,-73.945848518873
41693853,40.823907621692,-73.908718577778
41586437,40.842674111439,-73.845863253742
41713998,40.835623080349,-73.943652989883
50005557,40.678249752255,-73.949784313751
41631502,40.681197570555,-73.9562484502
41632836,40.763748960621,-73.981236202616
41632833,40.675560630086,-73.89881800955
41631507,40.878309135258,-73.861701265989
50009065,40.757882474446,-73.975488245272
50014413,40.7936707936,-73.937891212076
50015745,40.727901223113,-73.984334765727
50015744,40.727123809988,-73.946814380357
50010058,40.832579294948,-73.864119855042
50010057,40.634670434012,-73.9146925004
50002429,40.58394412759,-74.168766534898
41672033,40.742805475534,-73.99036956822
50003765,40.722171171986,-74.009687026447
41673359,40.705266736739,-74.008938668502
50001103,40.765856111809,-73.990846547522
50001100,40.845970292273,-73.892113285007
50010049,40.776680080248,-73.957554042962
50009061,40.88162747274,-73.882591635341
50009060,40.757882474446,-73.975488245272
50014405,40.63830950078,-74.078929743594
50015737,40.591360172722,-73.960737430957
50009053,40.757882474446,-73.975488245272
41686667,40.698065118636,-73.925995438001
41711390,40.611960938634,-73.983480812933
50011372,40.643841735318,-74.07646024136
50015734,40.71257077591,-73.784391967245
50009058,40.757882474446,-73.975488245272
50011378,40.725606120481,-73.945142034211
50011377,40.768658088528,-73.911012431133
50011376,40.855342569464,-73.93743633117
50002419,40.741860130589,-73.87457678062
41580276,40.867075302597,-73.884072491448
41698652,40.879677761663,-73.824796446512
41658630,40.751010826261,-73.872927447189
50002417,40.759698619532,-73.829377544625
41722071,40.87244734925,-73.867199045031
50002421,40.729226957217,-73.988982776721
50002424,40.847438992156,-73.830932437759
41647987,40.684301006557,-73.845666145515
50015724,40.747114077936,-73.987467212863
50015721,40.737170023804,-73.988475498487
50011362,40.751709267167,-73.86355598659
50012697,40.765302350381,-73.918137878873
41635982,40.748644022406,-73.865996235588
50012691,40.850688536667,-73.937729954455
50009048,40.757882474446,-73.975488245272
50010033,40.720208345538,-73.999542837603
50002408,40.742040886987,-73.926231640339
41620008,40.760851576409,-73.830402598473
50003738,40.758527981045,-73.830930587325
50003739,40.58895993727,-73.816491328147
50012690,40.736159256268,-73.98517829125
50002405,40.780203732398,-73.946860643533
50002411,40.72298054247,-73.945737675695
50002410,40.746860862354,-73.884657789629
50003744,40.704935398402,-74.008996602089
41702431,40.752122416615,-73.986176048568
50002413,40.760093459767,-73.832650880724
50003741,40.676402178076,-73.983813700117
41601774,40.758680302449,-73.83289339128
50010029,40.682825829655,-73.910186866108
41658617,40.775151004987,-73.950550434929
41685372,40.739603894566,-73.860635820582
50010027,40.625004260021,-74.148310650602
41701102,40.613909930307,-74.032813869034
50012688,40.841301133997,-73.935953697718
50011352,40.539967650735,-74.177150044532
50009033,40.747501522232,-73.973808589705
50012687,40.832010001155,-73.866096222673
50011356,40.744095303545,-73.924972396757
41690704,40.666275976631,-73.953697166761
50011354,40.650730381729,-73.952397762357
50010022,40.725790268479,-74.007641389724
50009039,40.735408600022,-73.982797786228
41711376,40.743408462368,-73.996231760175
41696012,40.835943091463,-73.847799601354
50000699,40.612925433505,-73.939576522064
50002400,40.747152655597,-73.9771699756
50003732,40.734889705322,-73.99326968953
41642275,40.758347739315,-73.966077195068
41622689,40.787504342895,-73.953874067999
41696008,40.871458512306,-73.864905202295
41625714,40.764041420153,-73.810871740043
50011349,40.762922727604,-73.875156721891
50011347,40.864156439029,-73.891472569451
50011346,40.746353288973,-73.993920113833
50012677,40.579877093352,-73.837320190239
41608396,40.784119788336,-73.97752974535
41703753,40.798401075244,-73.941696590845
50014456,40.69645848956,-73.983097166327
50013127,40.743524672693,-74.003400045903
50015788,40.60560707794,-73.983577666482
50013120,40.689449002779,-73.985947481514
50014452,40.635195340499,-74.02336341167
41690734,40.742482072194,-73.98460626151
41608347,40.674746493463,-73.805150490229
50013123,40.634040114536,-74.135976165472
41584686,40.762612146512,-73.989496671083
41717504,40.758145092597,-73.980309634466
50001146,40.845040406627,-73.934951608492
50002477,40.786576240423,-73.978034574107
41601712,40.782621840244,-73.972957452356
41702496,40.635337447795,-73.92747466171
50001142,40.834183356922,-73.851287988314
41722020,40.862510367209,-73.896712092853
50002472,40.705601984633,-74.007800436892
50001143,40.793600544967,-73.970783438618
41634627,40.701111935295,-73.89143295403
50002471,40.756587243716,-73.980192187912
41664450,40.67575677063,-73.974495292412
41574411,40.767115075008,-73.986383172954
41575741,40.725893521031,-73.983737683365
50014446,40.855666692277,-73.855547460192
41633315,40.750759832802,-73.986240000475
50013111,40.702686333253,-73.99368752803
41647939,40.743568361935,-73.999657024436
41647937,40.718809742327,-73.991548703446
50010082,40.606768046564,-73.963494474086
41630283,40.823301038928,-73.909070375239
50006824,40.608387613397,-74.004635029785
50001134,40.608846715224,-74.161291621584
50002465,40.712427761807,-73.895240323197
50006823,40.562631644217,-74.191122784655
50001137,40.745819187806,-73.97796676865
50002468,40.796474131628,-73.934977076496
41706841,40.709641816064,-74.006737278677
50002461,40.776638923814,-73.952734335397
41584680,40.78405544533,-73.974032282878
50001133,40.704119082046,-73.930432795405
50002460,40.667001873501,-73.881091894691
41702488,40.751800366102,-73.826229108974
41706846,40.825354675129,-73.947602089755
41610646,40.710090991107,-74.007777687763
50014438,40.865453677803,-73.868997942054
50009096,40.776336692398,-73.952953329796
41597988,40.598067923763,-73.962820757137
41629297,40.735163465667,-73.935999039254
50010076,40.769041544855,-73.835931605514
50009086,40.719789604375,-73.999202162537
50010074,40.754234349349,-73.897398341091
50014435,40.741634513231,-73.918929194618
50015761,40.582750457462,-74.096637221047
41659911,40.624372620772,-73.994341749482
50001117,40.732344798894,-74.003370742664
50010072,40.71450968572,-73.90104905175
50010070,40.761410113282,-73.761563782305
50002449,40.760318757302,-73.926632148537
41705500,40.832503999939,-73.863956195308
50006812,40.784806578974,-73.956017153
50002457,40.765324438797,-73.977635158176
50003786,40.775231072843,-73.911692818418
50006810,40.776650943812,-73.979252350838
50002451,40.715079188277,-73.992283891504
50002450,40.716760245453,-73.989501139406
50002452,40.719583563018,-73.810468286644
41634606,40.576660394718,-73.96613326923
41595313,40.869526531769,-73.829138924676
41629269,40.708310668473,-74.004838857585
50015759,40.727464256046,-73.855851865178
50014422,40.680731521231,-73.996605265916
50015754,40.668771633179,-73.916489402418
50010063,40.711862413698,-73.859495407722
50011393,40.760413312679,-73.989556987513
41659901,40.708908685813,-73.89844618319
50010067,40.619017277198,-73.926722924205
50010066,40.716732984736,-73.989418959183
41643558,40.763576075219,-73.975261006904
41643559,40.644398266711,-73.988493247526
41697389,40.67366875188,-73.982465278087
50002437,40.743792562718,-73.995953292626
50011392,40.587594681343,-73.811478381676
50010060,40.702995511491,-73.801607641892
50002444,40.678051048215,-73.939122665438
41703793,40.718894205238,-73.999338012882
50001112,40.664396071247,-73.931458296277
50002443,40.743562131501,-73.920361854608
41644894,40.809678416452,-73.958882703314
41647923,40.740040820325,-73.923778914055
50002440,40.630539644289,-73.945147415985
50003773,40.744724222602,-73.910403325209
50002441,40.692271715863,-73.9867817371
41635946,40.803874195494,-73.955852548497
41689768,40.777954098143,-73.979926545514
50010059,40.648181763152,-73.914723646237
41644891,40.716461826492,-73.999898174862
41687104,40.759800882011,-73.920904417519
50015748,40.625305048295,-73.960782798127
50006071,40.729208746348,-73.984221471014
41604869,40.877272269569,-73.906991815256
41649778,40.734190166142,-73.871739749001
41694341,40.851360298455,-73.888677979755
50000773,40.725244351184,-73.983571342126
41701085,40.632435972336,-73.928395828943
41616853,40.766100822213,-73.955867854201
50006079,40.747021523364,-73.890293096826
50006078,40.630268107866,-74.004332588472
50012749,40.600893251308,-74.000631818899
41704117,40.66913550484,-73.910677911415
41709800,40.70394029579,-73.913576120546
50012744,40.743325171061,-73.88358245949
41615509,40.751898905774,-73.986716340646
50012746,40.84924015133,-73.853579951155
41635137,40.671259415819,-73.984475623523
50012742,40.860419086019,-73.892762546841
41576199,40.698497617692,-73.993936594348
50000758,40.857373797628,-73.899630110339
50000757,40.705335671516,-73.922817201934
50000762,40.73390546244,-74.000416151285
41627515,40.746936100272,-73.984829234823
41600496,40.676015187045,-73.974490034681
50006069,40.721365693412,-73.993547626019
41616865,40.863714841998,-73.867332182787
41661430,40.732944274661,-73.99813774023
41579214,40.709280248097,-74.009020659023
41705437,40.746102014473,-73.977760775586
41635103,40.748995994838,-73.97272142536
50007383,40.7499005,-73.981969572605
50012730,40.618404740277,-74.028952871546
41718733,40.551671892567,-74.150597965024
50007387,40.868380249278,-73.918690248044
41615530,40.685049015924,-73.961241044395
41611175,40.827642023211,-73.924594693446
50000744,40.743439614368,-73.973849137184
41628815,40.749652555585,-73.872848394571
41650737,40.666215924706,-73.982054670449
41594825,40.740525961365,-74.001872796275
41620092,40.709699327997,-73.830181122792
50006055,40.771802882003,-73.924314681227
50012722,40.743274888669,-73.883758181152
41644066,40.639412718398,-74.016335287891
50007380,40.667878323056,-73.879048750762
50012724,40.764255348812,-73.964524589208
50007375,40.724699472303,-73.991509137738
50000735,40.705558596631,-74.007843229548
41628818,40.604340550858,-73.997929769291
41698706,40.723939145803,-74.010340651051
41628821,40.678747815159,-73.949740038559
41650721,40.751343730248,-73.983792762518
41662783,40.679403636488,-73.88653695835
50006042,40.861260900769,-73.92548958316
50012710,40.766020742687,-73.814280720008
50006041,40.753036280804,-73.974018316679
41615519,40.830034801309,-73.825713862445
50009142,40.702143287189,-73.924335295202
50012794,40.811712560396,-73.805354647771
41717466,40.663701816549,-73.888741019605
50012795,40.621407192434,-74.026376476701
50011466,40.757826915662,-73.971480384673
41716132,40.767508717536,-73.790587418386
50009148,40.711294934389,-74.00626485296
50011464,40.766470024073,-73.965176096062
50003839,40.725365042122,-73.992485453951
41619084,40.769910820086,-73.954374737154
41674774,40.699347740192,-73.944248338984
41601799,40.710742770205,-73.958162139721
50002511,40.755901501612,-73.980811793955
41704152,40.766119153524,-73.789533319374
41694380,40.684444434784,-73.831732444359
50011458,40.602150388487,-74.002990663431
50015816,40.753403205488,-73.98085812395
41573942,40.671309226555,-73.77419557587
50015814,40.756478078492,-73.983814667391
41658676,40.675287451413,-73.873134257834
50010120,40.865220766718,-73.822491197917
50012783,40.701996988905,-73.805275545744
41613769,40.777786976965,-73.948623242543
41632066,40.755338868053,-73.888012891969
50009137,40.732925264566,-73.986467701717
50010122,40.743137225598,-73.88347773933
50000798,40.647187422509,-74.008055049196
41656010,40.638170017943,-74.006260739015
41674785,40.590429311765,-73.940037403319
50000797,40.754479567703,-73.930050312346
41601789,40.629784956099,-74.004833928604
41604805,40.76168375057,-73.990346189497
50002500,40.742145718656,-73.983040271611
50015809,40.732219208921,-74.003741908295
50015805,40.645981361949,-73.958000500524
41664501,40.619017970836,-74.008862215617
50015808,40.780583496518,-73.980107232061
50015802,40.70917819941,-73.776009182132
50015801,40.720864976486,-73.938224746054
50015803,40.617458604715,-73.94103060944
50006092,40.756129517789,-73.833689375642
50015800,40.873670431808,-73.884943155578
41717446,40.82446951337,-73.909748569236
41593540,40.585331207539,-73.945772153046
50009126,40.779610517934,-73.947294935016
41698760,40.712265989331,-73.957035216319
50009129,40.730217129099,-73.863390017248
41604848,40.80612598133,-73.953260475196
41698766,40.684415257388,-73.93840267293
41677816,40.775791815237,-73.902572994842
41709826,40.750063826923,-73.939666294699
41706796,40.721788910759,-73.849394779431
41693075,40.731968373894,-73.900049677615
41709829,40.741790681579,-74.003087970039
41681090,40.721139313211,-73.984081417549
50010106,40.803622078823,-73.935787639336
50011434,40.836210781199,-73.847123487104
50006097,40.731254066943,-73.994138916336
50006096,40.622516629173,-74.028009089211
50012767,40.634898025656,-74.020501766817
50006082,40.664127088494,-73.931482008438
50006080,40.718459676942,-73.817380880191
50012763,40.718865604582,-73.958016223173
41713073,40.736009814981,-73.993784181492
50012760,40.739341506669,-74.006778751305
41698750,40.846412312514,-73.917347796473
50009118,40.763968346866,-73.974296753351
50000776,40.826312091135,-73.921218204441
50000775,40.765158523506,-73.818669847341
41582873,40.762291473942,-73.9862634371
41658651,40.86018529491,-73.892807114403
41673468,40.66626795682,-73.882808342248
41600476,40.728998008033,-73.864363804016
41701096,40.703576949945,-73.909108064046
50006089,40.509939434409,-74.244126007834
41645340,40.637731243568,-74.08728785017
41573931,40.74757346826,-73.893663175547
41684111,40.681673101805,-73.979733820612
41621393,40.841800232561,-73.841982755446
50006084,40.660030003578,-73.961634316377
41597042,40.827189501279,-73.924641783995
41659174,40.694644552233,-73.930966154943
41710873,40.805816180008,-73.947002750657
50009988,40.681029316824,-73.95556908344
41651211,40.778968815154,-73.905114088569
41704194,40.765576832751,-73.983793042235
50016270,40.63479404495,-74.110641101458
41653870,40.718110245292,-74.000196077087
50008659,40.679836971199,-73.940408810045
41639563,40.611931135881,-73.983512408246
50016272,40.765481981596,-73.991120542805
41652536,40.883107149099,-73.862983374623
41586390,40.632359880141,-74.011959641873
50004297,40.802198242612,-73.956903092385
50004295,40.606754346067,-73.963538132274
41721535,40.61436655042,-73.980792491745
41647181,40.722748903728,-73.982993355721
50010960,40.821382094781,-73.944585265773
41701903,40.762887964529,-73.805334365377
41602277,40.815381553317,-73.940011897778
41602278,40.597220502412,-73.971569477065
41684927,40.766020761501,-73.919646225778
41653863,40.858865923861,-73.905180816139
50008644,40.833128651064,-73.939458944663
50008646,40.763566801461,-73.909498794078
41659167,40.572857038791,-74.114094428002
41692543,40.828688069475,-73.906791867029
50007316,40.801969260801,-73.93420920209
50009978,40.763566989655,-73.828164367825
41605309,40.641560579965,-74.003341956739
41618644,40.889870020764,-73.898271459088
41586380,40.717369758865,-74.003510577119
50004285,40.663409726657,-73.958017317363
41586381,40.723492072063,-73.996550097881
41722875,40.695622796753,-73.967412445513
41680573,40.693636191375,-73.929437733317
50016259,40.732946077987,-74.00732858007
50009960,40.7658184304,-73.965478827864
50009962,40.639249395355,-74.005554839297
50008629,40.78059890888,-73.952774016474
41692581,40.659313994105,-73.765754896055
50010948,40.713110745161,-73.908704880587
41710846,40.730048061575,-74.000358122618
50004278,40.79302838065,-73.971201329791
50004275,40.725187796713,-73.946692422791
50004270,40.761209996089,-73.803946320385
41680586,40.709189792193,-74.008844560422
50010945,40.790140568732,-73.81191010476
41669323,40.795065821875,-73.942210872447
41574399,40.681638426158,-73.765461227267
41578739,40.845727176561,-73.921969556416
50008620,40.80717463531,-73.917155012954
50008621,40.681282334443,-73.95341998677
50016241,40.763279475178,-73.927999936425
41693899,40.690727206583,-73.908057242041
41705491,40.69320061303,-73.912659832676
50010938,40.816576942611,-73.861180427329
41647169,40.86160778542,-73.910846640071
50005599,40.752340406184,-73.973388287506
41585032,40.84724416507,-73.901289120289
41619953,40.707475095081,-73.942324186865
41720230,40.720615333882,-73.990334126395
50005595,40.755158333152,-73.835277786346
41720232,40.720573028596,-73.845737099921
41721563,40.729157939251,-74.001310436689
50005594,40.810974224062,-73.95810623716
50010934,40.712069866824,-73.789344343782
50007361,40.752531790811,-73.914840827152
50007362,40.662572454804,-73.920333339031
50000728,40.8525288174,-73.88985665514
50008696,40.780909258286,-73.801615633488
50000727,40.633714546998,-74.011313386559
50000720,40.608998601165,-73.993782129153
41670323,40.756089034147,-73.833675241939
50006039,40.668894349205,-73.910615999121
41700634,40.730067796873,-74.003087309957
50006033,40.598750175561,-73.988452018718
41627542,40.812868093062,-73.955737197898
41669348,40.605189960979,-73.997746791755
41684983,40.726775463556,-73.78840103315
50012702,40.798485905365,-73.963332426552
41604891,40.74967734029,-73.977248678819
41719237,40.668467600949,-73.906622725412
41662716,40.633714546998,-74.011313386559
41576156,40.832713448911,-73.851148737184
41602231,40.714171694202,-74.009514088194
41614215,40.69254600427,-73.732084858625
41719236,40.721800324248,-74.000891855833
41719234,40.798875055115,-73.966935948836
50000715,40.63881567917,-73.968740738953
41672996,40.644955518946,-74.100943365636
41650789,40.757583428559,-73.982199222358
41696943,40.758941262723,-73.918785043243
41696945,40.667604853271,-73.737499285501
41618601,40.698773376406,-73.919237132175
41670338,40.760571518023,-73.961360589511
41589450,40.755851669909,-73.975038934292
41618606,40.66250780651,-73.934623982864
41648475,40.596423480188,-73.978772302595
41684996,40.868244946778,-73.919128867906
50000707,40.713172097851,-74.007624420052
50000706,40.693241588725,-73.799733047626
50008675,40.879342358976,-73.905499845036
50007345,40.726714236537,-74.002080840322
50008676,40.848723486367,-73.854730733914
50000702,40.678236650669,-73.83171814003
41598394,40.713214595173,-73.956435153187
50000704,40.750461304124,-73.985530366554
41696981,40.718075149335,-73.98986913113
41659111,40.758117786033,-73.932876813337
41670350,40.830850291049,-73.817641132163
41589440,40.593683859361,-73.99710587929
50006013,40.735631441873,-73.993801172534
41619900,40.755608375567,-73.978175382627
50006012,40.735631441873,-73.993801172534
41722842,40.705057768636,-73.942753501043
41682342,40.745860736367,-73.825970733962
50010987,40.664251307569,-73.881844361885
41659109,40.68347195883,-73.96710476395
50008661,40.824055049637,-73.944965759042
50009993,40.769888257309,-73.736041992768
50010981,40.762555861834,-73.989538262627
50008663,40.68061196348,-73.952263688142
41650771,40.793144603499,-73.943610846662
41694307,40.719222568086,-73.989943000566
50009996,40.734551015411,-73.992162028674
50009998,40.681043479771,-73.928761413792
50006009,40.551126355453,-74.150358844395
41619911,40.742878814982,-73.99290787968
41662741,40.660380149314,-73.980476177916
41709897,40.615436553912,-73.963482931212
50010972,40.763457277086,-73.967374677684
50010979,40.618832776531,-73.929704130501
50010977,40.743147593654,-73.897392616031
41608422,40.779003841121,-73.953937146982
41629360,40.824870042886,-73.947785408831
41712772,40.728459179163,-73.983528211099
50013286,40.751825903859,-73.70276357296
41710113,40.640744360298,-73.948417995557
41715805,40.744962599601,-73.99121520185
41675263,40.638200597707,-74.079796233981
41586306,40.752212191176,-73.993361134026
50003005,40.713941266328,-74.009300080203
41583281,40.711876756941,-73.996824749668
50005663,40.669665935621,-73.958254425636
50003001,40.715481028259,-73.998243103847
41630348,40.758282279543,-73.919649338442
50005660,40.783109129385,-73.845936093357
41630364,40.750612840273,-73.876635985214
41576993,40.758395363187,-73.970890153569
41630365,40.682895896606,-73.964373733858
41711430,40.581706428108,-73.960842932774
41608413,40.716308726236,-73.807864394098
41711436,40.702364614283,-73.817352312684
50005648,40.78419192314,-73.973760642115
50006979,40.748819217399,-73.89257610654
41621410,40.729549315168,-74.005038817672
50001299,40.600021015811,-74.002675560222
41642332,40.743753225552,-73.825733804239
50005655,40.686205164951,-73.974341627429
41642333,40.718157996751,-74.000262662618
50001295,40.717716521744,-73.959140456157
50004323,40.689843580372,-73.922793821957
50005650,40.76421665376,-73.990524162907
50006981,40.705244404037,-73.739914598513
50001291,40.753538132765,-73.987032612585
41667651,40.760277063629,-73.984637281919
41574300,40.67400111533,-73.730123880629
50014598,40.759089836344,-73.96829213067
41609776,40.867922469854,-73.88408128692
50014597,40.739601841144,-73.790018056111
41643646,40.596004568341,-73.981517909246
41706076,40.634609265976,-73.949655287783
50006969,40.762810802337,-73.975850069468
50001289,40.762688382204,-73.975244982913
50004315,40.619109764827,-73.990298449582
50004316,40.691043340756,-73.953736544063
41601810,40.743407363748,-73.874391590644
50001285,40.763943486224,-73.833267767883
50001284,40.73322299141,-73.989854294495
50005641,40.745430524754,-73.979645256476
41706078,40.758295067514,-73.970963618839
41632988,40.68048927403,-73.950309347303
41680620,40.742833990491,-74.007705020847
50014588,40.565515110539,-74.183138680715
50014589,40.809100794614,-73.959306736357
41693937,40.759698619532,-73.829377544625
41718045,40.800514952213,-73.96574030795
41692605,40.854229297488,-73.930227570629
41719377,40.829633378954,-73.825149732067
50014586,40.675679682856,-73.890061224397
41706065,40.75625404513,-73.970540571498
41678328,40.675154098306,-73.95627009232
41693931,40.708560694747,-73.937592934355
41675296,40.674924769111,-73.807112185876
41679653,40.711406948032,-73.957745655245
50005629,40.78308585062,-73.948021195664
50005627,40.698444341491,-73.960675574557
50004302,40.834392610388,-73.850365130485
50005634,40.709180676386,-74.006902819187
50004303,40.796154179065,-73.935211144519
41688594,40.719600601128,-73.98698025987
50006963,40.764144037049,-73.915670902418
50006962,40.744213742297,-73.918564676768
41596557,40.826425269016,-73.917906997049
41632998,40.754708370572,-73.991791084946
41630338,40.762737251154,-73.926870186498
41599667,40.812439280988,-73.924441134332
41665019,40.676503621033,-73.82183081717
41631644,40.70491697826,-74.008642197128
41604026,40.749136282242,-73.870229083192
41640599,40.847139937822,-73.844678392546
41699276,40.766474745628,-73.789789349131
50008733,40.728786808652,-73.988268946344
41715842,40.729529044491,-73.989682318027
41586354,40.73429588853,-74.0030599021
41665021,40.761654229832,-73.803251784293
41720362,40.721538867071,-73.988988788664
50004374,40.687677491868,-74.001344005507
41630309,40.7773548179,-73.952209059848
41598322,40.676530585372,-73.843854584959
41679670,40.6973871687,-73.966612515826
41595293,40.560319657087,-74.166388287158
41632985,40.631824692214,-73.928330563326
41709154,40.707717167924,-74.00572927079
41715835,40.636510392988,-74.00859664764
50008722,40.854336598238,-73.854599996807
50015011,40.734811397546,-73.992773013121
50008724,40.866388865284,-73.920290817532
41651242,40.6558326333,-73.942319466871
41677015,40.68558683387,-73.841567918853
50008717,40.779971088289,-73.953232257929
50004368,40.61967170971,-74.008179988205
50004367,40.677074423688,-73.972295576345
41585011,40.669537855764,-73.958300615971
41720372,40.735222974143,-74.001963091977
50003033,40.61338391327,-73.980554596748
50003031,40.745414059666,-73.984583571231
50005690,40.61333857432,-73.996127536956
41574344,40.730476243731,-74.004681503114
50015008,40.743842894604,-73.857072581149
41595289,40.629959950762,-74.028484801373
41595287,40.751589210409,-73.970833960019
41632951,40.679926679106,-73.939951520794
41710136,40.661310942494,-73.915486809878
41712797,40.7487371671,-73.976013763499
41595280,40.761122359327,-73.98513478326
41586328,40.723397749875,-73.988581984463
50003019,40.68736716319,-73.972600781517
41652560,40.729378670295,-74.001102212413
50005689,40.681226386882,-73.95638837639
50003027,40.553250069136,-74.191986084563
50004358,40.811988675334,-73.903908090458
41652559,40.725732720053,-74.007026678154
50003022,40.779973797518,-73.959543729672
41640587,40.702867527643,-73.870156950735
50003020,40.78234185762,-73.980778365581
50005683,40.687211099587,-73.989482438568
50004352,40.617349083077,-73.931180978283
41702516,40.64491406052,-73.958083775183
41632947,40.681518013294,-73.966632924148
41709133,40.755364703475,-73.969827465213
41691318,40.755631182131,-73.884130072537
41677034,40.723671650517,-73.985183385799
50008702,40.720789951272,-73.987130540456
41639593,40.707830229208,-73.945248037759
50004339,40.759414965244,-73.969427319147
50004348,40.700160434783,-73.912339474733
50003018,40.749673189503,-73.991673511998
50004346,40.800709314977,-73.968035989333
50005675,40.744859461142,-73.99761051644
50005674,40.668941705489,-73.986586190334
41671728,40.727132781587,-73.988054268925
50004340,40.707686998564,-73.802673622466
41720397,40.768654013831,-73.988808592101
50005671,40.816125072262,-73.918058335755
50013202,40.859532372625,-73.865956411512
50015863,40.812452003242,-73.905583158911
50013203,40.726125657124,-73.790760819022
50013204,40.837861352631,-73.919827076516
50014535,40.748272537638,-73.877304736209
50010178,40.738553186515,-73.999842094834
50014530,40.579079494486,-74.1082562609
50014531,40.82192509295,-73.939603566547
41698781,40.813191604695,-73.941613899785
50002546,40.744575944138,-73.981138254731
41658762,40.626652700398,-74.162225293579
41600537,40.676172690029,-73.952410026427
41644123,40.522851233559,-74.23930424133
50002556,40.749654986029,-73.884218771369
50002555,40.743542655766,-73.979799716737
41718908,40.659902350063,-73.998704060206
50002551,40.603368903893,-73.987170616436
50015859,40.752312900615,-73.826829029884
50014521,40.738629777359,-73.99971400387
41573883,40.740025848263,-73.984070619649
50011494,40.761093777464,-73.8038102663
50015855,40.751647949204,-73.826111383566
41714546,40.747453680338,-73.993719196574
41718904,40.849453012876,-73.936594563181
50002536,40.633628043775,-74.011403120887
50010160,40.706266205551,-74.003241125747
50002535,40.684247974749,-73.782916271838
50001207,40.762373575955,-73.978703763042
50002538,40.718393982499,-73.997869879253
50001206,40.746706160426,-73.89331824495
41645443,40.550987450949,-74.150281797543
50001211,40.8659379387,-73.927644754532
41697439,40.6934308773,-73.966540318648
41702563,40.846150005585,-73.938541762388
41645444,40.757691432505,-73.990721775761
50001213,40.67961549644,-73.964041671137
50002544,40.714391699009,-74.006035361043
50003870,40.757115340749,-73.977870782438
41573878,40.671777515992,-73.984044044442
50010158,40.743294096548,-73.976973263876
50014515,40.7135809652,-74.008511112322
50015848,40.668083159758,-73.903483994708
41702568,40.742338291015,-73.87101046675
50015842,40.717877043657,-73.998022002357
41653053,40.774937650619,-73.91356883033
41658744,40.716167571993,-73.998078024921
50015840,40.861430172896,-73.925375829715
41697472,40.758745663196,-73.828855459986
41696147,40.675944643942,-73.984151301891
50002526,40.858949070587,-73.856930573585
41645432,40.840041592927,-73.877334639797
50002532,40.858454200506,-73.903769061664
50001200,40.84764830451,-73.901089212966
50002531,40.903868368529,-73.849940663245
41622799,40.711801203489,-73.961218913174
41625825,40.887127837759,-73.860762886933
50001203,40.756889319838,-73.969560438508
50001202,40.755393666939,-73.936268126653
50002533,40.748852670399,-73.893374004958
41676526,40.906439406486,-73.90686099972
41597814,40.761510248625,-73.960504173537
50015838,40.860584560247,-73.92766988208
50014505,40.68482530266,-73.860733053326
50015836,40.687397016445,-74.001479305212
50009153,40.755528881502,-73.8850908772
50011471,40.675605779666,-73.739119063319
50002517,40.761137596995,-73.832405209354
41619150,40.846158067453,-73.920245596293
41654379,40.757281440242,-73.968546230213
50002519,40.762891887128,-73.983807410322
50003846,40.672172670997,-73.930727026904
50002516,40.717530594683,-73.990454161062
41653044,40.677443900369,-73.959070439939
41709170,40.763361055667,-73.94870028401
50002515,40.674259840336,-73.799632145133
41604906,40.751715470711,-73.972828407668
41645426,40.76018342828,-73.877555470825
50010137,40.712426429548,-73.956086118578
50011467,40.720008794641,-74.003713580504
41596551,40.861335567879,-73.925633010003
41718959,40.757837276722,-73.975693698059
50014571,40.595263164559,-73.780984985668
50001259,40.720245682332,-73.988705833562
41583236,40.759698619532,-73.829377544625
50006956,40.764571074362,-73.991783738883
50002597,40.683569686708,-73.99959787426
50001268,40.755969594224,-73.924646348443
50001263,40.660159546516,-73.840314563558
41701283,40.744400851198,-73.982949600512
50001265,40.857920064188,-73.889542171039
50002596,40.708720172481,-74.005171419018
50002595,40.717498776072,-73.835602989436
41722145,40.765065834728,-73.914126539148
41613808,40.71425417482,-73.965237862083
41688540,40.754200925686,-73.998390965366
41597875,40.745522571008,-73.903341012511
41610778,40.648258363826,-74.014274782699
50015896,40.863275254329,-73.829137368667
50013230,40.777751732284,-73.948648904071
50014561,40.750969160487,-73.940117400639
50015894,40.882181852976,-73.829967821727
50005608,40.681630294942,-73.879486579752
50014560,40.745406195353,-73.907342824224
41676561,40.788583497485,-73.94886395257
50002579,40.740354835849,-74.001653378866
41696159,40.843626329451,-73.912780382999
41701274,40.736908249784,-73.98785647409
50005614,40.83111064863,-73.874892064996
50002586,40.839302343248,-73.915456899593
41642375,40.802886667254,-73.956400995353
50002589,40.726985501014,-73.870677053969
50001251,40.739983964344,-73.923906702845
50002584,40.742664883078,-73.98043961789
50002581,40.740239299247,-73.990620676632
41705634,40.807623932356,-73.919534044754
50013223,40.714808459999,-73.962203326679
41713240,40.759698619532,-73.829377544625
41573892,40.713390455779,-73.763747274055
50013226,40.729572896075,-73.988286181443
50001237,40.756024884153,-73.881503917142
50002568,40.657117991274,-74.001405821976
50001239,40.771298891827,-73.982089127225
50001245,40.723560399505,-73.983029932738
50005603,40.701652672975,-73.885033423357
41701266,40.673765066404,-73.882843980117
50001240,40.69467428821,-73.954814690657
41576915,40.723149403022,-73.98952026015
41675250,40.645341893462,-73.948910828183
41676581,40.73366377094,-73.725119214133
41629392,40.680616621475,-73.95353788889
41596521,40.590695002951,-73.969384946284
50015871,40.751568052275,-73.975869449626
50014541,40.714172089425,-74.008624278938
41641017,40.764643102566,-73.916444763179
41696173,40.74338643822,-73.898907404891
41654334,40.717754356567,-73.957714729625
50001227,40.873666172646,-73.885103713551
50010182,40.811081635772,-73.942985185523
41699206,40.711826717734,-73.941428886546
50010181,40.816519380008,-73.91964119788
41601835,40.752310825403,-73.853589111165
41663270,40.642814199101,-73.956636889296
50002565,40.721361452411,-73.987986499071
50003897,40.881051499219,-73.883054197968
41616095,40.775700584039,-73.983682488573
50001233,40.685852895324,-73.973069796312
50002564,40.779835867917,-73.94712970552
50001236,40.75602654478,-73.881488015288
50001235,40.669286816444,-73.958547780714
50001230,40.695045463642,-73.956312079633
50003893,40.669018138515,-73.950503313415
50003894,40.718694562864,-73.992312430815
50001231,40.713569323404,-73.756004732846
41572569,40.736153944264,-74.000772536448
41634737,40.76113722882,-73.981269999979
50014537,40.613089311574,-74.121638591932
41689884,40.610362443783,-73.954594575645
50012871,40.750570589276,-73.863130360836
41716213,40.699549556835,-73.793339448317
50006191,40.633714546998,-74.011313386559
50009222,40.71916514493,-73.996352737694
41685505,40.613139250956,-73.982331035412
50011541,40.717446285434,-73.952099946789
50009226,40.746157376708,-73.977893205399
41582745,40.635781506058,-73.9271294633
50003915,40.755536178748,-73.886121758354
50000885,40.711754986236,-73.962952916603
50003910,40.629955893293,-74.109433991375
50000887,40.716821545209,-73.965373503312
41670486,40.750359934578,-73.981152173937
50000895,40.675577786577,-73.738669818628
50000894,40.710785141412,-73.933732272346
41704231,40.718134996347,-73.959449487155
41710905,40.754389564543,-73.833098856853
41594721,40.74701519021,-73.985683173813
50011536,40.672143207556,-73.987315258968
50012869,40.635740601519,-73.975781318387
41660211,40.752042638736,-73.973605810978
41686842,40.7178333994,-73.996823732042
50011539,40.710569132689,-74.0074821314
41704239,40.640479114116,-73.994255894986
50012867,40.904485273336,-73.849660661244
50006181,40.759698619532,-73.829377544625
41683796,40.781523439827,-73.845873268091
41659206,40.724576903416,-73.993320081634
50009210,40.72104415996,-74.004791418968
41686828,40.745778408423,-73.907104762185
41660217,40.715578110947,-73.993204012774
41716209,40.763905949412,-73.966872609574
50009217,40.672076784558,-73.961008786873
50000875,40.675857622943,-73.956016084651
50000881,40.874858209123,-73.909547260249
41588049,40.719577692312,-73.987755154338
41589379,40.682840649915,-73.96410938448
41694450,40.579022598653,-73.959792901961
41705559,40.719018718512,-73.996577655338
41665912,40.764624055926,-73.823232208387
41685529,40.743108639589,-73.980115753283
41701180,40.762530998066,-73.959760763981
50000866,40.715405319222,-73.998031357701
50000865,40.551390833176,-74.14930726397
41701187,40.657289931662,-74.001418021768
41701188,40.744422695367,-73.988966342103
50011519,40.773477784602,-73.916970044273
41681170,40.759325202809,-73.970384955659
41590345,40.717156465468,-73.959719133278
50006173,40.859718108452,-73.880639493097
50011516,40.596492734259,-73.961127774711
50012845,40.708243732898,-73.919815932171
41718841,40.643299736884,-74.001535654608
41603665,40.726557251807,-73.984575626193
50000858,40.73746486375,-74.001724715956
50000855,40.660451822643,-73.939851770391
41656155,40.731839682641,-73.95445521657
41648536,40.723952029351,-73.996166364216
41701176,40.749944678073,-73.861361776561
41701177,40.740933579818,-73.995912095013
50006167,40.712498195654,-73.998001653243
50011500,40.742420282647,-73.991501487456
50011507,40.682715900424,-73.934921976003
50012833,40.859073729112,-73.898697201217
50011504,40.848407189558,-73.911759911768
41657476,40.672338094654,-73.910879495294
50010252,40.703031518638,-74.011457412471
50010250,40.747086809117,-73.888577410754
50010256,40.749280930714,-73.755634667716
41717583,40.71319674043,-73.735698239967
50002627,40.687173120571,-73.835562835666
50003958,40.76000321872,-73.969891909031
50002625,40.62516609885,-73.998695263702
41704278,40.743671944772,-73.921285322296
50003961,40.749907393922,-73.974988517936
41573822,40.629350150477,-73.947419633619
41593431,40.680224218069,-73.994787060207
41661581,40.88668349195,-73.861171773631
50010240,40.775432531723,-73.956370252448
50015932,40.632145474507,-73.887947239598
41665945,40.705094737484,-73.917647626248
41635218,40.746599831881,-73.893229093726
41664614,40.799581740676,-73.962533469337
50002617,40.767007887905,-73.912369137499
50002616,40.882077830026,-73.882072793988
50002619,40.708839119057,-73.818405172895
41657460,40.791243487738,-73.939779517476
50002613,40.763383924812,-73.815183657179
41656133,40.760810188144,-73.969304774107
50002614,40.766100577642,-73.933151253694
41705597,40.821422713941,-73.950479953927
50002622,40.831320055052,-73.850973843164
41600577,40.756138071241,-73.969722419929
41704268,40.746478051301,-73.713133167371
41705598,40.872927930457,-73.877669217796
50011569,40.774367950323,-73.951119182874
41594753,40.54281364913,-74.145359934257
50011567,40.717213169433,-73.74051438244
50015929,40.599954945304,-73.941874423035
41579136,40.751049546205,-73.946324653808
41681185,40.859650406502,-73.865661943082
50015922,40.728459179163,-73.983528211099
41594755,40.678583266875,-73.968449299462
50011564,40.85145896556,-73.898742785301
41636513,40.776611336471,-73.989328362812
50002605,40.714497917568,-73.957788044654
50002608,40.591537489527,-73.960750938485
41697551,40.685487030491,-73.944414027057
50002607,40.626727155797,-73.965467818704
50002601,40.846557204638,-73.906572935446
50002604,40.697995638012,-73.794883104118
41696216,40.757116174297,-73.914902735202
41648501,40.745586187695,-73.903009371206
41625868,40.87415995637,-73.879390607215
41623200,40.674688251003,-73.952752765539
41696219,40.704995610265,-73.809417576937
50010225,40.718945594866,-73.985226118755
50011556,40.670182236566,-73.922609361471
41644141,40.863374765753,-73.900685907531
50011559,40.702864177782,-73.925609420087
50009230,40.716889455344,-73.959052912462
50011550,40.667617641736,-73.980881756861
41611247,40.825590177659,-73.899222339309
41615605,40.722210939899,-74.004003303848
50009231,40.685368164832,-73.920407608134
41637852,40.630165433819,-73.918469233273
50012880,40.716749669107,-73.961892421042
41689915,40.880705131444,-73.840071583009
50009235,40.757451505486,-73.829184298594
50009238,40.702168230662,-73.820556321062
50003925,40.856845208004,-73.932482021683
41612571,40.694968011594,-73.99471558001
41696210,40.818476006851,-73.950881541042
50009239,40.719128794912,-73.989635218517
41696211,40.818476006851,-73.950881541042
41717559,40.803982186964,-73.93779287869
50003921,40.687501681886,-73.976577700596
50000898,40.718059384774,-73.992095790834
41696204,40.841656195965,-73.883657410014
41709935,40.757098540224,-73.969745245386
50003930,40.650470841516,-74.01456029854
41709938,40.775719792116,-73.947189141425
41664642,40.736613666607,-73.994907923963
50010216,40.71296262955,-73.877546669319
41686891,40.758885243702,-73.83178392242
50012875,40.842780499261,-73.851144944608
50015901,40.705637344777,-73.896590396364
50011549,40.848939362784,-73.854250268356
50011548,40.682381783869,-73.961359816647
41605430,40.680148613566,-73.968046659667
41680691,40.745909380223,-73.948014259504
50000806,40.905422307934,-73.897963650346
50007440,40.762215106164,-73.974427537669
50008771,40.752583752873,-73.82702572309
41710990,40.635337447795,-73.92747466171
50000805,40.618493725833,-73.990920615241
50007443,40.577519410945,-73.962137381627
50015069,40.60851901186,-73.973014367412
50015063,40.750586040307,-73.861988754453
50000803,40.774688742429,-73.950885305932
50000800,40.819555862089,-73.81761879201
50015061,40.766254001294,-73.995359637459
41706018,40.776121830916,-73.979939648386
50006116,40.757340089421,-73.920415473053
50003088,40.740957889779,-73.990099489065
41625045,40.76494792444,-73.812665228701
50003086,40.6790651691,-74.010790105051
50006112,40.774578146724,-73.954062393547
50006111,40.753477847684,-73.990780531002
50006110,40.798757368228,-73.967021505135
41618759,40.660780486073,-73.994110046445
41601073,40.613665052445,-73.981025873131
41578639,40.677099389276,-74.013096505316
50007432,40.774139331754,-73.913231547352
50008766,40.856021284172,-73.855561112396
50007437,40.760643143766,-73.990930907513
41580952,40.74527180851,-73.998588884815
50008769,40.676475873623,-73.882105044747
41691331,40.781544222089,-73.84134160703
41670413,40.743492957532,-73.973810080044
41706003,40.832146815434,-73.865195700135
50003072,40.740713628096,-73.923848877713
41580949,40.807534586898,-73.913353574501
41637006,40.749734744367,-73.97720691055
41598232,40.759698619532,-73.829377544625
50015048,40.740139634781,-73.923855497205
50015042,40.724384952732,-73.951058731191
50015043,40.679844293086,-73.964085172577
50007427,40.676984071751,-73.742870259116
41641991,40.75870514163,-73.829637189276
41671752,40.670971208717,-73.984894229254
50003067,40.688277385282,-73.979183718298
41640664,40.728939871478,-73.781804659904
41721673,40.838348216245,-73.941659053368
50004396,40.598889120539,-73.997716713827
50003062,40.720110001854,-73.988256337406
50003063,40.609899232737,-73.95762943373
50004392,40.624002069819,-73.93095594514
41579965,40.656856261186,-73.913961884669
50015038,40.885888221902,-73.909984744534
41574277,40.797321084957,-73.938689250786
41578618,40.686615116773,-73.909161417155
41606774,40.761741384016,-73.982704188219
50015034,40.523584963914,-74.2160353186
50015037,40.678676648707,-73.866856586222
41682406,40.699465263898,-73.832485311088
50007410,40.723884496227,-74.004176591972
50008742,40.603101171445,-74.083142217894
50015032,40.636238517332,-74.027457352588
50007415,40.714648886027,-74.010592166988
50003058,40.763915437149,-73.958922475492
41587571,40.759698619532,-73.829377544625
50003055,40.735668505514,-74.000486888228
50004386,40.742414847057,-74.000498875643
41601087,40.840491527545,-73.921502844258
41626364,40.716502007996,-73.993101217646
50004382,40.675351505826,-73.988712424426
50004380,40.763397261964,-73.982719850528
41601083,40.70260536504,-73.990946069051
41709978,40.669392105171,-73.979586218805
41662825,40.747409118516,-73.88662076638
41677087,40.745770191352,-73.954303435969
41635284,40.661497392198,-73.98629064486
50000845,40.769669351514,-73.980821198981
50000844,40.642721405863,-73.97977534945
41590326,40.641456920039,-73.985330440255
41652616,40.819992579264,-73.916066363447
50012829,40.674859807645,-73.987695481125
50006158,40.744263921702,-73.991900313769
41627665,40.751899790829,-73.973710188762
41719364,40.838896018108,-73.941433231904
41719361,40.712565980288,-73.784411859302
41677080,40.874321926312,-73.885565653863
50006153,40.764352870947,-73.979208424443
50006151,40.680663579029,-73.97766594589
41722947,40.766476904386,-73.772422548739
50007472,40.804929676884,-73.955082043917
50000838,40.859270085389,-73.899162185762
50007474,40.748862894081,-73.891749785741
50007476,40.823549219897,-73.909092835713
41653940,40.774410836797,-73.948317691555
50000834,40.721231564053,-73.855096349383
50015093,40.663444542784,-73.776929320314
41670453,40.730116987967,-74.003325642179
50015090,40.75237829884,-73.82688343501
50006149,40.785485001065,-73.972991380351
50006145,40.852847370256,-73.842670885613
41719350,40.649589788256,-73.962857787329
50007460,40.732925264566,-73.986467701717
50000828,40.718468050936,-73.996826100959
41681128,40.559455310768,-74.197150186864
50015089,40.655050763461,-73.961273122274
50007464,40.729401152717,-73.862865736617
41718014,40.679999293544,-73.941278862658
50000829,40.752307822528,-73.993898460646
50000824,40.827180746242,-73.92079336108
50015086,40.686123969489,-73.94438892336
50000823,40.588837889575,-74.1018906129
50015088,40.750506990905,-73.973988133785
41694437,40.705842358399,-74.013353986647
41706030,40.817455001822,-73.903279473567
50007469,40.641901514467,-73.948541467755
50000821,40.72735960972,-73.984582400454
50015083,40.754712426637,-73.981561935345
41690085,40.753063226737,-73.985637427273
41670464,40.747713006693,-73.986663989712
41708699,40.575615535482,-73.994457967912
41707367,40.729594271478,-73.987032693876
50012807,40.689015910137,-73.951219576833
41601058,40.604491781338,-74.007287235094
50006135,40.751409785985,-73.859199081273
41627640,40.723080872961,-73.944823787185
50006132,40.836503970826,-73.940101060618
50007450,40.72716111955,-73.988801072795
50008783,40.750419851775,-73.983203592004
50007454,40.677027393677,-73.888542462385
41708683,40.735849568561,-73.979221571177
50007456,40.667207157693,-73.931197001389
50008787,40.718329453012,-73.815107155251
50007457,40.660955560979,-73.997416332795
50000814,40.599880935091,-73.990321183418
50015076,40.672824361923,-73.871961577737
50015070,40.717935971903,-73.999953754656
50000811,40.587622148849,-74.103418238624
50003097,40.70319447778,-73.991454911861
41719331,40.801263006077,-73.961319461019
41720314,40.72405171855,-73.950127027146
41677561,40.750099412106,-73.880411931688
50015107,40.729766975305,-73.824543022802
41669938,40.61285450613,-73.962841250606
50015100,40.759698619532,-73.829377544625
50015102,40.578456271389,-73.93862291752
41690534,40.702819646314,-73.929316544605
41605039,40.815702829014,-73.925220336219
50008813,40.58394412759,-74.168766534898
41584006,40.748860653127,-73.871722201984
41585338,40.715280932816,-73.997682108707
41707060,40.81538390754,-73.943728430607
41619684,40.693105054601,-73.970592223362
50005788,40.630690972308,-74.028184944703
50000097,40.898209502742,-73.851065610965
50004455,40.68339343237,-73.995481109971
41586672,40.74350789782,-73.99970112614
50000098,40.626344268805,-74.130368488593
50005784,40.749222027562,-73.868322943212
41668615,40.620606407544,-73.917300382194
50000093,40.604153567102,-73.997617965405
50005780,40.825784916844,-73.891984999578
41689552,40.711846509223,-73.940708379634
41633994,40.713180436743,-73.911561345979
50013396,40.667919836092,-73.958885239905
50012063,40.711811003422,-73.941579174628
50008803,40.733388294191,-73.849751731141
41623711,40.777903753225,-73.809257595657
50004448,40.829286659808,-73.897705331155
50004443,40.645603395321,-73.973052715863
50005775,40.75104625794,-73.971403360458
50004444,40.761590005267,-73.986698298027
41707057,40.780290373584,-73.949899071931
50000087,40.786983913373,-73.80830077951
50003110,40.660276306031,-73.921524210616
41664268,40.826646126651,-73.857365069933
50005771,40.803504375726,-73.948688395345
41689548,40.69610803775,-73.942347064223
41632630,40.689566047535,-73.970202703689
50012055,40.766855399105,-73.921162974368
41606387,40.65976108188,-73.998850372923
41599963,40.616960761028,-73.9853076105
50012053,40.676176630899,-73.99879862857
50012057,40.751880792831,-74.00230913407
41641589,40.808023549752,-73.916748468083
41682935,40.688786506979,-73.983477396463
50012051,40.777924064614,-73.980165194717
50005759,40.745335301677,-73.906411472974
50012050,40.733094929719,-73.95466123401
50004428,40.804152701855,-73.920958430067
50005758,40.770829165406,-73.735451328774
41639260,40.732003251043,-73.98426976924
41664273,40.624649851153,-74.136678536353
50004435,40.703836135561,-73.941124787195
50000074,40.759732580442,-73.913858588709
50004432,40.721973900227,-73.993476266468
50000077,40.688940859344,-73.986122250722
50003100,40.762794748606,-73.831788783231
50004431,40.747844992984,-74.000427978075
41599957,40.749338149983,-73.876576331607
41599951,40.633637655244,-74.011393150406
50013377,40.714248976812,-73.944264502255
50013379,40.805328290518,-73.951072470286
50012049,40.687680681706,-73.989907361549
50013373,40.72124765592,-73.983861435586
50012047,40.575519226113,-73.97829418079
41609409,40.618080509458,-73.958872760455
50013370,40.679243614123,-73.7916063464
50004419,40.660234708354,-73.739501046755
50005747,40.863133468504,-73.927377807001
41641581,40.714217589674,-73.987610429866
50005757,40.757801074059,-73.86007560709
50005755,40.653126133001,-73.886470276911
50000063,40.762071328669,-73.803346727053
50001395,40.745131658744,-73.904298139662
50004422,40.759796653464,-73.936750583794
41617019,40.723632808539,-73.985091985244
50001390,40.761133900459,-73.909256997508
41689569,40.750484557238,-73.989269136737
50000061,40.755683147313,-73.980295632757
50001393,40.700237187972,-73.906857054414
50000062,40.576401535693,-73.967435071004
41573334,40.651603819501,-74.003464155942
41607650,40.624597914126,-74.148813056253
41713784,40.667753099703,-73.980769588358
41632612,40.564687940806,-74.127527489605
50008850,40.747202372089,-73.891307677372
41615279,40.618928209445,-74.021864584145
41642898,40.575602234474,-73.993565383283
50008853,40.699941052654,-73.948196934207
50008857,40.656207787197,-73.950078343808
41712459,40.713430378146,-73.988663504069
50008858,40.711193125733,-73.94391174735
41689595,40.736980853099,-74.001432273052
50003168,40.728773826306,-73.987933464764
41641577,40.699459794716,-73.923412079071
50003166,40.683145527856,-73.953791445241
41670967,40.760759827792,-73.979885604557
41664297,40.73430580745,-74.006278799
50004490,40.681438808,-73.911387891297
50003160,40.630799151801,-74.10325123897
50015138,40.718666956553,-74.004909431367
50015134,40.650363730612,-73.837746356461
41694926,40.861798011384,-73.857571815875
50008840,40.613085010372,-74.121694305066
50008841,40.634583318589,-73.914594401008
50015131,40.739341506669,-74.006778751305
50008839,40.879677761663,-73.824796446512
41589732,40.869334215104,-73.82585122853
41679308,40.856045916485,-73.928728234633
50004488,40.694128872968,-73.753170586745
41652204,40.763087888585,-73.920988407879
50004486,40.759153107816,-73.926291601662
50004483,40.605661480038,-74.000644572139
41596018,40.766427000942,-73.827632178372
41640234,40.750591160078,-73.895529747874
41648196,40.771233780427,-73.956504836559
41704826,40.741488587651,-73.981124824894
41720016,40.723130085811,-73.868214499418
41639229,40.635837772573,-73.933452334418
41652202,40.683862332425,-73.806809705613
41713766,40.730863210435,-74.002706460429
50012091,40.762670760895,-73.996885213903
41639225,40.80672092935,-73.917392778229
41707082,40.760556957194,-73.828720522984
50008837,40.651711455868,-73.932190233532
41670981,40.758778318964,-73.978746642835
41653529,40.747172933196,-73.891416324518
41701782,40.660257626422,-73.983905264732
41619622,40.761380983059,-73.802894652214
50003146,40.592090888046,-73.97739568902
41645910,40.833462930931,-73.859140382155
41596006,40.688485467793,-73.980035451516
41619628,40.740897461216,-73.987880034417
41720025,40.700316590089,-73.753725923283
41719062,40.778204602057,-73.948319251738
41720027,40.672483248333,-73.874356593748
41704811,40.74743551009,-73.986319319466
41719061,40.721541484136,-73.997291175954
50015118,40.71519935873,-74.00763750855
50012086,40.637570833259,-74.008531706678
50015114,40.748148523304,-73.947263155585
50015113,40.694436216616,-73.849186366515
41615286,40.815353224352,-73.958619030972
50012085,40.743360588048,-73.888749742432
41670993,40.760077839324,-73.832642577847
50004469,40.749321113193,-73.949230006399
50003139,40.740386224324,-73.998433850354
41615280,40.647718811153,-74.00750236897
41619633,40.656844298999,-73.928240109015
41642872,40.854348488842,-73.890040227341
50003135,40.59329579215,-74.110551183788
41618303,40.628513570252,-74.029075697159
41721364,40.72860000379,-74.004663891299
50003130,40.75919011551,-73.825821059736
41722695,40.509250618761,-74.246419308708
41704800,40.73102055785,-73.981892798404
50013322,40.743064464661,-73.996309267045
50010299,40.713560175887,-73.961812380231
50015980,40.758596930638,-73.833140609157
41695391,40.674125088631,-73.799413248281
41602841,40.736279058341,-73.877456624556
50001337,40.683767755879,-73.932293421584
50000006,40.669574063593,-73.992683871664
50000007,40.632748171519,-74.075631099564
50001339,40.624406110474,-74.137148526875
50000008,40.762149002974,-73.814772549944
50001338,40.767105341264,-73.738959542123
50002669,40.703682336948,-73.76664831894
50002674,40.736681976149,-73.990731889095
50000014,40.720474081252,-73.9951059343
50002677,40.607422492776,-74.003043917282
50002670,40.759698619532,-73.829377544625
50001342,40.760781193887,-73.830648885915
41703545,40.745889301278,-73.912676377654
50014646,40.751929818249,-73.872317253719
41703544,40.71427074013,-74.009732757114
50015977,40.758596930638,-73.833140609157
50013317,40.640076538488,-74.008279474205
41635776,40.708297650968,-73.943283459702
41712480,40.648183574184,-73.897771914074
50015976,40.764938150867,-73.982848140595
50010282,40.839868279961,-73.916585259918
50015975,40.678861453397,-74.001860111351
50010287,40.712605921518,-73.95796722155
41695385,40.718526342238,-73.940696406614
50002657,40.629273126094,-73.966099222209
41583544,40.791984059484,-73.941360646783
50003996,40.728894139844,-74.000775309887
41674459,40.867502454633,-73.929741571988
50001334,40.661838421904,-73.915468253241
50002661,40.803144058358,-73.952494696389
50014639,40.752935685385,-73.987219107141
41665513,40.727705219156,-73.785570689143
50009290,40.839114411763,-73.914372020139
50009292,40.624964703437,-74.147880057385
50013304,40.737757841968,-73.996461122536
41662482,40.694429155932,-73.752086919701
50014636,40.760321667981,-73.97544701011
50013306,40.734517435626,-73.937333113823
41661153,40.70108375509,-73.891751058206
50009287,40.786616291261,-73.950293327349
41609497,40.773896441983,-73.957663493909
41659711,40.719689381506,-73.962300434692
50015961,40.878776568668,-73.873307046763
41716837,40.830631932751,-73.903254728453
50002649,40.837453329921,-73.86717938619
41698443,40.69911844736,-73.992289616911
41716834,40.645840579318,-73.995302704915
50003976,40.794618549428,-73.966151784861
41623768,40.603045833501,-73.753082489382
41673137,40.74827944396,-73.88586209137
50001323,40.747489944028,-73.973989585652
50003981,40.699525396406,-73.9106719898
50002651,40.704115402319,-73.901780838201
50002650,40.656001174359,-73.939628051919
41591157,40.809696270348,-73.88997631429
41596841,40.75185836153,-73.947948199075
50014624,40.883867434295,-73.86272438847
50015958,40.788068402811,-73.953463148877
50010263,40.751599889877,-73.980250492292
50014623,40.771590979331,-73.926536527367
41656679,40.764483499589,-73.988131094443
50001308,40.810820299642,-73.950782775558
50002638,40.738313680504,-73.983610261114
50002634,40.682144736412,-73.949853362528
50003968,40.68288275884,-73.851084767241
41697105,40.650587202948,-74.004517731897
50003965,40.774863909442,-73.908796102761
50003966,40.728999617202,-73.950477882757
41694079,40.614205202735,-74.084687049796
50003973,40.699515518759,-73.830730925589
50003970,40.879446765598,-73.865010840731
41622444,40.846231095536,-73.892671277521
50010259,40.754625762908,-73.925715666463
41592474,40.785928202728,-73.978343212193
50010257,40.761156350756,-73.803801618782
41661174,40.746304059791,-73.979647232452
50015947,40.69239057679,-73.943028079057
41629043,40.736581690307,-73.98891294273
50014697,40.739881665173,-73.789001553329
41714230,40.75395587958,-73.97734520671
50012031,40.774488861129,-73.95412752214
41697130,40.753683570604,-73.822457671289
41632698,40.78487944233,-73.973259927966
50005737,40.88431907392,-73.849311057959
41673166,40.748658470824,-73.86469759641
50000057,40.644635437036,-74.097947895147
50001387,40.758049499394,-73.991884429894
50000058,40.676890534929,-73.980223470605
50005744,40.729869722956,-74.010405686412
50004410,40.746855175212,-73.863805292145
50005742,40.786048541647,-73.951204858339
50000053,40.762213217127,-73.926038959355
50004411,40.804786225738,-73.937031312354
41610419,40.759698619532,-73.829377544625
50001382,40.767596595196,-73.953119424234
41595576,40.700370369878,-73.808539198162
50000051,40.719184514842,-73.985607876435
41574633,40.689810681802,-73.979632221325
41609423,40.711938270023,-73.94146833072
41629054,40.669725594792,-73.979306906035
41631377,40.658725950068,-73.960438274075
41697121,40.705709910839,-73.921592572879
41699785,40.838185578394,-73.860635937485
50005729,40.798332957717,-73.939649412954
41652297,40.753843187126,-73.861988856079
41719914,40.732993911406,-73.986319772253
41623748,40.72708830432,-73.988854192142
41720091,40.61796659875,-74.009955957364
50000045,40.733023967642,-73.998016013298
50001377,40.744541685965,-73.99169654381
50000047,40.836278334947,-73.860265660088
50001379,40.756319063516,-73.878668917864
50001373,40.715515841139,-73.997986106632
50000044,40.747487646855,-73.891630808892
41666887,40.778098198111,-73.956692258994
41610408,40.761044999384,-73.802440061024
50001370,40.707669365867,-73.955577747356
50012017,40.865825363308,-73.86742092821
50013349,40.757380713675,-73.970417755244
41643340,40.754207647871,-73.988365543357
41669919,40.7198008089,-73.809713797756
41614800,40.683768212241,-73.992385530615
50014671,40.754746957123,-73.970000652303
41711186,40.785390468113,-73.976775827071
41711189,40.759266542644,-73.768696744423
41697155,40.871129100217,-73.886551956377
50014670,40.634410051835,-74.118293103241
41676211,40.629511362241,-73.966907716906
50000029,40.683463896716,-73.872627740957
50005715,40.514404580469,-74.235742320183
50005714,40.779201761991,-73.950689299686
50000034,40.761866158873,-73.99392726985
50005724,40.732332924889,-73.996380214224
50000035,40.835298580925,-73.863038628384
50001365,40.615803516862,-73.944701248167
50002696,40.711633004779,-73.994456936014
50005723,40.760749920447,-73.990852434277
50000037,40.6041878906,-73.971703652266
50002698,40.710771815727,-73.792688341514
50001364,40.820753056741,-73.848355971136
50012009,40.828472939061,-73.879853547197
41670903,40.832041023844,-73.865988721696
41599911,40.738861007633,-73.992801458056
41574613,40.761066901537,-73.973338494301
41665562,40.849539407521,-73.916891543793
41652271,40.671783818653,-73.7849356115
41630020,40.753590703118,-73.992646295558
50015995,40.747722193483,-73.973821097385
50015997,40.684436018911,-73.832079034143
41689516,40.751971485775,-73.981131586319
41608118,40.75854630194,-73.969607125857
50014661,40.678022184405,-73.910728535123
50015991,40.715207105086,-73.993395362271
50014662,40.718017316189,-73.957431692453
41698476,40.714780720992,-73.774704731821
50000016,40.759549188911,-73.99544415678
50005704,40.714108105107,-73.995536973715
50000023,40.693733930285,-73.827927067906
50001355,40.688940859344,-73.986122250722
50005712,40.644032463463,-73.976352044991
50001356,40.641527416312,-74.003183618089
50001351,40.711594237949,-73.961917861578
50000022,40.738747928212,-73.989958645826
50001352,40.6781000472,-73.972188130169
50002683,40.825234151983,-73.943970382164
41605081,40.772097098237,-73.925388702746
41599900,40.712639788882,-73.879628848816
50013326,40.770787681949,-73.920548290181
50013327,40.692476960355,-73.858841846401
50014659,40.757821209093,-73.788292038659
41703557,40.705045883846,-73.799257989038
50009342,40.860046893982,-73.887834283397
50012995,40.742878814982,-73.99290787968
50002709,40.71411957323,-74.012581253651
50009344,40.762594776901,-73.976963517901
50010333,40.702403856069,-73.811965377629
50009346,40.721509842806,-74.009831788154
41613576,40.715970518136,-73.966129223499
50002704,40.582160403778,-73.958711345148
50009349,40.607909541173,-73.957250884835
50002700,40.865283770139,-73.919582412667
41580444,40.719259906401,-74.004444696394
41696756,40.757934615646,-73.97755227066
50002710,40.674823157661,-73.807264212709
41671459,40.693299864984,-73.966704989946
41678092,40.793505423783,-73.970852900667
41617945,40.680540782077,-73.974983766195
41645172,40.799448534897,-73.939006001851
41600260,40.704303645096,-73.797601609812
41720841,40.634170581076,-74.01083960985
50010329,40.606577824491,-73.964499080109
50011659,40.762456515449,-73.831584507042
41720843,40.747943586549,-73.977640104526
50012981,40.764310313991,-73.985223943786
50009331,40.785316710716,-73.978973334861
41719830,40.550464365021,-74.150562811037
41718509,40.736609862213,-73.865732446675
50008005,40.901690389586,-73.846433703036
41613563,40.75179902786,-73.982955580385
50009336,40.609667555078,-73.956364499787
50009339,40.617004894831,-73.930794349662
41703490,40.754729322128,-73.991530151568
50000996,40.760552877618,-73.917624366275
41695420,40.759319871553,-73.768885930826
41599050,40.654692632481,-73.973355983782
50000998,40.829508237641,-73.825033446986
41696753,40.757934615646,-73.97755227066
41696743,40.757934615646,-73.97755227066
41650503,40.675753924339,-73.980989994829
41646498,40.729595022118,-73.998771414516
41646499,40.707607815752,-73.796160879919
41696748,40.757638982593,-73.977163922937
41651831,40.762219386084,-73.81508915254
50012978,40.74056022296,-73.81511090395
50010319,40.745415449388,-73.907281147882
50012974,40.541565016759,-74.178151420309
50011649,40.584062807279,-73.935717026207
41612269,40.746446702752,-73.99385181485
50009321,40.800496419008,-73.952421005605
50009324,40.702934396959,-73.908020602075
41669160,40.762085963151,-73.940281214815
41658460,40.756603472898,-73.988139650319
41694117,40.724515792671,-73.984570270446
50000986,40.705238910435,-74.010065090974
41651826,40.824117712614,-73.820018545698
41707843,40.684659440326,-73.844839294425
41624219,40.699681114242,-73.91039645006
41674502,40.764851712788,-73.82803760947
41707841,40.740953241599,-73.879711940517
50000990,40.902074621411,-73.896726124219
50010304,40.600843503495,-74.162995026667
50006296,40.765634621657,-73.983578462749
41593734,40.72178391666,-73.844926399479
41645153,40.768425421176,-73.98219370522
50006295,40.879031027026,-73.843211795928
50012961,40.715489079929,-73.993637924425
50009313,40.625502561989,-74.074899225736
41605964,40.634759620737,-73.964781616761
50000977,40.807054812798,-73.928159858465
50000979,40.693182914952,-73.969145143491
41670166,40.686181448234,-73.973956668774
41695434,40.74412169689,-73.989634080723
41691088,40.756620612869,-73.834773725254
41691085,40.752141178096,-73.925337682507
41702145,40.775753269205,-73.910044715786
50011629,40.878303361245,-73.902987473843
41649506,40.673436256398,-73.956891081405
41707838,40.52769982629,-74.231704961454
50011621,40.605832572643,-74.009266578475
50011626,40.737946275704,-73.877261537889
50006281,40.862805051322,-73.904795336206
41658445,40.876216167663,-73.887115263445
50009386,40.752031991196,-73.991177947553
50013401,40.747548006391,-73.973947463585
50008059,40.719157872411,-73.985520775027
50002748,40.739331915417,-74.007290812551
41694139,40.723232061272,-73.942048649594
50002747,40.69003513179,-73.923411231127
50001415,40.666901375819,-73.981750117143
41645136,40.725250122091,-74.003514139754
50001422,40.706100955277,-73.942925840685
50002753,40.826241050418,-73.876566851509
41625523,40.757451505486,-73.829184298594
41666910,40.885017870281,-73.861929906118
50011698,40.686813804119,-73.912886693598
50014723,40.714775571086,-73.993781258442
41596825,40.876872109394,-73.864637492792
41682166,40.727369647717,-73.786589386044
41683498,40.757994859523,-73.795704420363
50014725,40.702766951406,-73.78139538119
50008051,40.82031305347,-73.901277306995
50009381,40.874919995443,-73.909467525466
50009373,40.737133064109,-73.865963963386
41637516,40.645737212889,-73.919975468611
41682147,40.660732583532,-73.920823733922
41714186,40.586211788681,-73.966627146296
50009372,40.747402255277,-73.88559024489
50014720,40.630677471346,-73.995785779322
50014721,40.851984322591,-73.934731448701
50014722,40.789986633523,-73.973421751048
41687838,40.700469556532,-73.925434772477
50009379,40.684251982451,-73.941117946877
41602871,40.724016327391,-73.950968018483
50001409,40.78321796912,-73.947925628073
50002739,40.863866482209,-73.900302744002
50002734,40.743069777501,-73.891449667155
41718548,40.706432978381,-73.759304960956
41670188,40.826092433091,-73.8990379532
50002741,40.748074043491,-73.985923187624
50002740,40.782567954771,-73.951334137298
41601543,40.714792977415,-74.009714232335
41601542,40.665702335523,-73.931340460688
50011688,40.595864833772,-73.754153737335
50010356,40.761114635228,-73.803807383794
41621175,40.652157681783,-73.92820399663
41647784,40.723293399527,-73.994716022505
41655396,40.854985893607,-73.929673622971
41720812,40.807184077367,-73.945828133256
50008031,40.68704302718,-73.990338848604
50010350,40.745999276537,-74.001599163057
50008032,40.517298790114,-74.241186207793
50009364,40.687353923232,-73.956988689326
50014710,40.724672972775,-73.879779774919
50011686,40.605322496937,-73.980974849669
41720816,40.753828773509,-73.822636475745
50008035,40.743678265591,-73.994492147449
50010354,40.851618157267,-73.882086979425
50011684,40.827350222519,-73.886564733339
41694159,40.810603561007,-73.939290401349
41719869,40.732494390084,-73.997073089607
50002724,40.762670760895,-73.996885213903
41694167,40.764663363447,-73.822905813526
41705224,40.640294657521,-74.097946623337
50001400,40.828192245331,-73.945357718524
50014705,40.668664410899,-73.985113058321
50010346,40.637806444031,-74.076487988516
50014708,40.641560553452,-73.937746939177
41645110,40.823185078658,-73.952732560439
50010340,40.837842063657,-73.911191002007
41720826,40.621941153746,-74.031762120568
41613545,40.701051260571,-73.940787732374
50002719,40.709206315589,-73.775905041186
50008024,40.700625381351,-73.89955919071
50011674,40.704267766314,-73.919040540341
41718520,40.730188494372,-73.983507086427
50002715,40.893789971403,-73.857075543151
50002718,40.655473506427,-73.959751050572
50002717,40.671180640703,-73.913536761655
41635792,40.669128069958,-73.897258644258
41655387,40.681746895545,-73.93472862728
41600233,40.765965166448,-73.827799193927
41622487,40.766868180279,-73.921190524254
41665611,40.679873636275,-73.938990554762
41592433,40.753047319637,-73.992924760139
50010338,40.692837677619,-73.8544220298
50008890,40.767847454631,-73.790887560571
50008891,40.726389531428,-74.008950587864
50000926,40.635944346716,-74.008992506008
50000929,40.718245151753,-73.963849847858
41639328,40.710009060242,-73.794578502574
41692319,40.748682459384,-73.985305806718
41709640,40.731377856634,-74.000424726619
50015184,40.734190166142,-73.871739749001
41705282,40.805173660586,-73.913733347093
41710632,40.631787827216,-73.946203584564
50015183,40.721129165269,-73.805291936595
41710627,40.667276726758,-73.931190385359
41672700,40.681828024044,-73.937738099951
50006238,40.679789750773,-73.851369348054
41590649,40.781287699728,-73.95227901497
50006235,40.754727965047,-73.987994905831
41709641,40.73322299141,-73.989854294495
41709643,40.741208409134,-73.981329202937
50012904,40.735083585249,-74.000301282103
41590643,40.661568321949,-73.893854729391
41722624,40.769092763931,-73.988661888237
41575026,40.762744897985,-73.96580009954
50000916,40.765609481488,-73.982185554427
50000915,40.75587116287,-73.912541462397
50008887,40.704567494739,-73.799747233029
41679355,40.807431540073,-73.919079464204
41694962,40.757451505486,-73.829184298594
41708303,40.613115889542,-74.130689689898
50006223,40.7401496994,-73.984363832161
41640311,40.826556105675,-73.921198636445
41618406,40.6852442015,-73.980334564748
41598597,40.773099665447,-73.933811691211
41607750,40.646596304637,-73.913151804463
41722637,40.707226331305,-73.954010032109
50000908,40.740290749727,-74.003962441458
41660744,40.736581690307,-73.98891294273
50015168,40.676015187045,-73.974490034681
41654942,40.840464781263,-73.91081690653
50000902,40.799014714577,-73.941246279385
50015161,40.600797382424,-74.091583486712
50006216,40.671225866509,-73.984682203012
41650577,40.683034156577,-73.920096912362
41706596,40.757147386851,-73.971804203702
50006215,40.762202108744,-73.966025106118
41667382,40.677543882245,-73.979606415053
41619703,40.759146796452,-73.962224477082
50006210,40.705487398726,-73.810399297849
41603386,40.903786768507,-73.850181151328
41660757,40.639416225317,-74.005573087617
50015158,40.714153400133,-73.961430579325
50015151,40.867762434039,-73.899301989703
50008867,40.651438511661,-73.949564681049
41607749,40.648269459734,-74.006930794865
41694984,40.765732642974,-73.957596164674
41672732,40.84480640798,-73.882219129613
50006208,40.79505866742,-73.969721528593
41588301,40.873378027732,-73.90690784927
41694991,40.758426359369,-73.829660951382
41667390,40.764599710897,-73.885020301001
50006202,40.750053033318,-73.818609337477
50006200,40.834381044835,-73.850479118074
50003175,40.730402424788,-73.986272264364
41577651,40.737762658184,-74.001901728693
41578982,40.681869213454,-73.949797644165
41654929,40.767328089857,-73.98448090866
41636255,40.742303488897,-73.72233308898
50000969,40.757695059712,-73.865549318881
41657196,40.726162897361,-73.993281140302
50000968,40.820082711427,-73.958730410671
50009307,40.720767973005,-73.959590572162
41637582,40.753708178178,-73.93199717616
50000965,40.752878681733,-73.972822277681
41696720,40.642326933113,-73.927163214275
50000964,40.706941004613,-73.922394985448
50000970,40.703398280232,-73.99369959552
41648248,40.790502408385,-73.974900427037
50000971,40.744641983365,-73.929629442401
41651888,40.725438690146,-73.983721165243
41630942,40.758395363187,-73.970890153569
50011613,40.767847454631,-73.790887560571
41720881,40.651048803703,-73.955951417776
50012946,40.784919352953,-73.846577765376
50012942,40.761398494257,-73.831123976229
50007596,40.712076121051,-73.789310894676
50007598,40.63371293891,-73.982823379706
50000957,40.846353255241,-73.831889150434
50000951,40.736905583129,-73.995601774772
50011609,40.832557754405,-73.860882535935
41650543,40.749683706129,-73.991665811753
41650546,40.709844857335,-73.795512895355
50006268,40.821540865595,-73.866922813382
41720890,40.727322975903,-73.893170600914
50011601,40.665554548619,-73.778964704724
50011600,40.723487447588,-73.950540730691
50012936,40.744663822088,-73.953532988121
50007580,40.722696104074,-74.004550915954
50007583,40.792591702301,-73.95033434378
50000948,40.816399365562,-73.89622664114
50007584,40.832978790533,-73.905878638375
50000944,40.640380229937,-74.004382025892
41650542,40.681588014761,-73.76537264615
41692378,40.61127499079,-74.009415342852
50000941,40.883932913269,-73.862524514328
50000940,40.743692475413,-73.718385939556
41671440,40.755995376208,-73.996746141488
41707008,40.755382910153,-73.97958591111
41711978,40.578083407317,-73.959486377056
41670106,40.622599047974,-74.031334259232
41648221,40.632301901203,-74.021566578233
41683431,40.772521638951,-73.955394583952
41707009,40.743076073801,-73.82561180404
50012922,40.739965949859,-73.878624055891
41603341,40.726272198122,-73.864741272345
41597298,40.532397627326,-74.239116553636
50000939,40.763259826412,-73.928241345606
50015197,40.714036475887,-73.996795339866
41711975,40.751920690772,-73.98293296491
41708327,40.811701933957,-73.888898395477
41617970,40.621164972677,-73.998337474063
41708324,40.765048880994,-73.987891538764
41705299,40.829524836121,-73.906617971621
50006244,40.730996784863,-74.001533307488
41577696,40.677705071409,-73.968767166061
41626094,40.757488712539,-73.866469462782
50012199,40.737827560095,-73.996582965201
50015226,40.857897368904,-73.886717912357
50012198,40.604132047477,-74.083706649417
41632770,40.632500465984,-73.966914495208
41690659,40.745465513055,-73.905351220281
50015221,40.648842727497,-73.964758868371
41704908,40.700924070371,-73.922196395969
41713865,40.651441432942,-73.937914403197
50012195,40.854618830775,-73.885409387841
50012194,40.730943702081,-73.74238491698
50004579,40.693080498657,-73.969910052755
50004575,40.675427808272,-73.813952853655
41643434,40.742199456035,-74.006347264962
50003245,40.757019608664,-73.829010534811
50004574,40.822718189713,-73.941917601603
41632768,40.710112535299,-73.94864241079
41720168,40.657546441728,-74.003862703944
41582191,40.640097388863,-74.130943387777
41605151,40.747928873853,-73.992769824997
41574556,40.650901370604,-73.946492660942
41704910,40.88642688544,-73.861148887994
50012185,40.660709543424,-73.993991416371
41690646,40.781544222089,-73.84134160703
50015213,40.761392226075,-73.832805500196
50008923,40.727836492734,-73.994646563958
41617151,40.755666451483,-73.739300167907
41675034,40.771610233026,-73.961425164127
50003228,40.756871190885,-73.969517402274
50004559,40.62049151431,-73.992315718626
50004569,40.650149256403,-73.891013057086
50004565,40.675155472799,-73.873238738738
50005895,40.624152242607,-74.030858052558
50005893,40.750306950031,-73.878439650964
41700546,40.894747941739,-73.856548751382
50004561,40.773705594672,-73.957630188239
41687000,40.597636644257,-73.966745060162
41700548,40.71462952877,-73.961441328655
41719153,40.646766411295,-74.019441528655
41574568,40.815026967338,-73.91755797378
50015208,40.598806191319,-73.937384833566
50015207,40.718099793543,-73.991912982373
41701875,40.778017283506,-73.980384700128
50015206,40.550623867751,-74.210599500036
50015200,40.819360284234,-73.889579405617
50012179,40.798056469752,-73.933987800067
50015202,40.713085940223,-73.951073798582
41620767,40.719430339202,-74.009486405802
41653692,40.678953442479,-73.864134614621
50000199,40.67974731067,-73.93878345843
41688363,40.725569748766,-74.005283682678
50000195,40.706881753762,-74.008043073687
50000196,40.664784859906,-73.894206311059
50004551,40.813063348134,-73.908540660792
50000198,40.800108515306,-73.966873793566
50005881,40.713399246378,-74.008117026869
50000192,40.675170042318,-73.981223988278
50005880,40.634757241773,-74.026507926357
50000193,40.787823175411,-73.953642224945
50000190,40.734541237137,-73.998804652567
50012166,40.677913373488,-73.745507473979
41631432,40.761654461658,-73.832886983897
50013496,40.691514724016,-73.812540183763
50012167,40.570226003138,-74.109910669235
50003208,40.760580736696,-73.872752579075
50003209,40.903681532169,-73.850087518403
41699005,40.592836010025,-73.795375265412
50003207,40.720863435334,-73.846529840748
50008903,40.74476452008,-73.997384776402
50000189,40.679175512401,-73.861211925858
41586521,40.637762402119,-73.896590224375
50003212,40.699021241214,-73.916844461994
50005871,40.808784046971,-73.952095750738
50000181,40.727016869451,-73.995522202769
50000182,40.780262365841,-73.946817884357
50000183,40.580795296172,-73.833939492347
41700520,40.684535957102,-73.991864639953
41605161,40.759698619532,-73.829377544625
41606446,40.733040695561,-73.804876851456
41632731,40.751849594354,-73.872302666681
41693724,40.628600092328,-74.02307944621
50007645,40.627776162277,-73.927748294951
41679424,40.713963786156,-73.990556248531
41716934,40.749911058019,-73.883299246559
50006318,40.741899551991,-74.004767857914
41703620,40.742672534568,-73.953502143054
41652338,40.804828231744,-73.938338508479
50006314,40.779580664949,-73.950415490964
41641698,40.669181511916,-73.979761469673
41632725,40.759698619532,-73.829377544625
50003284,40.692647921585,-73.931067055754
41703625,40.718577165632,-73.956070757054
50003282,40.69677094564,-73.783851251372
41632724,40.677404728958,-73.886454429995
41722785,40.742122687716,-73.977694008956
41667444,40.591249405913,-74.16494805459
41700598,40.798867945333,-73.911512205069
41678100,40.676427217079,-73.891638180752
50015255,40.59889814507,-73.956338547524
50015257,40.747200172263,-73.892345424084
50007630,40.797657464255,-73.94857268686
50007631,40.757274243329,-73.968215022276
50007632,40.6596054639,-73.884905984641
50015250,40.76393291006,-73.978212990104
50015253,40.80111236232,-73.94200525786
50007634,40.728745266905,-73.782779982961
50008967,40.750162189101,-73.818728261226
41638044,40.783808556289,-73.977929804609
41700589,40.840489532993,-73.920820031563
50003273,40.744835725877,-73.99755408143
41719196,40.739122333027,-73.919580444193
41720134,40.683490229758,-73.967185215258
41599880,40.787814676053,-73.953821175642
50015245,40.855573000482,-73.887463238233
41654984,40.857390908273,-73.891494170153
50004597,40.759192316802,-73.826849819167
41687073,40.73386480644,-74.006197925882
50003265,40.633279741027,-73.889211128893
41680425,40.638157420009,-74.006482364126
41606450,40.837056861354,-73.834198634166
50015236,40.758596930638,-73.833140609157
50015239,40.729575967312,-74.000935952925
41692402,40.641552968532,-73.937880889381
50007611,40.701993405358,-73.880925364947
50003257,40.794730101769,-73.944376443154
50003258,40.731809446742,-73.985419872798
50004585,40.756449199192,-73.993990083304
41719174,40.85964887047,-73.865793854585
50003250,40.757019608664,-73.829010534811
41638913,40.670907812242,-73.984947130031
50008097,40.656575789078,-74.003523891622
50013445,40.86039931043,-73.902570871731
50014772,40.714005365308,-73.991413582569
41630191,40.862684370983,-73.904114653141
50001458,40.716421028511,-73.997921795691
50002789,40.670591155588,-73.932154876871
41715646,40.723108281189,-73.995728644829
50000128,40.66270543878,-73.950923585791
41716978,40.744294949247,-73.912269354246
50000129,40.71318077476,-74.008941929593
50000133,40.799799954538,-73.944561966738
50005823,40.773031005112,-73.978281027893
41584771,40.742622615949,-74.000346848175
50001466,40.755141714035,-73.994943498074
41646549,40.643318839379,-74.001515797427
50000130,40.759114281621,-73.826663887309
50001460,40.757902933865,-73.983624946003
41658518,40.724895448874,-73.951347708684
50012106,40.711844386382,-73.942379022593
41595417,40.760150610579,-73.803940335841
41655484,40.747265085052,-73.991663491714
50008085,40.845788402283,-73.921906664653
50013432,40.759348357286,-73.919653726397
50008086,40.673521242376,-73.791336166871
50008087,40.683434910228,-73.834153561821
41711270,40.758578188743,-73.831151878969
41592382,40.759698619532,-73.829377544625
50013430,40.759036748066,-73.831839830702
41583427,40.635413305635,-74.009735832359
50005807,40.665303137778,-73.730812993474
50000115,40.744850662147,-73.997277965787
50002778,40.794231994518,-73.939715872835
50005805,40.72079675406,-73.986535340824
50000116,40.719391371133,-73.9904813845
50000118,40.712708532549,-73.733834451363
50002779,40.726978201194,-74.007298580833
41602946,40.782321290235,-73.978842384012
50000122,40.709058293968,-73.831307364105
50000123,40.684106935288,-73.832915082186
50001453,40.708006541751,-73.782425085504
41602948,40.735575149478,-73.74733255856
41647862,40.875363938679,-73.850994402608
50001455,40.846254777394,-73.819669288141
50002781,40.710382615795,-73.90869577878
41678934,40.736690735436,-73.997238322492
41646535,40.674843590877,-73.981486485946
50000120,40.722992326665,-74.003160565676
50000121,40.695289013877,-73.949479304408
50002782,40.859052507974,-73.906070056155
41575815,40.759066887202,-73.834097026973
41592376,40.779698762647,-73.802291746997
50013421,40.862749887023,-73.907247111558
50008075,40.621339956106,-74.026434433627
50008077,40.841116256616,-73.842702301107
41614964,40.723168364697,-73.819806295983
50010397,40.644866916853,-73.923748527683
50000108,40.741899551991,-74.004767857914
41626908,40.779455010913,-73.973673601515
41630170,40.752045267517,-73.987591052742
41698565,40.777205377757,-73.949219858755
50002769,40.743596518887,-73.986082198012
50000107,40.735079074093,-74.000131462362
50002768,40.863303404436,-73.926573408439
50005801,40.59297995607,-73.97891193197
50000112,40.800619294864,-73.965663514044
50002773,40.704522807545,-73.942818287218
50001445,40.745569575598,-73.904125245301
50001441,40.732148151453,-73.988431571155
50001440,40.661476020336,-73.993191798923
50014749,40.743445608529,-73.958153629252
50013414,40.779601701984,-73.793932073899
41661283,40.868038502794,-73.920228471273
50014746,40.702546652164,-73.988574332884
41613627,40.764244688032,-73.96662557883
50008072,40.703304676956,-73.987668305586
50014747,40.672154623398,-73.97710269401
50014741,40.713641479217,-73.995883107875
50010382,40.742896136415,-73.982364941602
50014743,40.722936652416,-73.800020064079
50001429,40.760473608895,-73.834020072198
50002759,40.699121352736,-73.917203705737
41602974,40.718405865411,-74.008935529654
41635871,40.718220937189,-73.95223276107
50002756,40.859718108452,-73.880639493097
50002763,40.625548196392,-74.030287098854
50000102,40.842946867458,-73.885998655927
41623893,40.693985072349,-73.960810731078
41716939,40.680122997106,-73.994855673733
41647847,40.709345859695,-73.954018833436
41647844,40.686753193095,-73.965943927192
50002761,40.864844170822,-73.928384445309
41654129,40.618160502557,-73.984055842143
41579398,40.677168693872,-73.963566909668
50014734,40.856046726806,-73.888624453168
41592358,40.768641964853,-73.911025863973
41608273,40.674866076324,-73.963271098561
50012153,40.689576576621,-73.827541478325
41651093,40.822056882436,-73.816823088628
50012159,40.703273441161,-74.011487311335
41635845,40.76290321285,-73.9967144859
41635844,40.757121070307,-73.966978663728
41715682,40.75616292162,-73.979180067539
41631489,40.751590792867,-73.826067236537
50012156,40.707263375697,-74.004218550352
41677644,40.599535051373,-73.989742643476
41647827,40.63621448978,-73.947933673023
41655454,40.610321942496,-74.063438293807
41678970,40.726477315699,-73.984386001019
41623859,40.743596518887,-73.986082198012
50005858,40.632985823507,-74.00559614605
41697258,40.718811522617,-73.841567170678
50003205,40.618976819736,-73.990242384922
50000173,40.615740138185,-74.012272873012
50004532,40.777200307935,-73.957174787281
50000175,40.700596801954,-73.810179579332
50000176,40.678275634538,-73.831888791907
50005860,40.787692749749,-73.944500601016
41599815,40.717245088316,-74.000481135603
50000171,40.626411112529,-74.132221717465
50000172,40.69953206508,-73.832327353819
41706735,40.649967550239,-74.012509237618
41629173,40.580738881557,-74.080539607954
41635856,40.747997861939,-73.992892341216
41663009,40.751270405803,-73.985223117866
41587826,40.80130245082,-73.96796058893
41623868,40.729089378775,-73.981177394428
41651087,40.695762316405,-73.74769945097
50004516,40.603091044987,-74.131551474495
50004524,40.748127945477,-73.879766104288
50005856,40.685237604444,-73.991389527007
41706722,40.760363683491,-73.926595664436
41623877,40.676459178064,-73.949958099692
50004522,40.829749570497,-73.898026542586
50000169,40.779033530182,-73.953915363963
50005853,40.732996186402,-74.007051757043
41678979,40.643903115454,-73.957948772208
50000162,40.732711667161,-73.954597485484
50004520,40.702404546302,-73.812892567261
50005852,40.771931221188,-73.956166374177
50000163,40.854256974626,-73.938069178354
41702361,40.807726495505,-73.964191794895
50000164,40.731400690173,-73.988643350424
41655438,40.760658511142,-73.967151067975
41575857,40.718457546052,-73.814599568162
41611859,40.774314484972,-73.951158162365
41716994,40.731172160753,-73.95449879736
41691968,40.753499995306,-73.934298720398
41714334,40.729187134391,-73.985565336549
41631465,40.844981281038,-73.890117049409
41591087,40.686792490693,-73.954670247552
41630137,40.685910434722,-73.865055546068
41594110,40.522754530122,-74.23498024106
50000148,40.664386142049,-73.950916966923
50000149,40.687158501116,-73.83604501151
41654100,40.704567494739,-73.799747233029
41713008,40.673937223496,-73.839782445849
50000155,40.870644722726,-73.846448349166
50000157,40.740375849923,-74.005311084684
41701024,40.720178062229,-73.994176026889
50001485,40.73937868892,-73.790844414083
41703681,40.80302524025,-73.96600684844
41689655,40.689547608799,-73.972704945193
50001480,40.641058702548,-74.003868875262
41629144,40.784689924769,-73.84586309118
41702358,40.802177042795,-73.964356950539
50012120,40.670848132881,-73.984639211783
41609563,40.757565176072,-73.966479337114
50014783,40.720873775721,-74.008500335997
41643438,40.757834661895,-73.979260266935
50005828,40.622604012413,-74.028351296917
50001469,40.705652133258,-73.801674823971
50000138,40.747344996043,-73.985796228125
50005826,40.712685936777,-73.960661784866
50000145,40.62202217375,-74.025852707648
50004501,40.751915721709,-73.990901133758
50001472,40.837156999777,-73.887297610842
41703671,40.835279615074,-73.903255276877
50000142,40.680076694282,-73.84073161109
50012119,40.862240499321,-73.898687070753
50001470,40.70357528052,-74.010871365059
50013447,40.721917101393,-73.989197956893
41668720,40.826133758634,-73.943360181758
50013448,40.762721788918,-73.873975504845
41629155,40.675404127931,-73.812422637836
41701016,40.863935837913,-73.919229836296
50008130,40.757870567738,-73.828557094907
50009465,40.756943706699,-73.969689547211
50009467,40.834151814507,-73.851598863556
50010452,40.774389437623,-73.95330437453
50009468,40.642291972662,-73.9574797637
41638994,40.715959109542,-74.008555113692
50002827,40.690216326845,-73.93058344747
41581656,40.715455791913,-73.998172521798
41628709,40.694302916301,-73.985262405815
50001500,40.707185714589,-73.751237829603
41699904,40.673618318668,-73.982507570103
50011778,40.669606729223,-73.989250931952
50014805,40.729634770389,-73.983737858361
50014806,40.827381325471,-73.917377800464
50010448,40.57483116545,-73.979747970983
50011770,40.740259925189,-74.003576795705
41611027,40.685067418232,-73.830136006937
50008120,40.761499872667,-73.917031234855
41715599,40.725998956343,-73.821605048134
50008126,40.771325289108,-73.922536706577
50002814,40.767397349697,-73.912052293473
41658593,40.798646007299,-73.936486110794
41657262,40.641550999797,-74.003352033943
41702281,40.749922797152,-73.995201247942
50009459,40.774268497624,-73.908173193542
41669271,40.851638356152,-73.909065634973
41683562,40.620772176341,-73.988425547801
50005096,40.839371684063,-73.937362459469
50010439,40.677536025484,-73.865838108668
50009441,40.712538076068,-73.96058730795
50011763,40.74719911884,-73.883781849509
41636313,40.724362385824,-73.995123743968
41638974,40.706966165543,-73.750980691815
50008113,40.605920298796,-73.961700176754
50010430,40.749243564098,-73.889685502159
41714254,40.635777109537,-74.135015547483
50008114,40.620972066499,-74.0252333638
50008115,40.619109021937,-74.032918579711
50008118,40.700757721165,-73.925941284488
41695575,40.766082916148,-73.913121642059
41611050,40.644188837282,-73.948786626086
41707964,40.846639973824,-73.859335889568
41674622,40.743705023396,-73.825725040737
41588273,40.785826255669,-73.972570125587
50011756,40.657632962684,-73.767624710432
50010428,40.680935946045,-73.937364019372
41594943,40.636774600064,-74.134164565904
41706635,40.696172764397,-73.933933796596
41645275,40.676580030361,-73.949947241964
50010426,40.71984042657,-73.999339675343
41686603,40.674899447948,-73.981440380195
41658579,40.839693797089,-73.905343094771
41638986,40.756062130531,-73.983138467141
41604751,40.688721161235,-73.92056572589
41675971,40.628035637434,-74.012999440167
50009436,40.746282924863,-73.997682258297
50008105,40.862917865302,-73.894069822009
50009435,40.716593376274,-73.997313532657
50008107,40.865998336568,-73.919624188753
50009437,40.839571541042,-73.921414655538
41715578,40.874842394111,-73.858661193626
41576290,40.656900890181,-73.914012175855
41719934,40.532053263725,-74.191738434359
41590571,40.608242132778,-74.001329080418
50011744,40.781677190954,-73.956196531859
50005073,40.813263633577,-73.945279710899
41682278,40.762056387424,-73.814729465301
41634597,40.598652820374,-74.07231493186
41718679,40.761627500947,-73.960418933077
50010495,40.732222584282,-73.988050099758
41670292,40.727775883632,-73.984036793166
50000208,40.718719967049,-73.957782572217
41710711,40.651478008952,-74.003785460595
50001534,40.844339161767,-73.937283331176
50001536,40.746136717178,-73.868297470049
50002867,40.736992652667,-73.997192487837
50005900,40.659998834206,-73.953391966974
41694266,40.771192894866,-73.959464199669
50001541,40.895856013076,-73.89679029571
50002875,40.647258540552,-74.008173472765
50002871,40.740322208829,-73.982146750815
50014844,40.784791406995,-73.977039443242
50010483,40.751450690486,-73.991555217645
50014840,40.7148605523,-73.992819762658
50008165,40.721730411546,-73.90433276081
50009498,40.693073021027,-73.969489140529
41719995,40.787097521729,-73.975358179958
41716001,40.849745463657,-73.916593557729
50008169,40.707729162626,-73.862471369623
50009499,40.733685686212,-73.989785029618
41614971,40.649537279512,-73.91618680115
41695581,40.603840339582,-73.997104240603
41638961,40.749134027255,-73.972794545773
41633272,40.591140926513,-74.165094504759
41699935,40.628374039549,-74.029132766995
50000200,40.596542548788,-73.976650902018
50000201,40.715260793245,-73.997624646978
41699939,40.713874203472,-73.961780890202
50014837,40.714898954808,-73.913374907338
50013507,40.821714939262,-73.939106225932
50014838,40.755190733544,-73.977185390923
50014834,40.714809146529,-73.998248398459
50008160,40.688550433574,-73.980580601856
41709714,40.756530202539,-74.003600903915
50014836,40.7413603126,-73.998738677984
41719987,40.693451931323,-73.929124224793
50010472,40.698507824436,-73.959546869825
41685325,40.676034667921,-73.949845168983
50009485,40.643496995315,-73.91989038819
50009484,40.740028129851,-73.918298868526
50014832,40.734431675837,-73.867963333968
41662687,40.756346629051,-73.9300303026
50010475,40.624672282046,-73.965078966819
50008157,40.887168250709,-73.90476430342
41613672,40.709110679159,-74.009401796236
50001517,40.778143066088,-73.954335994992
41581674,40.740956523176,-73.879939949414
50001516,40.780109695041,-73.950202867482
50002849,40.740458002618,-73.815125828576
50002844,40.76623669516,-73.915166488757
41674675,40.76781419099,-73.923500035558
41699976,40.726139486323,-73.99323262727
50002843,40.805582648288,-73.94717135252
50002845,40.783715159086,-73.952416937811
41645238,40.77679013088,-73.955378349454
41705343,40.666197702566,-73.85160232661
41625622,40.713604413968,-73.994926834667
50011799,40.630283540543,-74.004124404979
41601691,40.693505153951,-73.965743259675
41592325,40.693845275309,-73.962737387937
50009480,40.729726452998,-73.988337900034
41658535,40.836503356397,-73.885006655352
50009473,40.753128374768,-73.996580588504
50014821,40.863275254329,-73.829137368667
50011796,40.576073263268,-73.990308288979
41720949,40.660863576113,-73.961337627149
50008146,40.755458785636,-73.918404468336
50001505,40.843206547194,-73.84547710795
50008149,40.88264322286,-73.85664119232
50001508,40.629303997066,-74.022633351702
41582999,40.853358267868,-73.930691578542
50001507,40.854318065813,-73.888727691304
50001501,40.760886226544,-73.833091728035
50001504,40.763889690933,-73.912697986177
50001503,40.614483619672,-73.994971539149
41624304,40.739087707179,-73.995667017005
41707995,40.865372258364,-73.919639197664
41579353,40.663555328339,-73.777023305297
41706660,40.761560671486,-73.984044585058
41686650,40.749051848262,-74.003265559305
50010455,40.759612309133,-73.832225805137
41704007,40.738183981324,-73.886248693626
41720952,40.703235135016,-73.921665011239
41642196,40.759853564701,-73.991824888735
41603499,40.854229268113,-73.867636068051
41614142,40.855819299999,-73.933163299316
41672821,40.633714546998,-74.011313386559
41652417,40.641973403895,-73.979210277824
50005028,40.707220379089,-74.007352139693
41708433,40.686098019426,-73.839775675796
50005024,40.660758946582,-73.920784391751
50005021,40.867033347871,-73.896166612779
41721414,40.58394412759,-74.168766534898
50007670,40.712562260025,-73.949046568789
41678140,40.879899175148,-73.904187192623
41638129,40.70728681815,-74.010815333263
50007677,40.757433755168,-73.915578750338
50007679,40.746857975508,-73.977384503184
41666164,40.758168201153,-73.874301023911
50006349,40.744018946928,-73.981373288909
41653737,40.794485605095,-73.943796495975
41590518,40.74606542869,-73.914175865117
41641761,40.746491309288,-73.89430474419
50006347,40.76062828086,-73.976176214118
41641764,40.631400722214,-74.027895406633
50006344,40.763802306201,-73.914660238156
41619857,40.743679118632,-73.982838445981
50005011,40.796737500812,-73.970365050559
41627475,40.694467591169,-73.993341210047
41721425,40.743225309853,-73.989194706242
50008990,40.832050557975,-73.82733042569
41635064,40.71699586517,-73.963047378521
50015284,40.764290900156,-73.996844342145
41641744,40.671283611642,-73.843138318023
50015280,40.842804606218,-73.923789718122
50007669,40.767509399352,-73.790588023127
41591834,40.73234643086,-73.987785889693
41704059,40.732198765249,-73.984426174703
41590509,40.751576870737,-73.970234470842
41704055,40.831683500594,-73.866822727542
41623086,40.715445904635,-73.996632786048
41709740,40.756530202539,-74.003600903915
50005001,40.69236473512,-73.988813993515
50005000,40.69236473512,-73.988813993515
41709744,40.749847827202,-73.975204408055
41591831,40.833148265405,-73.941738245726
41717352,40.702219106689,-73.919879040947
41699085,40.792242272015,-73.946115741805
50008984,40.666026678826,-73.931464949969
50007655,40.663666120815,-73.951024913903
50007657,40.788346418625,-73.813545974763
41691112,40.721740879744,-73.992066715566
50006319,40.755608375567,-73.978175382627
41710719,40.754428452662,-73.990810286533
41672855,40.720873437142,-73.955312845154
50006320,40.744252513465,-73.983489121333
41627452,40.78811181015,-73.953604402339
41719129,40.75912859497,-73.986209046988
50009420,40.600961892112,-74.000731394036
41615431,40.757297184589,-73.985727347618
50011739,40.760151462856,-73.827551423479
50006399,40.678395612104,-73.963801060751
50006395,40.7601691627,-73.826469261867
50010400,40.740359383942,-73.981947109789
41623060,40.687200470502,-73.99364902798
50005062,40.712920942535,-73.782452503579
50005061,40.729444104173,-73.986174022317
41710780,40.680149200505,-73.793573134032
41719115,40.760064489895,-73.828387444707
41604774,40.751499798301,-73.980323889348
50009413,40.65657003026,-73.950268074661
41607804,40.815275396288,-73.90013225779
50009419,40.769144233647,-73.924754860499
41710779,40.718049936367,-73.990189726912
50011728,40.715958333758,-73.989625024758
50005057,40.720214290568,-73.988602557421
41628765,40.756410092423,-73.987992006215
50005053,40.68955322594,-73.969856934983
41641709,40.596468078937,-73.994208437236
41687904,40.677392966253,-73.986171338092
41707121,40.625733819572,-73.928168683891
41657293,40.8480751882,-73.888578703604
50009405,40.759698619532,-73.829377544625
41710775,40.738419830368,-73.98201570213
50009409,40.858721083833,-73.905128048113
41710768,40.692229592016,-73.984410799104
41623049,40.74743551009,-73.986319319466
41695529,40.750574218013,-73.861982652998
41577587,40.642221139596,-74.076646457476
41722721,40.727667030338,-74.002368245753
41647012,40.743997758748,-73.989337412051
41602131,40.761847512177,-73.824888155696
41710766,40.633386050552,-74.026925214226
41670240,40.711803146266,-73.941654318668
50006369,40.692273593667,-73.939966386231
41623058,40.71383137043,-74.013980447334
41704089,40.743447796408,-74.007340831797
41657280,40.836715723344,-73.88886609084
50011701,40.637597425951,-74.007066253883
41722730,40.698085687592,-73.921244410732
50011705,40.838571141828,-73.918796625018
50006360,40.789132843012,-73.948634798287
41722734,40.612976397552,-73.912330593979
50016678,40.747130001248,-73.985598935866
50036288,40.713458806211,-73.829113449507
50040303,40.747517435591,-73.993068165375
50061244,40.742375713103,-73.955781278973
50016677,40.743599643858,-73.973731965765
50042964,40.673450577936,-73.963002087545
50040304,40.676427217079,-73.891638180752
50042965,40.699465263898,-73.832485311088
50016676,40.71942788749,-73.986409533761
50016675,40.758596930638,-73.833140609157
50016670,40.758596930638,-73.833140609157
50036280,40.706937025791,-74.003611388951
50054940,40.702609258419,-73.901688448433
50050587,40.803569994219,-73.955901776202
50104068,40.729704456574,-73.860425462948
50053618,40.729328778705,-73.780957966158
50041625,40.633362760177,-74.026934770945
50016663,40.775518055503,-73.9564807852
50039327,40.661295981059,-73.961068991579
50062588,40.662263295569,-73.892282437364
50048266,40.883107149099,-73.862983374623
50049597,40.565515110539,-74.183138680715
50050575,40.716970189108,-74.010745259677
50053601,40.754431336357,-73.930218380147
50050574,40.739643247824,-73.78986747463
50050579,40.693044938207,-73.936334480302
50122709,40.805328290518,-73.951072470286
50054931,40.757837276722,-73.975693698059
50016659,40.75978172774,-73.936718732271
50049592,40.74893476189,-73.891483201376
50062594,40.820382500152,-73.89101312567
50048264,40.752312900615,-73.826829029884
50054939,40.713659715605,-73.779386468319
50062592,40.764030542949,-73.984922313849
50042988,40.757770732814,-73.860912003619
50039335,40.58394412759,-74.168766534898
50040327,40.685304238769,-73.991344406352
50038003,40.738431520619,-73.982043430527
50040326,40.523347133002,-74.234762034729
50038008,40.668162855508,-73.953368912353
50038009,40.743407363748,-73.874391590644
50017982,40.830156992515,-73.918657475288
50042983,40.745160655227,-73.992112067308
50017981,40.716071156076,-73.999309610231
50016650,40.633795308008,-74.006865630766
50054962,40.779610517934,-73.947294935016
50053632,40.714584559503,-74.009027870912
50041661,40.713569323404,-73.756004732846
50062564,40.681435176882,-73.838438098096
50040313,40.682816217768,-73.850888193134
50040316,40.616363988819,-73.985721473169
50017976,40.644259063187,-73.957858869813
50040315,40.76264095918,-73.832903617956
50017974,40.701021808955,-73.922368735845
50042971,40.890875723773,-73.849233095962
50016642,40.690915691806,-73.955850000992
50017972,40.693258033812,-73.733932311032
50038018,40.69022519218,-73.814667788036
50039348,40.588639811078,-74.190016581759
50062567,40.740662379111,-73.98764054163
50054960,40.576910673088,-73.981851228057
50041649,40.661383685466,-73.931487185643
50038012,40.634045369077,-74.124230552841
50038010,40.632748171519,-74.075631099564
50048288,40.783735593511,-73.977983039138
50054951,40.703260292709,-73.926303111853
50050599,40.811027697681,-73.958067162457
50053627,40.673702229646,-73.982616263452
50018417,40.766483805776,-73.912973218122
50042923,40.74648751719,-73.894343072811
50121433,40.802886667254,-73.956400995353
50018413,40.840904511515,-73.842593326847
50057180,40.751287804197,-73.974156502376
50036249,40.706937025791,-74.003611388951
50062536,40.739911602009,-73.985867731333
50062537,40.883493633872,-73.901793675491
50062538,40.84042002231,-73.910660259474
50036241,40.78946630534,-73.943194451631
50037572,40.623837668149,-74.082182310998
50110784,40.810042635859,-73.855402461558
50051875,40.759698619532,-73.829377544625
50054901,40.64558865566,-73.958129069695
50050545,40.728924869943,-73.988283235416
50049569,40.727369647717,-73.786589386044
50054908,40.751628897092,-73.82609666789
50051878,40.877511771347,-73.846709169553
50051879,40.746489413239,-73.8943239085
50048230,40.627900296498,-74.023208296805
50036256,40.612732856281,-73.944020557163
50018404,40.609065597238,-73.993712611563
50036253,40.83558469673,-73.855117300723
50036254,40.761036911621,-73.99898095808
50042910,40.743466848055,-73.986176681253
50036259,40.749618357145,-73.985464650538
50057170,40.670939018357,-73.936409170181
50062544,40.827240308225,-73.886780937507
50061214,40.711688440754,-73.993855114712
50057179,40.809026422789,-73.936830456828
50061217,40.629097373132,-74.07987107429
50057175,40.756245579653,-73.994310280597
50048221,40.767002021654,-73.983400871372
50051864,40.765072328943,-73.820471500165
50049557,40.858565215419,-73.903460404601
50050535,40.721655449513,-73.997781851915
50042944,40.602289028379,-73.754398642534
50036265,40.740516311746,-73.982005747803
50016696,40.768780442538,-73.773745606936
50016695,40.758359136701,-73.83410635558
50062514,40.782441425016,-73.845973453085
50041610,40.772624016969,-73.949623108665
50016697,40.853907216166,-73.883832332334
50036269,40.742219097341,-73.982857992884
50041616,40.604340550858,-73.997929769291
50036263,40.736995949366,-74.005911977752
50129381,40.540145077275,-74.147917195953
50042947,40.628122132887,-73.981091052921
50050564,40.680770948434,-73.996747146203
50051896,40.686650929122,-73.990435050348
50051897,40.754372660322,-73.833093768255
50054921,40.746171391232,-73.914089447024
50049588,40.743447796408,-74.007340831797
50051899,40.789104666582,-73.812926071038
50051893,40.725129448215,-73.95164470003
50051894,40.716502007996,-73.993101217646
50049580,40.737133064109,-73.865963963386
50039303,40.786808253112,-73.816298936237
50062520,40.841301133997,-73.935953697718
50057196,40.723819823676,-73.899474486742
50036275,40.639543877652,-73.954783057885
50039301,40.906679446804,-73.904226226834
50057193,40.712320971944,-73.994851100574
50041602,40.749328387336,-73.888846330627
50039307,40.7569842422,-73.974038894808
50062524,40.739049990981,-74.000708019179
50039306,40.7569842422,-73.974038894808
50062525,40.680124314215,-73.997060415272
50057190,40.638345591042,-73.975329163337
50041608,40.766143026708,-73.913250456644
50050560,40.598078391391,-73.820038144553
50051885,40.670817264401,-73.984575365509
50051886,40.780126069739,-73.980440218135
50048246,40.865852029837,-73.919674818739
50049577,40.751822215007,-73.974706709601
50051887,40.763373927375,-73.815179027349
50049579,40.753740534926,-73.974288679864
50051884,40.758872060479,-73.968450719966
50057140,40.831256352203,-73.850958850764
50033176,40.721029274245,-73.99473488504
50037535,40.824081076982,-73.950674713788
50036202,40.701340717055,-73.888780461231
50038865,40.702143287189,-73.924335295202
50060797,40.651494496845,-74.003576776633
50057148,40.745169649489,-73.975680610685
50058478,40.612600111188,-74.130074775341
50058473,40.749836172266,-73.862472490422
50046494,40.648835005222,-73.904798626658
50046498,40.883493633872,-73.901793675491
50050501,40.787814676053,-73.953821175642
50037529,40.719191464415,-73.991513932581
50017917,40.742444432981,-73.918920783466
50050504,40.590743401094,-73.968952107061
50037527,40.618724773026,-73.929591409678
50050503,40.739120113732,-74.005512745036
50017915,40.676284908331,-73.952360540568
50051837,40.639543877652,-73.954783057885
50017911,40.855357170424,-73.929228703307
50059792,40.666047524976,-73.982195378714
50017912,40.714033221602,-73.996873968084
50033185,40.767621356158,-73.920669383076
50033188,40.609040280651,-73.962120619114
50038877,40.712073619361,-73.789324274318
50045149,40.521454326814,-74.217037975042
50057138,40.844575758779,-73.905611696179
50058468,40.766356337218,-73.962603561468
50033181,40.717107151119,-73.992582064539
50058464,40.669086232171,-73.906306609338
50058463,40.721469797128,-74.004695544515
50062508,40.779224273039,-73.955696611578
50033183,40.824223230347,-73.951974260895
50058462,40.61778182813,-74.033301216207
50045151,40.664904743083,-73.734928093943
50126261,40.806692131299,-73.953623813354
50046488,40.67661167419,-73.963464572267
50057129,40.573209470141,-74.107096758073
50017908,40.73725692576,-73.708952039923
50051827,40.656580982376,-73.930515312852
50051824,40.714804827047,-73.958503726829
50017902,40.717317342214,-73.740063255375
50051825,40.720327362225,-73.760978565668
50045152,40.7665324885,-73.912933612619
50017900,40.651123937341,-73.941697467506
50037553,40.759237227562,-73.833555734027
50042900,40.701842445436,-73.919217189243
50038884,40.652414344893,-73.949820644062
50057160,40.820101280707,-73.817776041515
50037552,40.848262203509,-73.930866383127
50036224,40.760706104977,-73.922834124775
50037556,40.748232610075,-73.973449901489
50049538,40.758049499394,-73.991884429894
50117314,40.817869722497,-73.941740195999
50033192,40.63431713484,-73.947732073065
50045184,40.618832776531,-73.929704130501
50045182,40.688543695155,-73.957224091562
50050524,40.656692606049,-73.913777217797
50050523,40.657617965441,-73.767470203812
50049548,40.781150245915,-73.949268029921
50050522,40.834505398502,-73.940743327946
50048216,40.755438111228,-73.983594574797
50080375,40.756689307597,-73.982857297098
50107999,40.688096417276,-73.595575092487
50037548,40.826163868032,-73.878000110714
50045189,40.714791630447,-73.998162894791
50045188,40.58394412759,-74.168766534898
50045187,40.832810017945,-73.905968295042
50051858,40.580738881557,-74.080539607954
50037562,40.730074718789,-74.006957431261
50037563,40.770434678797,-73.957260297225
50057157,40.72282151163,-74.00453679203
50058488,40.743352703675,-73.883638547854
50118632,40.724365422682,-73.949182641533
50057155,40.678608878153,-73.982149187103
50057153,40.726823509669,-73.912212988886
50057154,40.642136338666,-74.002552030326
50045172,40.792086969884,-73.945747781402
50051842,40.715130695228,-73.998703465319
50048201,40.822160862469,-73.908081147952
50051844,40.740409720742,-74.00393379642
50048204,40.76139863458,-73.968318828583
50049536,40.790352797226,-73.974836982499
50036229,40.749165389988,-73.991872348398
50016634,40.764916786752,-73.77176058152
50035792,40.670079906576,-73.925507148929
50033132,40.715825367642,-73.959070971629
50017962,40.719907206982,-73.987584973619
50035795,40.747393838507,-73.981241972897
50045118,40.694718578302,-73.994252770934
50034467,40.560633748485,-74.134946817648
50045117,40.772362184094,-73.95258306575
50058436,40.714480459165,-73.990710089922
50059767,40.710390242683,-73.850776625053
50132967,40.821423896907,-73.93931852745
50058434,40.861963448588,-73.843256412385
50059765,40.762422616567,-73.770480089571
50058433,40.702867527643,-73.870156950735
50059764,40.848601403967,-73.883766726569
50054074,40.743525814775,-73.855796732729
50057101,40.694691914941,-73.848472069732
50059762,40.719836742879,-73.98476460726
50054076,40.864156439029,-73.891472569451
50058430,40.659110994403,-73.960461847741
50046453,40.666328534569,-73.779466505894
50058429,40.732606486369,-73.997338481988
50046457,40.692272855674,-73.766427887268
50038816,40.760820303905,-73.824872566042
50038815,40.695180405901,-73.841729479574
50045122,40.624180124667,-74.030688645069
50016629,40.705799896155,-74.003975460432
50033140,40.58394412759,-74.168766534898
50017956,40.760892393901,-73.98490139656
50017953,40.618734904718,-74.084900302975
50054061,40.712379508564,-73.952605232304
50016624,40.582117471669,-74.097229149483
50017954,40.704831547985,-73.901903669175
50060760,40.715066819471,-73.990080230249
50033144,40.759220198664,-73.962343755679
50045107,40.642656780541,-73.902336542035
50060762,40.672926095231,-73.871245069539
50033146,40.681630157191,-73.955845552878
50034478,40.842589032065,-73.852801243286
50033147,40.757451505486,-73.829184298594
50059756,40.743906017978,-73.855169744928
50058424,40.637759705086,-74.079604171963
50058423,40.640431772098,-74.004520710861
50055394,40.765158523506,-73.818669847341
50058421,40.660235721599,-73.931211530047
50055393,40.726991179028,-73.982939677721
50047771,40.713672785666,-73.99826764423
50047773,40.663785839426,-73.931662913948
50058417,40.769918889533,-73.957636420855
50129334,40.909806035439,-73.844200590101
50034469,40.747584499239,-73.988220371083
50045115,40.769227442825,-73.913662501915
50033138,40.719064947677,-73.984810652143
50038825,40.758872060479,-73.968450719966
50045113,40.71534105313,-74.009464307416
50016616,40.758359136701,-73.83410635558
50017948,40.749617850065,-73.977464685006
50037514,40.697695497642,-73.907664002607
50033157,40.559106323831,-74.132249270677
50045139,40.756039300271,-73.804652929363
50118684,40.721027350961,-73.996331502168
50058457,40.760851576409,-73.830402598473
50058452,40.760185071918,-73.877539550986
50054097,40.738017260799,-73.903445688899
50058451,40.522761261016,-74.23482817463
50060739,40.753320795484,-73.989017342011
50046474,40.718548329289,-73.989932907873
50049500,40.857338736151,-73.932386993979
50049501,40.715489079929,-73.993637924425
50046478,40.677615916448,-73.955382005615
50059779,40.82874672103,-73.824508930715
50033148,40.832338491914,-73.858542886974
50051816,40.695650052552,-73.916964889255
50016608,40.828449969032,-73.850306226868
50033149,40.725950318761,-73.876999183775
50038837,40.659086954114,-73.916233457588
50038836,40.751822215007,-73.974706709601
50045146,40.763783868301,-73.914620969063
50051818,40.76752723258,-73.780050118484
50051819,40.753828773509,-73.822636475745
50017937,40.757821635887,-73.788276328052
50045144,40.679006024365,-73.833389538849
50051812,40.758596930638,-73.833140609157
50016604,40.878303361245,-73.902987473843
50017935,40.85467693037,-73.86676352047
50046470,40.72874362035,-74.005212525212
50045141,40.72594711503,-73.986599225105
50017934,40.71313334488,-74.008837755434
50034498,40.767413305028,-73.959463686227
50038856,40.72572132724,-73.865257254227
50038855,40.73092276858,-73.993352833917
50045129,40.828277744127,-73.916884704393
50033168,40.72605351779,-74.009158687038
50057115,40.775462735208,-73.956348266088
50059777,40.639626016171,-74.008941086275
50034490,40.762355750279,-73.976395641567
50046461,40.587622148849,-74.103418238624
50058439,40.730048061575,-74.000358122618
50047799,40.743023265941,-74.0000540991
50037518,40.672702585773,-73.770437566167
50038848,40.739341506669,-74.006778751305
50045136,40.645224731694,-74.013966889745
50037515,40.545599648591,-74.159921720732
50045133,40.897721775518,-73.855021295395
50017925,40.649402682854,-74.013078559033
50038900,40.814917207478,-73.903447477913
50060830,40.754712426637,-73.981561935345
50054154,40.70958538498,-74.012813076633
50058512,40.717203092081,-73.995391564262
50058510,40.724895448874,-73.951347708684
50054153,40.678395250965,-73.869612118418
50046530,40.671551653299,-73.933327271565
50058507,40.736743396904,-73.747210444781
50047862,40.769624767908,-73.988271533323
50047863,40.86500145702,-73.919569671743
50046534,40.741546230832,-73.981082636487
50035866,40.717354259075,-73.997344389441
50033204,40.743864909869,-73.983771752443
50042174,40.850909707177,-73.894319751614
50042171,40.746865534689,-73.942874030881
50034550,40.629770321902,-74.076763211586
50034552,40.757787647278,-73.863596767053
50034555,40.733606294446,-74.006240105187
50035886,40.669086232171,-73.906306609338
50060844,40.731300729965,-73.988715792144
50047846,40.679016808922,-73.910908296751
50060846,40.575503375582,-74.120773883827
50047847,40.624822500801,-74.1363456264
50017195,40.65847943537,-73.982154929249
50060848,40.746840412645,-73.863811840562
50017196,40.712681647265,-73.906057981048
50046519,40.632179055058,-74.146662312417
50055472,40.714214665235,-73.802377291294
50047851,40.755745881535,-73.994674624716
50059825,40.818768089346,-73.894682368564
50054138,40.640970639912,-74.004860018682
50033214,40.730435228666,-73.98917481416
50038904,40.898466992904,-73.849353236475
50033215,40.74574848114,-73.978018266916
50034545,40.763665486649,-73.808022291717
50038903,40.718365831526,-73.992787530008
50033216,40.627430519572,-73.996335704174
50033219,40.739341506669,-74.006778751305
50034549,40.813646429354,-73.956157112308
50038907,40.85039064312,-73.936274750955
50042160,40.599904793859,-73.990360896742
50043492,40.683767755879,-73.932293421584
50033230,40.758575333445,-73.983280146681
50035892,40.75527763968,-73.986485245101
50045219,40.633633819726,-74.124023572492
50038922,40.752193842284,-73.975587615489
50045218,40.701712344654,-73.807244873432
50033233,40.730577599096,-74.000279756515
50038920,40.783914675471,-73.952443847906
50035896,40.618089280365,-73.999373184818
50058535,40.624761565631,-74.13646312403
50060811,40.736690735436,-73.997238322492
50058534,40.739839262235,-73.815199710952
50017186,40.66259571696,-73.99202681134
50054179,40.715358176516,-73.999488795629
50054173,40.713731590193,-73.829790374575
50058531,40.77221642237,-73.955958274006
50058530,40.740627168107,-73.981358179268
50017183,40.833163620026,-73.82761721664
50046554,40.759958935038,-73.828813486447
50058527,40.801969260801,-73.93420920209
50046556,40.741899551991,-74.004767857914
50045225,40.762323576853,-73.925986741002
50034556,40.624825658231,-74.02446220696
50033227,40.771178139248,-73.801494992089
50033229,40.71402100014,-73.914724061967
50063098,40.684068070265,-73.870938441982
50042179,40.642160896677,-73.932210670728
50033246,40.820585741362,-73.943651009859
50046536,40.743516207614,-73.979646256764
50149750,40.827378881113,-73.938685447275
50046538,40.803413050284,-73.96362659148
50055498,40.692524538213,-73.858048109796
50017173,40.765630600617,-73.810945813929
50017170,40.846685140247,-73.786203769158
50058516,40.760576850406,-73.96636645822
50047876,40.688277385282,-73.979183718298
50059845,40.746279745225,-73.899982069395
50035899,40.794393021259,-73.941629428716
50042188,40.721178805301,-73.996779327978
50034567,40.824313120941,-73.952081849504
50038925,40.734654669774,-73.992255656122
50033239,40.706487447775,-73.798009210417
50038927,40.58394412759,-74.168766534898
50072807,40.821550919031,-73.939226092991
50063068,40.720214290568,-73.988602557421
50044789,40.749673189503,-73.991673511998
50051080,40.58394412759,-74.168766534898
50035831,40.718737356668,-74.010336499094
50043455,40.784703518397,-73.946835193542
50035830,40.529370371106,-74.161514027049
50051084,40.678022184405,-73.910728535123
50054113,40.625572707014,-74.030119114877
50055443,40.711421389793,-74.006779091392
50051087,40.702867527643,-73.870156950735
50056767,40.628152495654,-74.023689928009
50055434,40.662988023532,-73.984748525101
50056766,40.693616216979,-73.964628548929
50042133,40.756581020713,-73.98615599204
50063073,40.747483000037,-73.98612163872
50035825,40.733182766878,-74.003130131737
50047809,40.775259084432,-73.911864582954
50043448,40.749683706129,-73.991665811753
50042118,40.762787718265,-73.989540308367
50043446,40.749683706129,-73.991665811753
50047802,40.884586695858,-73.862330471352
50047805,40.762445471264,-73.804485897367
50060808,40.715002867305,-73.75018739416
50060807,40.867369397755,-73.867367424362
50035833,40.809454533629,-73.953678809388
50034501,40.601295106849,-73.992877541585
50043454,40.693517027479,-73.85216988231
50043451,40.7338416449,-73.869952977314
50035834,40.620773483609,-73.988614250877
50063089,40.747483000037,-73.98612163872
50063087,40.833614449202,-73.927143902639
50034520,40.690386502125,-73.996331446588
50035851,40.769026010402,-73.95828597748
50034521,40.744835263974,-73.91044068209
50035852,40.695158763743,-73.842060905323
50077692,40.809060204141,-73.95189287584
50056797,40.852232455929,-73.898065266967
50055466,40.748184879534,-73.878149318049
50047836,40.720957419103,-73.996125976653
50056795,40.764217502053,-73.983067061063
50055462,40.537620173297,-74.150002402689
50046509,40.742761128543,-74.000245496529
50055457,40.678395612104,-73.963801060751
50046510,40.876605870689,-73.847883275227
50047842,40.628541420108,-74.088588444185
50055459,40.635738889538,-73.975797206954
50056787,40.752193842284,-73.975587615489
50054127,40.761792870189,-73.965366084499
50059812,40.837557224186,-73.847692588329
50063052,40.846131696005,-73.932427967363
50034516,40.658565469588,-73.978186408705
50106622,40.810820299642,-73.950782775558
50063059,40.81595050552,-73.958011619393
50044798,40.70374440039,-73.927154697108
50033202,40.717500369877,-73.738746034887
50044797,40.758632472543,-73.830992689448
50047822,40.714432790473,-73.959133595863
50054122,40.732777773712,-73.804929811601
50055453,40.845788402283,-73.921906664653
50054121,40.759958935038,-73.828813486447
50054124,40.721254492962,-73.980831789199
50059805,40.695349494276,-73.841072107539
50055446,40.822062507511,-73.816843411042
50046500,40.797445521337,-73.944682948464
50056776,40.833140672472,-73.82766392118
50059802,40.692685441111,-73.940447103251
50046501,40.873387487788,-73.879635678744
50063062,40.729103814375,-74.003437582252
50042142,40.624187084411,-74.08108195444
50042140,40.628976658463,-74.074631753242
50063065,40.735723338192,-73.99525132824
50043417,40.583738379509,-73.948117819795
50119035,40.571469629998,-74.111753962302
50018459,40.636665442573,-74.011620300509
50018457,40.641142989093,-73.985517663038
50017127,40.700398430317,-73.905490419003
50044744,40.747845110022,-73.947520930813
50032762,40.65061592886,-74.00448771808
50038062,40.70377880978,-73.930974830383
50017120,40.694799903969,-73.751190978673
50018451,40.765630123001,-73.837318192879
50038060,40.753494721896,-73.974468229677
50039392,40.732777773712,-73.804929811601
50018452,40.830674535936,-73.861774755185
50038067,40.736499953423,-73.896048300102
50051036,40.820264904283,-73.913306221838
50051034,40.585440172148,-73.982043000184
50039390,40.708881597295,-73.912583517939
50052365,40.635580282739,-74.026178795532
50032752,40.854968417139,-73.886530306946
50044752,40.740812469431,-73.983709252328
50044751,40.774863909442,-73.908796102761
50044750,40.703362552614,-73.908745326242
50044737,40.810902510657,-73.946830132724
50063035,40.620946933946,-73.991914455375
50040376,40.724662511399,-73.8205800548
50043402,40.684247974749,-73.782916271838
50018447,40.648258465998,-73.949222017496
50032771,40.778924022383,-73.982526827597
50044733,40.65106575836,-74.011351923655
50017113,40.711803146266,-73.941654318668
50018444,40.862241546019,-73.866471025536
50044732,40.708503125779,-73.957940560934
50018445,40.741548606411,-73.98742560076
50038072,40.696249993419,-73.80449334722
50052364,40.728820373324,-73.978389810107
50053695,40.768767026512,-73.931518639436
50043409,40.618507252176,-74.033164965288
50056716,40.80198636566,-73.957057799768
50107047,40.823142813272,-73.941779451744
50056713,40.837861352631,-73.919827076516
50044741,40.598222221157,-74.082944140248
50063040,40.67562896305,-73.897649380009
50125730,40.879824285314,-73.906470053781
50056718,40.725998956343,-73.821605048134
50056719,40.862454546206,-73.843470569889
50018439,40.615606509801,-73.993835209497
50063004,40.714980713412,-73.993675018827
50042109,40.717443740504,-73.958046442217
50044768,40.674943021236,-73.807313297647
50044767,40.751804879427,-73.703065101926
50018436,40.622768742437,-73.969853997
50044766,40.74244204139,-73.999177025652
50018433,40.723540727195,-74.003262925701
50052394,40.86262441788,-73.897299044652
50056752,40.632717585751,-74.027199235753
50038085,40.703552777822,-73.930874285771
50052395,40.607127028062,-73.96274630364
50038083,40.725474509312,-73.987550417726
50035808,40.726301690865,-73.983440736756
50055418,40.858489488647,-73.885514818759
50052387,40.718970437629,-73.841917730886
50056746,40.70041425219,-73.988627160912
50052389,40.646612100569,-73.957314690771
50085281,40.755804018449,-73.986397977554
50043441,40.70826298467,-74.014288262903
50032779,40.734307221369,-74.001261084932
50035805,40.782909802076,-73.951083520945
50018429,40.846131696005,-73.932427967363
50063014,40.629092331625,-74.005361989428
50043424,40.839004531254,-73.918489129454
50063019,40.81334105978,-73.916912528937
50018425,40.738259028957,-74.004126903946
50018422,40.728673130549,-73.987700284328
50018421,40.703836135561,-73.941124787195
50055410,40.729480580142,-73.983850116048
50052381,40.760117267323,-73.828174423837
50056738,40.780290373584,-73.949899071931
50055402,40.87415995637,-73.879390607215
50043431,40.788165082191,-73.953392472918
50032788,40.721065638448,-73.988644854138
50039357,40.725722877801,-74.001834556872
50039356,40.639458963334,-74.008922717931
50038025,40.763041269949,-73.875163201899
50061287,40.777668085667,-73.951807552915
50041673,40.714904095228,-73.991703587124
50018499,40.729163876804,-73.981354508177
50038028,40.724515792671,-73.984570270446
50038029,40.713974027291,-73.998788995879
50039359,40.661417269278,-73.993252862736
50017167,40.715835127087,-73.833058600507
50018495,40.758556108594,-73.988739442445
50053661,40.743129563552,-73.936658894146
50053662,40.628886193556,-74.074398167625
50017162,40.760646898514,-73.828371267817
50052325,40.692132857136,-73.986144095099
50053656,40.685993296175,-73.973808950461
50018490,40.719244581484,-74.001923817024
50032718,40.719283918996,-74.009168705492
50052327,40.754081125052,-73.989979606889
50053658,40.784366642444,-73.952114083138
50053654,40.651636830918,-73.931294736256
50054986,40.766191709432,-73.913210851141
50040351,40.7473968456,-73.883009356079
50061296,40.680123531934,-74.005876460604
50032714,40.582216827392,-73.956172424433
50061299,40.618709969961,-73.983486193163
50040335,40.65834458789,-73.982102582015
50038036,40.656674388631,-74.006930816951
50017158,40.744706540701,-73.884503752698
50018489,40.781544222089,-73.84134160703
50041664,40.806944576837,-73.946003693958
50018486,40.671606409826,-73.957709866369
50017156,40.867914267275,-73.899926142248
50039365,40.818878752844,-73.918569202164
50018483,40.750101107262,-73.880395989182
50017150,40.727500533329,-73.982567819601
50078965,40.573467987895,-73.977005985243
50053648,40.626227975102,-74.13355260641
50032720,40.770272804563,-73.875928365874
50032722,40.828517413969,-73.880718029607
50032723,40.715444424335,-73.989889716937
50128801,43.033291027692,-78.822740054858
50032724,40.746140048912,-73.883511280514
50032725,40.711210981962,-73.947828136664
50032726,40.575483303255,-74.083631368464
50038049,40.741645711754,-74.001231827815
50039377,40.677857252245,-73.985844383216
50017148,40.857006417771,-73.885144915524
50017146,40.739341506669,-74.006778751305
50032740,40.795567321266,-73.935812486283
50040366,40.718301151624,-73.958353311037
50018475,40.847900932095,-73.857308467873
50052350,40.584226981105,-73.820469077972
50018471,40.815484332583,-73.954644138786
50078940,40.802198242612,-73.956903092385
50039374,40.675333896352,-73.812918956943
50032738,40.621312852756,-74.026277382861
50053678,40.68608547914,-73.839819847808
50051013,40.7773548179,-73.952209059848
50053674,40.727649237456,-73.987165186098
50056702,40.739350487966,-73.91930042102
50032730,40.718804636381,-73.9959596602
50040373,40.618300457014,-73.932038732461
50032736,40.690470122819,-73.959732049222
50056707,40.753732419272,-73.832613419572
50032737,40.695968474539,-73.742575811128
50040358,40.642781331916,-73.951697285099
50044716,40.560319657087,-74.166388287158
50061278,40.612442094609,-73.978999262076
50017137,40.788206194658,-73.954542589486
50018468,40.752962993035,-73.985710741953
50017138,40.743082933075,-73.897115026924
50017135,40.757122203719,-73.993664011973
50041686,40.596625201996,-73.975909253897
50038051,40.765076006285,-73.771682924651
50017134,40.66229021176,-73.926862155311
50018462,40.64041580959,-73.969187923788
50053672,40.620545887537,-74.076349781752
50044719,40.722667008556,-74.004205139713
50053668,40.618601161327,-74.069366322496
50054998,40.69934254768,-73.923457900032
50051001,40.67440395807,-73.878424069438
50053663,40.620773483609,-73.988614250877
50052333,40.853662563169,-73.930641907892
50052334,40.624406110474,-74.137148526875
50032743,40.735895643386,-73.980318017274
50051009,40.859270085389,-73.899162185762
50032746,40.660289045438,-73.939833694708
50016799,40.764936110653,-73.771770987582
50039435,40.695287469884,-73.841834441891
50059043,40.724632123272,-73.954367700821
50040426,40.672160201786,-73.843936686969
50035078,40.687447661733,-73.954647708386
50038102,40.641028776243,-74.014464435297
50039438,40.657776271927,-73.95039518508
50016791,40.761385920778,-73.831117577254
50016793,40.759153107816,-73.926291601662
50035072,40.854228379357,-73.884496782858
50048398,40.740875431766,-73.985776202378
50053734,40.746849293297,-73.868317257933
50048392,40.756813283476,-73.98863736499
50052408,40.746489413239,-73.8943239085
50060042,40.638061543236,-73.994642033288
50035088,40.55134158539,-74.149605900496
50039446,40.737033337854,-73.709994456096
50041744,40.759092551724,-73.990327887246
50060044,40.770129894922,-73.991620769992
50039445,40.741060781937,-73.999532997063
50040412,40.695902770695,-73.747189297915
50059032,40.759759463676,-73.804145533894
50060043,40.825159068786,-73.951294970476
50040414,40.701496783521,-73.91131586774
50059030,40.747489944028,-73.973989585652
50038118,40.773099665447,-73.933811691211
50039447,40.833974651454,-73.878176055903
50040410,40.798502444594,-73.933454900476
50016780,40.617504595743,-73.984740656171
50040418,40.759698619532,-73.829377544625
50050696,40.759698619532,-73.829377544625
50053724,40.754191191809,-73.914129583686
50047058,40.7014707039,-73.942328046632
50048388,40.705895356331,-74.011466525744
50053725,40.707005468583,-73.932738380598
50048380,40.729760649313,-73.958230613252
50032800,40.887599509561,-73.860487859576
50047051,40.726041201305,-74.001301529802
50032802,40.793273070755,-73.943516480094
50048385,40.741634513231,-73.918929194618
50044804,40.743938562135,-73.985375709803
50062674,40.756507683324,-73.980002415342
50059065,40.738576521884,-73.999897364721
50040447,40.840430707399,-73.921773505897
50016773,40.755438111228,-73.983594574797
50060015,40.716180230553,-74.008606185561
50038127,40.695054206969,-73.849333542818
50041775,40.521849347354,-74.235082428399
50062677,40.717535849953,-73.998234018009
50060019,40.663444542784,-73.776929320314
50044808,40.699121352736,-73.917203705737
50039452,40.709329903256,-74.010302600677
50039450,40.712626496172,-73.82708174646
50047085,40.754003915103,-73.992228729308
50060020,40.743187007427,-73.981979904337
50059055,40.67902563042,-73.865030175897
50060022,40.707308496128,-73.789479200206
50038137,40.707226331305,-73.954010032109
50059054,40.736159256268,-73.98517829125
50061352,40.751709267167,-73.86355598659
50060023,40.594255464114,-73.940772680272
50061359,40.767509399352,-73.790588023127
50039469,40.765290532387,-73.817036598841
50061357,40.743997758748,-73.989337412051
50016760,40.755855692981,-73.967893835634
50059058,40.67128900727,-73.984629659703
50039461,40.718832502364,-73.954603481101
50059056,40.880883404179,-73.883448851489
50052410,40.740409720742,-74.00393379642
50052412,40.840904511515,-73.842593326847
50047071,40.729340325568,-73.900304515484
50032822,40.681311993321,-73.984657057354
50032823,40.747205435667,-73.89229923546
50032825,40.635930790041,-73.962344258365
50017207,40.763511359841,-73.807188301604
50018538,40.771475073865,-73.907844057723
50018539,40.772422072269,-73.920688779383
50037694,40.758528502421,-73.829517515021
50041713,40.68347195883,-73.96710476395
50062650,40.705840560576,-73.830915392232
50018534,40.670530015097,-73.931032785749
50062656,40.73303742785,-73.804806319057
50018535,40.722731634167,-73.947983682947
50062654,40.712878843819,-73.906710381387
50018533,40.848458312403,-73.918136632835
50018530,40.650480755175,-73.957974469031
50035030,40.63476087331,-74.02634674926
50037691,40.734635865741,-73.937031151148
50059001,40.656623859892,-74.008357199226
50048354,40.700750526812,-73.913151672181
50047023,40.665422792648,-73.754499444726
50051997,40.740140260296,-73.995840266721
50048355,40.680145073182,-73.845708308411
50050667,40.756083387438,-73.992810687817
50050665,40.736855581031,-73.981571094073
50049681,40.616053126348,-74.138400904267
50121544,40.917351577297,-73.838888645527
50047021,40.668083159758,-73.903483994708
50039402,40.749338149983,-73.876576331607
50018528,40.676192290504,-73.921970876933
50057295,40.783415331092,-73.950713971936
50041702,40.618464854694,-73.990950205467
50060004,40.676843424809,-73.963659708052
50035047,40.695725106981,-73.790545474921
50057291,40.608482002644,-74.004791032364
50062668,40.719618318018,-73.953285058253
50061335,40.749115967162,-73.869272547597
50047009,40.675400215057,-73.981235151948
50035040,40.741899551991,-74.004767857914
50036370,40.729165656357,-74.001326534768
50035041,40.84713358704,-73.898288981224
50036371,40.625142480222,-74.135571128731
50041705,40.761562589644,-73.827014998627
50057297,40.721348330032,-74.004741635862
50049674,40.700765628242,-73.894100414613
50050650,40.633852866508,-74.125262079018
50049675,40.732963878084,-73.986248806536
50047015,40.759435287398,-73.962186639034
50051980,40.770303980993,-73.951315276472
50048346,40.756035155731,-73.994290240942
50051982,40.678952780593,-73.748879128835
50049679,40.688752185582,-73.81751662385
50049670,40.728726802741,-73.984163646009
50051988,40.711672630573,-73.994026102325
50062670,40.731022930912,-73.99327937518
50051989,40.763701723215,-73.808130515398
50062671,40.727295598242,-73.98663769574
50040402,40.612442094609,-73.978999262076
50059021,40.735543182964,-73.881006065063
50041735,40.747011038002,-73.988825764095
50039410,40.746553287229,-73.900850740677
50036389,40.57405870982,-73.981068432883
50059029,40.831767713055,-73.866959296283
50062639,40.677319612956,-73.941374247032
50040405,40.623206788183,-73.941283191561
50053714,40.840784060813,-73.879437672254
50053719,40.750690607522,-73.99818601048
50039409,40.792825110394,-73.8129829154
50039408,40.71198750013,-73.994393074512
50018507,40.743920695968,-73.985845989909
50047042,40.699975140986,-73.929436710089
50048373,40.759237227562,-73.833555734027
50035066,40.638341470512,-73.953612062651
50041722,40.848999426799,-73.933121913312
50018506,40.609327339968,-73.968899432122
50039423,40.841380937283,-73.843280316089
50018503,40.733319265998,-73.998712275594
50039421,40.7297564759,-73.999531957382
50018501,40.823561786236,-73.894192806385
50039428,40.713599824268,-73.949368819682
50018502,40.743023265941,-74.0000540991
50039426,40.715230583889,-73.997538454384
50036390,40.723480501925,-73.950701817796
50059015,40.753589079365,-73.794405298456
50035061,40.74448446077,-73.988954597636
50047033,40.732090222258,-73.849085473146
50059009,40.746046268359,-73.988771640332
50048361,40.825344515972,-73.890456487586
50053704,40.616125726383,-74.000391384819
50047030,40.851841354369,-73.928254202183
50058593,40.746663991087,-73.980448343186
50033295,40.711822789156,-73.941466458567
50038983,40.742686679711,-73.953578765597
50057260,40.651756583039,-73.931180496625
50058590,40.651094234454,-74.011321390321
50057267,40.810095125174,-73.962292199952
50058599,40.846732619071,-73.786221474862
50058598,40.594025889916,-74.135311259656
50037647,40.78139388163,-73.946160572258
50045289,40.702649861446,-73.766560416086
50036317,40.753672132457,-73.8720528054
50038978,40.624868263592,-74.030406213528
50016703,40.758596930638,-73.833140609157
50062620,40.715130695228,-73.998703465319
50036336,40.706937025791,-74.003611388951
50037667,40.708736288473,-74.005830363917
50036337,40.701724929286,-73.943458865648
50058589,40.846647757973,-73.895770890431
50049629,40.649681496445,-74.009139534151
50038990,40.640970639912,-74.004860018682
50057252,40.757728419599,-73.822623736864
50045272,40.842074692232,-73.93539536954
50051941,40.834323137078,-73.879422082691
50045270,40.672773769458,-73.939157713882
50050610,40.639389281349,-73.968643124208
50057249,40.762382308792,-73.976458738937
50102398,40.81990305403,-73.94043017169
50035012,40.6789635923,-73.924393999154
50037673,40.853696913175,-73.888215321895
50060892,40.7338416449,-73.869952977314
50035017,40.762445471264,-73.804485897367
50036340,40.670182236566,-73.922609361471
50047003,40.669589451723,-73.933750969548
50049664,40.646687503035,-73.949206504447
50048335,40.76082755723,-73.968735772039
50047006,40.75254234506,-73.978514860442
50035021,40.591790236861,-73.960619153468
50036355,40.593051911104,-73.947952152009
50035024,40.716606024697,-73.965785359041
50036358,40.750513787499,-73.863104145094
50037687,40.685858767988,-73.929716244064
50048317,40.61277988172,-74.127413685207
50057278,40.599880935091,-73.990321183418
50062608,40.710211036907,-73.899191700495
50049652,40.730502171414,-73.983277953624
50045291,40.670773759717,-73.933396675486
50045290,40.605343288244,-73.982282611844
50048324,40.748204212471,-73.87906610619
50050632,40.702766951406,-73.78139538119
50035019,40.727423613162,-73.985045952331
50045298,40.71322820464,-74.009046103753
50051966,40.631177884028,-73.976113254744
50045296,40.748081345248,-73.879134069449
50051968,40.848799853893,-73.903532425555
50016756,40.739341506669,-74.006778751305
50033254,40.763385607182,-73.807187190649
50051919,40.876761078013,-73.828404420991
50045239,40.577868638105,-73.960514454632
50045238,40.752101752888,-73.991344035829
50057225,40.684127449099,-73.846708857555
50046569,40.887168250709,-73.90476430342
50054198,40.623498942478,-74.000423933607
50057226,40.745415449388,-73.907281147882
50034580,40.726743855637,-73.983119669637
50058550,40.748134866001,-73.879703510941
50046577,40.711932088204,-73.962841246404
50057217,40.71465191059,-74.007494907917
50037605,40.710953425844,-73.853606476641
50038936,40.63464464543,-74.106461620074
50051917,40.863459036927,-73.896073223878
50045244,40.767498261104,-73.920593371832
50038939,40.85139605545,-73.844102726322
50046570,40.703853547535,-74.010318104964
50016744,40.754081125052,-73.989979606889
50060880,40.571144844123,-74.110888643762
50033264,40.764331325542,-73.958617165174
50054181,40.575562907976,-73.978933143662
50033265,40.782872033906,-73.845797885284
50045229,40.760102831905,-73.98882089253
50016742,40.674393009413,-73.950517009997
50033267,40.728549651778,-73.992463425527
50057214,40.770346098935,-73.962181476902
50046558,40.703469564454,-73.800037633333
50046559,40.660466757829,-73.98022948177
50058544,40.58125504802,-74.112104460331
50060889,40.751915721709,-73.990901133758
50057211,40.762715123058,-73.978279651482
50047891,40.669408097399,-73.930987558119
50125095,40.814945943235,-73.947593216203
50033258,40.634926410657,-73.992127222008
50045233,40.599332079555,-73.952392737167
50051907,40.737039981616,-73.7099634978
50051902,40.702206668075,-73.855368044002
50016738,40.67119708641,-73.950451360612
50037619,40.778143066088,-73.954335994992
50058571,40.624701105634,-73.9652369671
50016735,40.715681401315,-73.832857843887
50116144,40.817709027358,-73.94203092931
50036304,40.751877407734,-73.989893387544
50038965,40.737805219756,-74.005721789867
50060854,40.732428847378,-74.003128840785
50049618,40.655798735686,-73.915415040307
50058576,40.732981937549,-73.988422257898
50057243,40.599788032506,-73.999251617529
50058574,40.755524549798,-73.886233346065
50033270,40.757615497496,-73.980990589501
50033271,40.73991373874,-74.007173770924
50045260,40.675764592508,-73.941673150542
50049621,40.851444771605,-73.89537696453
50051932,40.601293198727,-74.001440337597
50050600,40.649402682854,-74.013078559033
50046599,40.792825110394,-73.8129829154
50051937,40.705605948417,-73.896574953605
50016726,40.629155043229,-74.005296570977
50050609,40.772188725573,-73.92734712104
50051935,40.739601841144,-73.790018056111
50046592,40.710998103016,-74.008869349177
50051936,40.828422136969,-73.937752377599
50016721,40.72358958882,-73.983098112767
50016724,40.607731923687,-73.960641915981
50046579,40.818504861544,-73.889017053792
50049605,40.760117267323,-73.828174423837
50058566,40.754965986709,-73.986583035703
50059897,40.822770721279,-73.836483047769
50058562,40.699941052654,-73.948196934207
50057231,40.7556000216,-73.835004716153
50049610,40.746006508061,-73.899972665523
50046586,40.68559629982,-73.980432657757
50046588,40.599014019671,-73.955294595944
50049613,40.646638543538,-73.997870575242
50058558,40.67410836735,-73.930951257421
50016719,40.660506081712,-73.939857795619
50036306,40.564797025376,-74.127470290048
50037637,40.745591088583,-73.946075475667
50038967,40.791535989357,-73.938751977961
50051929,40.885914316658,-73.909820060426
50051922,40.71465191059,-74.007494907917
50045253,40.741640384989,-73.8746805652
50051923,40.786335618557,-73.836155787187
50045252,40.603368903893,-73.987170616436
50035993,40.762422616567,-73.770480089571
50035995,40.727490023313,-73.979366101895
50019024,40.848166276184,-73.912104631622
50046647,40.701278689433,-73.942709042168
50059963,40.873166784832,-73.878832065514
50019022,40.776127675853,-73.979642918655
50046649,40.68014123322,-73.943892444681
50042291,40.746599831881,-73.893229093726
50047981,40.749619936213,-73.977290447089
50046653,40.692962651715,-73.928273392333
50054268,40.637998279679,-74.079160695477
50046654,40.660235721599,-73.931211530047
50042295,40.739544917212,-73.995333709949
50034670,40.617873182009,-74.033421718819
50019019,40.769918889533,-73.957636420855
50034674,40.622101268222,-74.025785531663
50034673,40.514939998195,-74.247649752577
50042279,40.774713576962,-73.951040049215
50045303,40.648635085968,-73.897068580358
50058622,40.664294246151,-73.909432749042
50019010,40.745169649489,-73.975680610685
50047970,40.732981361065,-73.954642471748
50054258,40.707527678643,-73.835904050178
50058616,40.727851187264,-74.001637788962
50047973,40.764287366595,-73.987118434933
50033336,40.604582723677,-73.969321345301
50034669,40.727421054828,-73.944871636532
50033350,40.625280372519,-74.002155510144
50033351,40.81040260518,-73.924798672184
50054292,40.784515783159,-73.973698872539
50033352,40.73303742785,-73.804806319057
50045339,40.625367063063,-73.961504897335
50019007,40.843245612938,-73.844978019482
50037712,40.747127167915,-73.99706916702
50034687,40.770910199498,-73.908328102955
50045337,40.825257493204,-73.940057270539
50019003,40.675400215057,-73.981235151948
50047999,40.720103381487,-73.995999260802
50057325,40.810301990307,-73.962141408179
50057323,40.683029388682,-73.964443730941
50058653,40.85154831733,-73.932189123647
50060936,40.737567334001,-73.980057626758
50046671,40.719440389434,-73.987663734832
50058648,40.758691889709,-73.962730636309
50059979,40.633714546998,-74.011313386559
50059977,40.838251970925,-73.938006852743
50033348,40.848604097802,-73.916232668481
50033360,40.740753458309,-73.995175037887
50033361,40.718048241358,-73.989780596488
50033362,40.577680748046,-73.961388984813
50033364,40.76466147713,-73.991890718239
50037722,40.730398650217,-73.863916147752
50033365,40.859899595333,-73.933033269154
50037720,40.677249484022,-73.957577770496
50037721,40.757583428559,-73.982199222358
50017298,40.656557476186,-73.930821677277
50046656,40.872026637715,-73.877580297052
50046657,40.613240979783,-74.000746422665
50144182,40.678093347799,-73.908472918559
50017297,40.63321424287,-74.012024885276
50054288,40.845507651848,-73.938736839151
50059973,40.891295813633,-73.850879329392
50059971,40.760272252731,-73.827550877907
50054285,40.654575129601,-73.930610729721
50017291,40.700507398066,-73.920529808682
50058639,40.76266843119,-73.989455079538
50046663,40.724384952732,-73.951058731191
50057306,40.729330149082,-74.000963682262
50058638,40.604132047477,-74.083706649417
50046665,40.712818135454,-73.99619768752
50059967,40.604042183577,-73.997541170609
50037715,40.817640776174,-73.90594943531
50044004,40.756363339239,-73.880699299822
50033358,40.865562310448,-73.863669519762
50037716,40.820509083574,-73.936551830338
50033359,40.674268488963,-73.982142527206
50044002,40.749187032289,-73.990168887568
50045333,40.625004260021,-74.148310650602
50044001,40.791491156505,-73.944646283512
50128941,40.819595178619,-73.944201232112
50037719,40.694988531973,-73.994790052311
50045331,40.757313431273,-73.982397155015
50043578,40.706377925039,-73.931377923455
50043579,40.714098330128,-73.995693935687
50034621,40.757965791797,-73.829830367704
50035952,40.754565885437,-73.995356954183
50046601,40.883457614526,-73.901689169787
50056895,40.745579701058,-73.988599003472
50055562,40.676388036219,-73.930327109478
50019067,40.764201189455,-73.972985168821
50056894,40.606754346067,-73.963538132274
50019064,40.774944373865,-73.956900701949
50054230,40.747087928202,-73.977217425968
50046608,40.673618318668,-73.982507570103
50060915,40.737918045913,-73.710407055077
50019062,40.759035674338,-73.829797425634
50060918,40.541514008951,-74.14676912337
50019060,40.750993527896,-73.971441138886
50088495,40.808784046971,-73.952095750738
50043584,40.704302407323,-73.919095942917
50034616,40.679918474031,-73.994992007208
50035947,40.75665960727,-73.993834503663
50043581,40.742896136415,-73.982364941602
50035948,40.630931637463,-74.103111940442
50043580,40.823504114016,-73.924345983568
50043567,40.650917222139,-73.94848829396
50035960,40.759375045505,-73.969643698694
50033301,40.731398005184,-73.994168475982
50043566,40.803666133126,-73.955831470344
50047921,40.630165433819,-73.918469233273
50055554,40.702880798763,-73.89538251956
50051195,40.771962063338,-73.991123622984
50054218,40.769278494672,-73.963126643702
50051189,40.671460750709,-73.881523411274
50054213,40.715049953919,-73.832019238082
50054215,40.784648032974,-73.845864824256
50056876,40.743556604414,-73.999838405916
50059900,40.739544917212,-73.995333709949
50043574,40.703747169708,-73.926906497326
50043575,40.715240653675,-73.997567185249
50034625,40.794618549428,-73.966151784861
50043573,40.674046857478,-73.797247476822
50035958,40.744679930174,-73.953527626574
50035957,40.71749950053,-73.99423641107
50033310,40.741741844125,-73.99019486542
50033311,40.745253575688,-74.005857274613
50035974,40.745335061442,-73.90628536734
50042267,40.764949148884,-73.828018894588
50019049,40.664993302475,-73.950891359758
50059943,40.844981281038,-73.890117049409
50019047,40.760648501171,-73.994642559977
50019046,40.573002008552,-74.136748185812
50046626,40.634278793506,-74.119771881541
50059940,40.643869966822,-74.000943925902
50046627,40.854334347309,-73.884790787379
50047958,40.757622928972,-73.981997641496
50019043,40.738249877303,-73.977632632157
50019040,40.646687503035,-73.949206504447
50058606,40.762408868099,-73.916290115506
50046632,40.728318341406,-73.987961603918
50033302,40.763334143646,-73.828049055534
50035965,40.84045249074,-73.92090490424
50042277,40.764169396623,-73.771358011591
50045301,40.750053033318,-73.818609337477
50035967,40.744757658658,-73.997056832689
50063171,40.604491781338,-74.007287235094
50063178,40.706404426236,-74.012720522089
50035980,40.651182050732,-73.940749099555
50035982,40.737480881939,-73.953916859237
50033322,40.749404478544,-73.977447679105
50033323,40.689630598457,-73.84421591309
50043588,40.647888994812,-74.000149595907
50046612,40.599567902268,-73.949188194123
50019036,40.71976477221,-73.843521366081
50046614,40.719761064566,-73.960701187198
50019034,40.759754413374,-73.826255767409
50019033,40.758596930638,-73.833140609157
50046616,40.735222974143,-74.001963091977
50054241,40.698067463316,-73.974935457667
50046619,40.747265085052,-73.991663491714
50060904,40.618089280365,-73.999373184818
50059928,40.747548006391,-73.973947463585
50056899,40.729257806843,-74.001024644074
50046620,40.749617880639,-73.977464543521
50056897,40.694751814323,-73.790006012755
50055568,40.676435102555,-73.891591340625
50034645,40.679753741285,-73.885447069
50043596,40.858649053626,-73.89952254162
50033314,40.728502213555,-73.999700434419
50063184,40.706404426236,-74.012720522089
50033319,40.691611769963,-73.905830863951
50042208,40.741448221184,-73.978395759062
50017249,40.682682003579,-73.875421126402
50063146,40.857136937985,-73.904721336374
50032880,40.762670760895,-73.996885213903
50044866,40.714153400133,-73.961430579325
50018579,40.692206116313,-73.988128043887
50032882,40.719119328232,-73.996528685748
50144111,40.768041335445,-73.98233935863
50052493,40.720045812526,-73.98465626951
50018572,40.726144910636,-73.79070155094
50038181,40.629516243557,-74.076719132624
50051165,40.7267001481,-73.97700715095
50017240,40.805085629959,-73.941064194452
50038186,40.680292782768,-73.990615703648
50035907,40.74741081334,-73.886604844211
50056849,40.744400557708,-73.990301585235
50055512,40.690037042539,-73.982584390846
50052487,40.752271811112,-73.82661604658
50055511,40.66755561433,-73.893653319672
50051159,40.646030380538,-73.998503147783
50052489,40.759698619532,-73.829377544625
50032874,40.663075347089,-73.768478189306
50035902,40.797443312416,-73.940300264314
50035904,40.763847711255,-73.992310363023
50120135,40.846895977198,-73.84879039064
50043526,40.76492478986,-73.828023573308
50032892,40.545421893757,-74.160251182709
50032893,40.742491569949,-73.917724179498
50032894,40.670905313355,-73.941979488316
50043522,40.762099726534,-73.815530901815
50017232,40.639458963334,-74.008922717931
50017230,40.702961091739,-73.801726648263
50108492,40.79616795818,-73.963379163
50017231,40.861838825627,-73.857577091736
50038193,40.739979360797,-73.791223552626
50038190,40.730036062256,-73.979544869544
50052475,40.771475073865,-73.907844057723
50038191,40.692413107985,-73.860562989626
50056834,40.757080535481,-73.979415786552
50052477,40.741790681579,-74.003087970039
50056831,40.803569715729,-73.919882887772
50055502,40.745519756178,-73.975424135696
50044862,40.713128660305,-73.735468453047
50042200,40.643332956209,-74.077287492004
50035914,40.848369258946,-73.934511234414
50063165,40.734762980952,-74.004854771796
50035915,40.811218568354,-73.942046919127
50063164,40.779519487096,-73.959876758315
50063125,40.722527770825,-73.991666662993
50063123,40.722527770825,-73.991666662993
50063129,40.722527770825,-73.991666662993
50044887,40.835803867575,-73.914159863948
50018554,40.757580489724,-73.822462801729
50063127,40.722527770825,-73.991666662993
50042224,40.68482530266,-73.860733053326
50044885,40.782784942032,-73.845802758292
50051183,40.745794629166,-73.900883310657
50055541,40.752593611614,-73.981002876168
50047911,40.758894142591,-73.768508597412
50056874,40.76266654661,-73.920499264105
50018550,40.761323212866,-73.803778558734
50017220,40.739341506669,-74.006778751305
50035929,40.672720891478,-73.950308571277
50054207,40.715127797061,-74.006728372077
50055538,40.775712199138,-73.953233634973
50055537,40.83613977886,-73.853761015111
50051177,40.715752819876,-73.958953872602
50032895,40.686414635048,-73.929835462657
50042232,40.714006617656,-74.009149639993
50044895,40.518910034021,-74.230314764292
50032898,40.826821617999,-73.88870825966
50043560,40.75061948548,-73.876572219917
50047907,40.719577692312,-73.987755154338
50044879,40.841883255678,-73.901799953871
50035940,40.746736831295,-73.990096674409
50047906,40.716686513496,-73.980533387743
50035931,40.75573453538,-73.88424677582
50043550,40.684092781097,-73.929467967133
50044881,40.748391164696,-73.990180933421
50063142,40.784183202885,-73.973939625031
50044826,40.759698619532,-73.829377544625
50059088,40.739000776752,-73.989502639432
50063101,40.679955687694,-73.940479120229
50059085,40.69739326318,-73.936111539385
50044822,40.763041269949,-73.875163201899
50059083,40.761380983059,-73.802894652214
50041796,40.720743437793,-73.988809868617
50017288,40.699344626022,-73.940218846688
50017285,40.713133793683,-73.781559448517
50063109,40.710862151904,-73.924997566296
50053783,40.657238178929,-73.953249879802
50017283,40.707045156349,-73.909215914522
50044827,40.634184828073,-74.122396848461
50056804,40.716243960408,-73.955292338378
50056802,40.655051442795,-73.939526709993
50040470,40.690379264505,-73.991956150668
50051119,40.723697387298,-73.899713989518
50100583,40.806692131299,-73.953623813354
50060084,40.714066883586,-73.998803613838
50032836,40.758888621616,-73.829887330113
50063114,40.722527770825,-73.991666662993
50039489,40.830286808785,-73.906111200252
50059076,40.629797951116,-73.921994365034
50063112,40.710855602078,-73.926584584033
50039487,40.759698619532,-73.829377544625
50041783,40.722466302072,-73.997359548196
50044810,40.732993911406,-73.986319772253
50063119,40.722527770825,-73.991666662993
50017278,40.739341506669,-74.006778751305
50040455,40.708503125779,-73.957940560934
50041786,40.758589045503,-73.831120041065
50017279,40.749128100891,-73.870313551932
50017274,40.73019800704,-73.994373226566
50053771,40.764532091428,-73.824936262936
50039486,40.733126990519,-73.998568552526
50017273,40.61243618794,-73.962914945656
50077763,40.814320033315,-73.944508536145
50032843,40.625607696574,-74.030104881324
50060092,40.740375071663,-73.990942586121
50032844,40.730873787961,-73.985928487989
50047096,40.615040904751,-73.994218800246
50060094,40.757451505486,-73.829184298594
50044848,40.863985360639,-73.861539361144
50044847,40.642089303598,-74.014262307144
50044846,40.624830172396,-73.964071743154
50017269,40.769833815298,-73.909851339228
50018598,40.690769132413,-73.95712349215
50043510,40.713291839889,-73.994586381353
50039492,40.643967788562,-73.958462125253
50039491,40.739544917212,-73.995333709949
50018595,40.651444514932,-73.937850381555
50039490,40.637859312364,-74.010777723046
50052474,40.743187007427,-73.981979904337
50038165,40.751225488663,-73.857241052069
50039496,40.716498667202,-73.965703883938
50039495,40.705546301912,-74.00698731104
50052470,40.760064489895,-73.828387444707
50053799,40.703157719161,-73.990742398528
50051133,40.809114161962,-73.938995741162
50056820,40.759639634881,-73.920559094854
50052467,40.684109900254,-73.999497922385
50032851,40.718770111134,-73.992155658583
50040493,40.739399159538,-73.790768447018
50104966,40.81386658808,-73.944838872688
50061395,40.837861352631,-73.919827076516
50032857,40.78811181015,-73.953604402339
50060064,40.752922528249,-73.973748180907
50032858,40.660224992896,-73.979874215643
50059099,40.701617549924,-73.894894410431
50059097,40.669911195024,-73.909614689892
50059096,40.75923161241,-73.919692106885
50043501,40.731113193522,-73.98885255487
50017259,40.72923110396,-74.003674948384
50044832,40.68110523301,-73.977197792325
50018587,40.654772911308,-73.973379302202
50059093,40.681098147945,-73.975391859927
50017257,40.739943954927,-73.984514589735
50032872,40.683946703682,-73.912167249278
50040476,40.758596930638,-73.833140609157
50043500,40.709867078884,-73.795436874646
50017252,40.761534888603,-73.827001544077
50018584,40.800263163791,-73.965751778466
50018581,40.749922797152,-73.995201247942
50051132,40.783961417552,-73.845894645552
50044839,40.691072180804,-73.924958383096
50051123,40.71257077591,-73.784391967245
50051128,40.556519442843,-73.913752417815
50056810,40.610035122968,-73.955515109196
50044840,40.684202785351,-73.992090243315
50059091,40.622675200886,-74.028480136786
50063100,40.755965441156,-73.882064998244
50060075,40.749508112846,-73.869708017274
50018615,40.750940797852,-73.971478917314
50018616,40.718245151753,-73.963849847858
50044901,40.72657841071,-73.894120925763
50040546,40.748689136892,-73.989291363902
50018611,40.730608353935,-73.992302514684
50018610,40.587713473409,-74.091138766442
50044907,40.596870823326,-73.974746898748
50044905,40.790221623936,-73.97324989239
50040550,40.882674877134,-73.893225386255
50018608,40.684348845341,-73.831973166432
50018609,40.746940846613,-73.883888438481
50032911,40.685067418232,-73.830136006937
50060160,40.881051499219,-73.883054197968
50146921,40.816271785136,-73.946626776877
50032912,40.866951616222,-73.9208204584
50032913,40.764934656619,-73.917351018376
50060162,40.685348522835,-73.980600133002
50059153,40.700188137308,-73.94706444663
50059152,40.542592141314,-74.208274225929
50059150,40.713714977594,-73.949388395221
50038237,40.677249484022,-73.957577770496
50039569,40.855100537893,-73.901794485636
50040531,40.67090992669,-73.984766566043
50047177,40.880059966912,-73.864675510066
50150197,40.777852486672,-73.527917237331
50110969,40.805328290518,-73.951072470286
50060170,40.755158333152,-73.835277786346
50052516,40.740409720742,-74.00393379642
50052517,40.705637344777,-73.896590396364
50052518,40.70182456839,-73.807691199109
50053849,40.606163170311,-73.965345010858
50060174,40.818504861544,-73.889017053792
50044925,40.747501522232,-73.973808589705
50060131,40.759612309133,-73.832225805137
50039576,40.742343471642,-73.8551062548
50059185,40.753379210401,-73.906579966839
50038245,40.745461976293,-73.986641944285
50059184,40.759417598788,-73.970317884955
50016894,40.728366228471,-73.783937263877
50060136,40.757122203719,-73.993664011973
50062799,40.848621914688,-73.903227269802
50016893,40.722748793541,-73.982993862294
50059182,40.759698619532,-73.829377544625
50062798,40.754925122499,-73.990373522658
50053882,40.711362361079,-73.947449409841
50119336,40.825357051863,-73.94015710425
50044926,40.686090219979,-73.923269567672
50056904,40.590695002951,-73.969384946284
50053878,40.60436814624,-73.997732281064
50056901,40.754587505068,-73.986702316384
50053879,40.807939302568,-73.918913439192
50032931,40.670519429792,-73.928760347149
50040571,40.824462401015,-73.909726827358
50056908,40.733126990519,-73.998568552526
50060141,40.74585102795,-73.976200798701
50032935,40.673391926658,-73.88536412551
50060140,40.676300390158,-73.741203429067
50061475,40.702277314156,-73.811231474769
50038258,40.66619133369,-73.882979941484
50061476,40.755337015795,-73.843244002031
50040557,40.627900296498,-74.023208296805
50040552,40.781150245915,-73.949268029921
50016882,40.758359136701,-73.83410635558
50061477,40.755337015795,-73.843244002031
50040553,40.634135400007,-74.026783355313
50041884,40.720157125378,-73.996132214172
50038250,40.724672972775,-73.879779774919
50044917,40.905675918739,-73.904367741467
50038251,40.673589558235,-73.956835492454
50038252,40.753212272533,-73.974124911273
50047192,40.810550832524,-73.947086192035
50032942,40.742047820071,-73.980888686439
50060150,40.726570051551,-73.989060888358
50032944,40.581858669157,-73.960688293191
50047196,40.832557754405,-73.860882535935
50060151,40.715295299282,-73.748939009191
50041831,40.763285523756,-73.928294785097
50056096,40.746330587108,-73.983702522557
50017326,40.730564325845,-74.00025268626
50018657,40.707321499725,-73.939706254465
50018658,40.7631774585,-73.985370528893
50061441,40.633714546998,-74.011313386559
50061446,40.85447667088,-73.868292386596
50035157,40.74648751719,-73.894343072811
50018651,40.717797679841,-74.000219603172
50018650,40.752312900615,-73.826829029884
50056097,40.778376411923,-73.948367149459
50040506,40.750706194165,-74.00335826869
50048479,40.674314353198,-73.870767492376
50039509,40.829392731156,-73.908044196931
50039506,40.692190673227,-73.987693847978
50048471,40.63531772148,-74.135314563854
50035165,40.849963266865,-73.935105028307
50060121,40.808735608503,-73.922164056279
50039522,40.746386081517,-73.915929033347
50061451,40.718839920207,-74.00099399736
50061452,40.656623859892,-74.008357199226
50061457,40.720615333882,-73.990334126395
50062788,40.76139863458,-73.968318828583
50018642,40.725007521544,-73.987281062753
50039524,40.778382618242,-73.953099043502
50062787,40.732344798894,-74.003370742664
50098716,40.740880244566,-73.989368170594
50047129,40.614493316961,-73.994961722673
50056088,40.682476599067,-73.993258618327
50036494,40.73773119326,-73.99161913557
50036492,40.749768652167,-73.864270549992
50048464,40.631733869322,-74.124277134777
50047134,40.734190166142,-73.871739749001
50050771,40.631843000229,-74.029646577792
50047135,40.757443927265,-73.976702089733
50050777,40.769554735811,-73.790035905084
50062791,40.759689310559,-73.927142780233
50049790,40.866446125213,-73.920327485829
50017308,40.830892308505,-73.928082990037
50017307,40.689810681802,-73.979632221325
50018638,40.66042480579,-73.830637609934
50035175,40.638345591042,-73.975329163337
50018635,40.576284002383,-74.103816728685
50039532,40.75435518664,-73.897352321141
50035177,40.759237227562,-73.833555734027
50039531,40.6342872027,-73.888832270166
50041850,40.611865284093,-74.010392444782
50018634,40.730160726804,-73.823706875376
50018631,40.734840981979,-73.999293061178
50040521,40.637731243568,-74.08728785017
50018632,40.610129846362,-73.984234308581
50041851,40.771834277056,-73.953765043435
50035171,40.865556505264,-73.863956633882
50040526,40.632979908586,-73.949217770798
50059145,40.768658088528,-73.911012431133
50048496,40.608482002644,-74.004791032364
50047168,40.654692632481,-73.973355983782
50048491,40.720393311034,-73.988275012725
50053836,40.75733965018,-73.93121954333
50052506,40.745819187806,-73.97796676865
50018626,40.720514525785,-73.908383076526
50040511,40.848141324359,-73.937863426123
50040514,40.742034131128,-73.926173598636
50041845,40.734174735642,-73.980533256831
50059130,40.866951616222,-73.9208204584
50040513,40.853005567354,-73.905393287832
50041844,40.602340463273,-73.994573322341
50062761,40.587701081281,-73.960457001214
50018622,40.635373223302,-74.009777429632
50018620,40.752785238777,-73.927404466848
50040510,40.583603866265,-73.949545033282
50018621,40.737644751798,-74.001528921737
50038216,40.615606509801,-73.993835209497
50060104,40.649721511114,-73.952444346686
50040519,40.71257077591,-73.784391967245
50059138,40.764150476599,-73.915684586818
50059136,40.761137596995,-73.832405209354
50050795,40.849099806235,-73.891680829731
50053823,40.740409720742,-74.00393379642
50047157,40.669414124071,-73.917585125543
50032907,40.641174496822,-74.094801375289
50032908,40.839606473046,-73.863784143223
50032909,40.758099606553,-73.795643075412
50047151,40.721214753438,-73.984041623723
50048484,40.758866681378,-73.96552661517
50062730,40.746921214931,-73.891254905975
50036440,40.748817354582,-73.872144747385
50037771,40.746867926721,-73.882751938181
50037778,40.732814018215,-73.985893920351
50062731,40.581242945211,-74.098333344424
50036445,40.706697660342,-74.003418677658
50048428,40.783914675471,-73.952443847906
50061406,40.750437453968,-73.976867768932
50062737,40.755337015795,-73.843244002031
50048427,40.76244280439,-73.988260580717
50062738,40.755337015795,-73.843244002031
50062739,40.656184301979,-74.007640589287
50049764,40.60510864399,-73.997639014587
50047102,40.832713448911,-73.851148737184
50047105,40.86009663971,-73.898702985647
50035108,40.859718108452,-73.880639493097
50016826,40.747393287795,-73.883008662818
50050749,40.758504435813,-73.844654163092
50016821,40.638126516515,-73.976265944243
50037784,40.747321995377,-73.985741993025
50037785,40.810438164912,-73.943623973196
50061410,40.714375573165,-73.981559270887
50037788,40.718148324971,-74.00069788716
50061412,40.858552654317,-73.885636573297
50049748,40.785227897049,-73.976721247703
50057379,40.732819231821,-74.006366030129
50048416,40.762967531388,-73.983141002384
50049747,40.738464131094,-73.987705769344
50057378,40.699941052654,-73.948196934207
50019099,40.699140893308,-73.914596014519
50048420,40.794016120695,-73.966591466339
50019094,40.751383574017,-74.005280745763
50045392,40.76426298216,-73.982862949218
50045391,40.688673760601,-73.916820952019
50019092,40.674928825139,-73.807156877381
50019091,40.627554553735,-73.996661291156
50019090,40.845423923175,-73.902292660388
50050732,40.668573011596,-73.91783657549
50048426,40.757874125376,-73.969353782868
50050737,40.739916260844,-74.003069939671
50016819,40.74162380859,-73.879010889423
50045398,40.604369162776,-73.752944856837
50050734,40.79193027832,-73.941400102082
50044066,40.65847943537,-73.982154929249
50044065,40.628035637434,-74.012999440167
50036464,40.581655527054,-73.961084653632
50037795,40.759237227562,-73.833555734027
50037793,40.726572989379,-73.728424529837
50062711,40.833654806103,-73.857368575456
50062710,40.777605897681,-73.945809946297
50041819,40.719049984639,-73.992437498819
50019088,40.724005706226,-73.993552535037
50036460,40.80099865693,-73.960889642346
50062717,40.834735052507,-73.86915235911
50059100,40.847862985543,-73.85727879777
50019084,40.784542354422,-73.956210403365
50044095,40.708881597295,-73.912583517939
50050760,40.701724929286,-73.943458865648
50019080,40.712336446838,-73.892438969176
50050765,40.743190577573,-73.977048290036
50047127,40.747489944028,-73.973989585652
50049789,40.650760967683,-73.949338470461
50049780,40.598692966054,-73.957150928966
50016802,40.7175007652,-73.997253521571
50016801,40.740573000502,-73.815109038372
50057391,40.687472055251,-73.821151982216
50035144,40.76139863458,-73.968318828583
50062723,40.722525929843,-73.997112856196
50039502,40.84480640798,-73.882219129613
50062721,40.606740645571,-73.963581790462
50047109,40.837453329921,-73.86717938619
50056069,40.857427180345,-73.932177854195
50036472,40.650954534327,-73.94560859009
50062728,40.771898029696,-73.956190638301
50019074,40.679861395622,-73.93876879337
50069362,40.807531435283,-73.94929262869
50050755,40.703362552614,-73.908745326242
50104234,40.803666133126,-73.955831470344
50044086,40.864351205963,-73.891173965866
50048440,40.774937650619,-73.91356883033
50016875,40.638242051028,-73.954555840928
50016871,40.686288854973,-73.916303569276
50044029,40.828531329254,-73.87908745125
50016874,40.875162331364,-73.887429222887
50037732,40.749046069239,-73.869967756833
50060995,40.741067388738,-74.005048543682
50046689,40.765324438797,-73.977635158176
50056016,40.783909102917,-73.84589712994
50060997,40.693636191375,-73.929437733317
50058676,40.837356368207,-73.887865002634
50056014,40.629584658145,-74.010906820209
50060999,40.764310313991,-73.985223943786
50057342,40.64299493901,-74.002406769503
50058674,40.740409720742,-74.00393379642
50056009,40.763717253172,-73.808176896975
50056006,40.576735783027,-73.970931215351
50058668,40.737805219756,-74.005721789867
50084955,40.802281374171,-73.953297312862
50033369,40.732820683699,-73.991122892277
50044034,40.852380786375,-73.908759944772
50045365,40.83162915492,-73.919098666781
50044033,40.842923293987,-73.886227088814
50037729,40.871129100217,-73.886551956377
50016867,40.758744947188,-73.983373200036
50044018,40.636238517332,-74.027457352588
50037742,40.685527507664,-73.79340832037
50033389,40.764762420307,-73.914195526193
50036412,40.76574213708,-73.913398880582
50045347,40.755527872355,-73.886201463862
50092574,40.808942905179,-73.951978981182
50057334,40.830922228753,-73.92806673264
50049709,40.832860532001,-73.862964159746
50057329,40.598809839503,-73.937352033083
50057327,40.620972066499,-74.0252333638
50037737,40.72437224595,-73.978732654404
50045354,40.751352103003,-73.980432289085
50044021,40.692093683204,-73.985102515071
50037739,40.818827807505,-73.909889827036
50016859,40.767408777533,-73.912220713561
50016854,40.75291153967,-73.97279828701
50016853,40.75733965018,-73.93121954333
50056030,40.676029549735,-73.818950410797
50016856,40.760599601144,-73.989998644502
50016855,40.747867340756,-73.894367516605
50033398,40.768493504935,-73.911328453771
50037756,40.714144766952,-73.955834600406
50016851,40.71604660602,-73.987240083569
50049737,40.867273230676,-73.91694540984
50060976,40.719785380368,-73.843918913198
50049739,40.755337015795,-73.843244002031
50033391,40.71236256691,-73.893326798945
50045381,40.821874066058,-73.911818485535
50045380,40.703451049458,-74.010068747885
50066281,40.739916260844,-74.003069939671
50044059,40.717554383718,-73.995365201734
50036418,40.749434925159,-73.866290050882
50016846,40.750484557238,-73.989269136737
50016843,40.862510646331,-73.928708080759
50060981,40.753965305504,-73.972033179578
50035102,40.892755802179,-73.855556540128
50016841,40.844323856518,-73.914539476072
50016840,40.691874991923,-73.986364116356
50037765,40.811577138248,-73.957665838214
50045369,40.733040695561,-73.804876851456
50131869,40.828422136969,-73.937752377599
50056022,40.764101382067,-73.831712462617
50056021,40.797702208598,-73.969471573495
50049735,40.726978201194,-74.007298580833
50056018,40.830873624349,-73.826309629581
50044048,40.7178333994,-73.996823732042
50045376,40.781067714594,-73.917586822492
50016838,40.694933159675,-73.995031580329
50050717,40.727322975903,-73.893170600914
50045372,40.739155417099,-73.981698968942
50034780,40.72742350816,-73.786425870704
50054391,40.704713865225,-73.813128482384
50044108,40.827350222519,-73.886564733339
50034783,40.727312834474,-73.893188321569
50019149,40.63214954576,-73.995021117235
50044104,40.8067058672,-73.942795765348
50019146,40.751589210409,-73.970833960019
50057424,40.738204072156,-73.886360809001
50053067,40.733371228263,-73.736888493893
50019144,40.755874159402,-73.912547875303
50058752,40.843653501745,-73.917447137949
50019142,40.691720547719,-73.761940724582
50058750,40.754379723405,-73.827797303528
50046770,40.686812437412,-73.822851055413
50058749,40.762410187862,-73.827799451707
50046774,40.734190166142,-73.871739749001
50046775,40.703936468018,-73.796623189282
50033445,40.707387556935,-73.796022414763
50041087,40.76623669516,-73.915166488757
50045445,40.741998202644,-74.005554620171
50034776,40.779441936344,-73.977398237437
50034779,40.877511771347,-73.846709169553
50037807,40.75625404513,-73.970540571498
50041084,40.858006405423,-73.901841296732
50037821,40.880148716918,-73.907061738507
50045426,40.711104057435,-73.948957609605
50019136,40.727841686925,-73.98521708158
50054386,40.70958538498,-74.012813076633
50046756,40.798420751525,-73.963555119961
50058742,40.776181285597,-73.951960205634
50057409,40.720605984255,-73.908070839413
50057407,40.622768742437,-73.969853997
50057408,40.722176946782,-73.996659672688
50077039,40.74486254221,-73.993630493158
50058737,40.767105341264,-73.738959542123
50057406,40.704303645096,-73.797601609812
50057403,40.728502213555,-73.999700434419
50044103,40.603860515998,-73.997137261497
50033457,40.747314798725,-73.862124371788
50034789,40.754372660322,-73.833093768255
50037813,40.67912787377,-73.887402755139
50041077,40.867075302597,-73.884072491448
50044100,40.826605644259,-73.922716742328
50127716,40.749986947009,-73.323909231348
50033471,40.710322883455,-73.793796239082
50050809,40.637570833259,-74.008531706678
50044128,40.879195922244,-73.874518957346
50019127,40.747652341178,-73.876788605938
50033476,40.624239498374,-74.080916900777
50044127,40.52769982629,-74.231704961454
50037831,40.56613178506,-74.114030192931
50019125,40.61866596585,-74.032793569736
50058776,40.882674877134,-73.893225386255
50056113,40.715554042071,-74.007536389498
50053084,40.759698619532,-73.829377544625
50053085,40.76025739066,-73.82651503854
50057440,40.624913167169,-74.145128036414
50046795,40.759220198664,-73.962343755679
50057436,40.740409720742,-74.00393379642
50034799,40.672256345165,-73.960805969894
50044136,40.810092324983,-73.951310439178
50045467,40.714107184433,-73.948286122752
50044135,40.820090728106,-73.91602107863
50050801,40.834735052507,-73.86915235911
50037829,40.658219983054,-73.958965333503
50044130,40.872367444511,-73.850889732881
50045461,40.706933609221,-74.004992151396
50033482,40.790244026431,-73.941689572926
50019118,40.760272252731,-73.827550877907
50045449,40.739461474046,-73.997560590201
50036510,40.692288457387,-73.860641946787
50046777,40.605832572643,-74.009266578475
50056103,40.629002451713,-74.116720952574
50057434,40.716272083604,-73.962644447479
50046778,40.684127449099,-73.846708857555
50019110,40.741659404694,-73.874651590784
50049808,40.573219513299,-73.979805914716
50046780,40.773441669854,-73.964137890433
50046781,40.597965651977,-74.06689353847
50058758,40.760363683491,-73.926595664436
50045456,40.710483444757,-74.009322482847
50037837,40.644802255317,-73.922751912453
50045454,40.687315612989,-73.918098481402
50045453,40.741898169999,-73.874518831789
50036509,40.760729637631,-73.832840797208
50041094,40.732828983026,-73.985929441129
50044121,40.677315474445,-73.982616245037
50044120,40.64041580959,-73.969187923788
50045451,40.714653978643,-73.944331301732
50045450,40.745321856088,-73.984823632331
50036508,40.729394770471,-73.981185748487
50037839,40.741180379198,-73.981522161995
50043699,40.745492454312,-73.903354190535
50046722,40.773159552612,-73.934000125057
50019189,40.679168008337,-73.749568379117
50054355,40.59012173395,-73.922199717232
50055686,40.767545927149,-73.985897386638
50046725,40.793273070755,-73.943516480094
50019187,40.672856110017,-73.98994615685
50046728,40.851205663419,-73.928555768346
50019181,40.754489555808,-73.993177730719
50058702,40.761418443646,-73.940695334498
50053017,40.608387613397,-74.004635029785
50041042,40.719440389434,-73.987663734832
50034735,40.741420130734,-73.993795653914
50080631,40.825357051863,-73.94015710425
50016907,40.739341506669,-74.006778751305
50033405,40.757267696036,-73.979858198308
50033407,40.814669000527,-73.893337304802
50041041,40.690256967504,-73.95409758999
50033408,40.676029549735,-73.818950410797
50034738,40.577303371852,-73.963132985286
50041029,40.681602969898,-73.919494560522
50041028,40.761509625236,-73.803752210406
50043688,40.746522307873,-73.900864666072
50034750,40.67016512873,-73.985566718304
50041024,40.754379723405,-73.827797303528
50122076,40.758426038113,-73.981586261279
50053010,40.674924769111,-73.807112185876
50122073,40.758426038113,-73.981586261279
50046713,40.718039703761,-73.991202983633
50019176,40.737634938843,-73.990095723858
50046715,40.729751850132,-74.004109541437
50019174,40.605268967993,-74.120914636022
50056999,40.689944998747,-73.825781797528
50055668,40.758314078652,-73.985362958628
50055667,40.633938495137,-73.967329941997
50033415,40.820152283867,-73.901499317832
50034745,40.708796810633,-73.954608126453
50043691,40.719858172839,-73.983044637167
50033417,40.765918629794,-73.979832995245
50034762,40.69713999515,-73.906681057084
50041057,40.694885258138,-73.952995111717
50019169,40.634184828073,-74.122396848461
50019168,40.749117914228,-73.876687859638
50046745,40.661316360799,-73.879494654036
50053044,40.834086606276,-73.889626804922
50054376,40.704514020279,-73.923912252513
50046748,40.743689411243,-73.979520250042
50079630,40.803425785859,-73.956007234989
50042390,40.755333976897,-73.886951711636
50058728,40.660304890754,-73.885433933731
50046750,40.714809146529,-73.998248398459
50046751,40.759698619532,-73.829377544625
50058726,40.795470397806,-73.94972503637
50046752,40.679169221167,-73.77802604378
50054367,40.764099057264,-73.882068963589
50058725,40.716076607035,-74.007122894208
50053039,40.759500953672,-73.832325077024
50045422,40.865546742699,-73.858365460134
50042395,40.76128563542,-73.962225163149
50042393,40.774357296397,-73.981105735374
50063299,40.619017277198,-73.926722924205
50033440,40.69620729144,-73.743362892469
50034770,40.886261855,-73.878692970184
50033443,40.711668125719,-73.769840971682
50042377,40.841656195965,-73.883657410014
50045403,40.581429457944,-74.075594732454
50019159,40.740597130131,-73.983865791136
50019158,40.760078786252,-73.878531772389
50046737,40.829063953682,-73.875885809834
50019151,40.635738889538,-73.975797206954
50058717,40.742648079749,-73.950198539227
50058716,40.7129446594,-73.958894795618
50054356,40.671065494562,-73.942116479769
50058714,40.84046717759,-73.873770694248
50046743,40.691650927548,-73.865458624394
50045411,40.674853915334,-73.976295270465
50033437,40.739432855913,-74.008235795803
50042382,40.656623859892,-74.008357199226
50034769,40.721906061129,-73.993501110178
50044986,40.758701133961,-73.974892640772
50018698,40.756622667281,-73.993861984084
50018696,40.782895038503,-73.980684391094
50051281,40.757251116569,-73.929121223071
50018693,40.749834445276,-73.862489328943
50017361,40.587178915227,-74.198321251267
50018692,40.665546499434,-73.888409578883
50051283,40.605114358392,-73.980106609422
50042331,40.633714546998,-74.011313386559
50032996,40.758596930638,-73.833140609157
50041001,40.755724905814,-73.928060778703
50044992,40.750293002305,-73.994843999918
50032998,40.673703353389,-73.960577812295
50063275,40.704581915472,-74.01049911228
50063276,40.636599454636,-74.076283817275
50063274,40.723019777507,-73.950270045629
50063279,40.707580179332,-73.836038418141
50042315,40.848941753838,-73.934094743
50044977,40.751590792867,-73.826067236537
50018686,40.669703954051,-73.985772472591
50017353,40.727500533329,-73.982567819601
50056961,40.751343730248,-73.983792762518
50051270,40.738844053168,-73.989932556434
50017351,40.636733829251,-73.937416018282
50136624,40.825058746601,-73.940378205107
50051266,40.734190166142,-73.871739749001
50055622,40.762219386084,-73.81508915254
50044982,40.740458002618,-73.815125828576
50063280,40.85422278348,-73.888813341641
50089893,40.804345207208,-73.955509028242
50034705,40.726600069324,-74.005708012034
50018679,40.641462111679,-74.094890949254
50017349,40.689399748905,-73.844997481688
50017347,40.744313069528,-73.914744533597
50043676,40.8081577018,-73.948834179964
50017343,40.71923972241,-73.988864136178
50046701,40.849410904629,-73.910794630627
50053002,40.655415637846,-73.953052495538
50054332,40.852967226571,-73.908211199953
50055659,40.743516207614,-73.979646256764
50055655,40.765965166448,-73.827799193927
50056986,40.70746324811,-73.920864809239
50043684,40.684982484654,-73.913990120625
50034710,40.749703153501,-73.884161762253
50043685,40.734190166142,-73.871739749001
50042351,40.716924421486,-73.958799182646
50043682,40.795503539442,-73.935686089735
50043683,40.643994162257,-73.97644384401
50043680,40.755475754983,-73.989759467344
50145538,40.631966575614,-73.943511193366
50018669,40.887248773092,-73.907077006827
50018664,40.669944189953,-73.933717453289
50034730,40.723560399505,-73.983029932738
50051292,40.638296018635,-74.00673806947
50018660,40.682784822869,-73.940828089845
50055653,40.871410145817,-73.862191131062
50018661,40.856628993943,-73.928308259171
50051290,40.817640776174,-73.90594943531
50056982,40.819577918957,-73.817465956172
50051296,40.668493783852,-73.910285020027
50051289,40.775258832098,-73.909576632225
50056978,40.711668125719,-73.769840971682
50051287,40.673167044743,-73.956988365366
50055646,40.58528584007,-73.951554358341
50041010,40.687010657889,-73.944195351382
50042343,40.683402872815,-73.950104920904
50041011,40.84632531168,-73.859330657952
50043616,40.700048892228,-73.902816842133
50044946,40.730037573708,-74.003183542381
50039597,40.673121937911,-73.87031764411
50019107,40.730294266496,-73.982366188266
50040585,40.720384981003,-73.844566483761
50044942,40.75101336261,-73.872911609911
50038260,40.837557224186,-73.847692588329
50019102,40.707776985507,-74.005984055801
50039595,40.7892740035,-73.940409283081
50044949,40.716020805671,-74.004843756935
50044948,40.718216975962,-73.986551503744
50032959,40.635337447795,-73.92747466171
50040591,40.763909999671,-73.973369174068
50040590,40.807531435283,-73.94929262869
50044933,40.763958091852,-73.808968005636
50063234,40.625018401448,-73.99980050633
50044932,40.727945375271,-73.999148881125
50044931,40.718075149335,-73.98986913113
50063237,40.749243564098,-73.889685502159
50040575,40.828866906969,-73.903177542086
50038272,40.712799019306,-73.783446059234
50038270,40.720699872762,-73.995747950141
50056914,40.777751732284,-73.948648904071
50056910,40.816354929224,-73.939303303231
50052554,40.740409720742,-74.00393379642
50032963,40.780768148081,-73.91655585196
50032964,40.634145983524,-73.967235235942
50042307,40.729811145685,-73.860293307643
50063203,40.725709858469,-73.792158806356
50038289,40.57573997259,-73.961203045298
50060177,40.71402100014,-73.914724061967
50042301,40.706954534491,-73.790715253764
50044962,40.759818195229,-73.8293815421
50017387,40.714322269729,-73.945985558618
50052593,40.760136439617,-73.984709976292
50056951,40.760837621156,-73.979655039011
50051263,40.743241613204,-73.915717186342
50043639,40.576764629435,-73.982994021028
50055614,40.677791925057,-73.972820290056
50051255,40.757839358803,-73.784946869495
50109055,40.598713126968,-73.958019051838
50032972,40.760638913703,-73.976513881653
50044972,40.747641269607,-73.994160843188
50044958,40.694691914941,-73.848472069732
50043627,40.80029515124,-73.965728358022
50063214,40.715768650046,-73.993105952158
50144267,40.823660691325,-73.941227648552
50060188,40.606093184482,-74.086853153065
50043623,40.740504091323,-73.922733113659
50017377,40.729282006818,-73.998857674246
50040598,40.636416247025,-73.948106699756
50043620,40.759500953672,-73.832325077024
50038292,40.603105831863,-73.753220928321
50017371,40.665306604812,-73.922920327472
50017370,40.576227718187,-74.103873140382
50038296,40.682272275342,-73.993310026261
50055604,40.668467600949,-73.906622725412
50051244,40.84042002231,-73.910660259474
50056934,40.738523309039,-74.005454852582
50032985,40.750690607522,-73.99818601048
50032986,40.738187549166,-73.983529312336
50055607,40.756009620451,-73.979126806962
50060196,40.656101296741,-74.007265021782
50041999,40.775500986822,-73.983830048355
50040667,40.656856261186,-73.913961884669
50059283,40.706482943946,-73.791909075936
50037018,40.759448397447,-73.970295528053
50038347,40.820494585061,-73.887989583343
50039679,40.748594769296,-73.942315986887
50040669,40.601337237591,-73.992706512399
50059289,40.623932339552,-73.996391961497
50038340,40.699861857811,-73.940525656095
50049005,40.741998202644,-74.005554620171
50049004,40.750949270489,-73.971014309963
50040670,40.858777040077,-73.905287514382
50060282,40.70477241583,-74.006751109109
50052649,40.611696157942,-74.088231082763
50018727,40.629797951116,-73.921994365034
50060283,40.726965632623,-73.985855756917
50063312,40.742161471611,-73.982899887609
50039687,40.698622764285,-73.830305028327
50059274,40.762534569255,-73.831631647701
50040657,40.699096028009,-73.922772527964
50039685,40.688993526477,-73.816900742257
50059270,40.584589979564,-74.094119570763
50041984,40.690335663295,-73.994929773243
50141374,40.815581655277,-73.943411311238
50059278,40.740812469431,-73.983709252328
50038350,40.853455254146,-73.930793752695
50047297,40.739911602009,-73.985867731333
50051300,40.733084011375,-73.986532669405
50052631,40.858721083833,-73.905128048113
50051302,40.700237187972,-73.906857054414
50051306,40.718150804873,-73.958350208995
50063320,40.628152495654,-74.023689928009
50018717,40.70921756206,-73.775863384807
50039698,40.66846957166,-73.78161937439
50039697,40.62516609885,-73.998695263702
50018710,40.747020092311,-73.983413574059
50040685,40.763282400088,-73.828023430581
50039690,40.678055217318,-73.968797041757
50039695,40.767992897454,-73.738126157426
50043719,40.763255762512,-73.968815927413
50043717,40.638786922229,-74.006038123299
50052666,40.751128198599,-73.997845811352
50049024,40.805333915008,-73.965939496703
50049027,40.747298994711,-73.985687757926
50050001,40.647097937397,-73.969198541648
50051332,40.720627347979,-73.995154890607
50052668,40.760264501186,-73.977264726142
50051331,40.805511092366,-73.940908345347
50049029,40.775209209328,-73.953774264307
50052662,40.72124765592,-73.983861435586
50049028,40.737239516519,-73.997014017294
50050004,40.683438692685,-73.979041112614
50052665,40.665702335523,-73.931340460688
50018709,40.67321580572,-73.789739483902
50050009,40.716502007996,-73.993101217646
50050008,40.60447299922,-73.979960490264
50018707,40.720103381487,-73.995999260802
50049021,40.7892740035,-73.940409283081
50049020,40.777157372226,-73.982171893635
50049023,40.767842714074,-73.983589153848
50060262,40.630906055661,-73.966341788952
50018706,40.846414798003,-73.935937486892
50049022,40.672154623398,-73.97710269401
50060261,40.747226758968,-74.004591200432
50038378,40.574763749669,-73.981706073809
50018704,40.737892534065,-73.987953493681
50038379,40.746623970332,-73.945483988883
50040679,40.738925788466,-73.99578526873
50040672,40.748134866001,-73.879703510941
50043700,40.598567136768,-73.959339806782
50040674,40.562648440811,-74.191068584128
50037044,40.728858912742,-73.984477468277
50059298,40.723061321494,-73.800023173698
50049016,40.822718189713,-73.941917601603
50049017,40.762794748606,-73.831788783231
50040680,40.68319654037,-73.965812243324
50040681,40.717737522924,-73.94498842227
50051328,40.729312904623,-74.001157632242
50049010,40.763151122318,-73.97425017569
50039633,40.758159962253,-73.982284072146
50061563,40.820585741362,-73.943651009859
50062894,40.664941965206,-73.931558244879
50039632,40.757114017676,-73.987260683017
50059240,40.760404179754,-73.829909641002
50018779,40.841828078889,-73.842002006447
50038300,40.701802347161,-73.894988712178
50038305,40.7921117783,-73.939828642067
50018777,40.805957746736,-73.940571833077
50038306,40.676538998937,-73.910983282964
50060234,40.718732503501,-74.000349722061
50039634,40.773025103688,-73.980031033651
50062897,40.695311574184,-73.998617726384
50018770,40.705011733729,-73.809425154443
50017440,40.846413124874,-73.860150736963
50018771,40.740971334162,-73.921674015274
50035273,40.619101778021,-74.029943202552
50035272,40.731040769674,-73.993633030421
50048598,40.853923123959,-73.888899508195
50053934,40.756008066863,-73.833646974534
50052608,40.8659379387,-73.927644754532
50052609,40.761001374836,-73.930663873638
50053936,40.756530202539,-74.003600903915
50052606,40.729402491322,-74.000902720449
50053937,40.7466191211,-73.883831086122
50060240,40.817435250595,-73.898224206089
50052607,40.717213169433,-73.74051438244
50017438,40.660094685637,-73.960684212558
50018769,40.613253222226,-73.912203953209
50059231,40.632444033406,-73.933981256295
50061574,40.691611769963,-73.905830863951
50018768,40.719858172839,-73.983044637167
50039641,40.704302407323,-73.919095942917
50061573,40.763407354952,-73.980837873732
50017434,40.601003522534,-73.979224445482
50039648,40.746921214931,-73.891254905975
50060246,40.632566919998,-73.947468731191
50017433,40.821874066058,-73.911818485535
50061577,40.727580274273,-73.994085215147
50060249,40.635707605517,-74.166268366233
50059236,40.787664220545,-73.947612600683
50059234,40.577519410945,-73.962137381627
50047253,40.651756583039,-73.931180496625
50048585,40.788067498768,-73.953636795487
50048589,40.584939426549,-73.818965578908
50059229,40.641038369688,-74.014454446972
50038308,40.685788998483,-73.865052490864
50018758,40.710705889675,-73.954220061016
50035297,40.672154623398,-73.97710269401
50039655,40.583417889936,-73.821887835478
50124843,40.815637060739,-73.943543848317
50018759,40.681563099762,-73.977055917274
50039654,40.726646293495,-73.985097910662
50041974,40.716255484981,-73.962361960645
50060211,40.81905898423,-73.889547325418
50017426,40.765022845707,-73.987737739864
50017423,40.683434691655,-73.975875883873
50018754,40.750734406265,-73.858494519544
50038325,40.70824799164,-73.830856445116
50017422,40.708170146762,-73.803144267874
50038326,40.598692966054,-73.957150928966
50039656,40.718477506406,-73.990524270346
50035290,40.586656583086,-73.814782101753
50035295,40.729040105029,-73.860140672586
50059266,40.688176406072,-73.979255156629
50052625,40.657632962684,-73.767624710432
50047281,40.751915721709,-73.990901133758
50053958,40.599634857359,-73.989910077323
50018749,40.846661353799,-73.895849758314
50038334,40.65834458789,-73.982102582015
50017417,40.762083878966,-73.966055665412
50037004,40.643553725879,-73.948869916897
50037002,40.851028644616,-73.938921645437
50059250,40.777111361676,-73.95723960375
50118151,40.808484662535,-73.952316453506
50037007,40.757568184912,-73.862848661126
50018744,40.697144914353,-73.906689484986
50039668,40.740627168107,-73.981358179268
50017411,40.661682317018,-73.950812236421
50062886,40.726304890853,-73.740853730692
50059258,40.713701099269,-73.997301060863
50047276,40.712642181247,-73.879605575405
50052612,40.586713277041,-74.09183562399
50052613,40.795503766424,-73.934065458758
50053944,40.757976324465,-73.795276191394
50047279,40.755135804893,-73.992489488243
50053941,40.755148596886,-73.988987471682
50017408,40.739390971291,-73.790798833844
50047274,40.809961506711,-73.928613491214
50056173,40.738220179599,-73.981853189334
50037893,40.718216975962,-73.986551503744
50035235,40.84514788399,-73.866770116162
50037898,40.640078425676,-73.983175912199
50016951,40.773901913209,-73.958351537976
50049879,40.740409720742,-74.00393379642
50059202,40.718894205238,-73.999338012882
50049883,40.676556639499,-73.9802785152
50050860,40.638496862071,-73.919355335449
50044192,40.777597798492,-73.979396925781
50044191,40.862732654314,-73.901816262726
50047227,40.631115525889,-74.147002523774
50050866,40.638345591042,-73.975329163337
50049881,40.610129846362,-73.984234308581
50035242,40.723128729359,-73.982718484902
50039600,40.745751830357,-73.983928597575
50057492,40.609038460337,-73.971515622217
50016941,40.711850723305,-73.94231237036
50061531,40.813410429811,-73.944999143134
50041900,40.748289484672,-73.878255628438
50060200,40.674943021236,-73.807313297647
50057491,40.737140770978,-73.997085405511
50062865,40.66080497093,-73.961039763371
50035245,40.874590353796,-73.909909744953
50062866,40.676821734955,-73.949925526508
50036576,40.643619789821,-74.008183455292
50062864,40.6844083029,-73.944200317108
50062869,40.714217589674,-73.987610429866
50047207,40.756394775529,-73.921184839762
50061539,40.68482752231,-74.002718767812
50044180,40.655284380141,-74.005917488444
50047212,40.678179040354,-73.981045239963
50047213,40.655430552264,-74.006903726903
50035253,40.532397627326,-74.239116553636
50039611,40.661221772373,-73.961017403922
50016933,40.707836254771,-73.897530764456
50016932,40.639346960092,-74.078126385436
50036589,40.850492756442,-73.937039307428
50061501,40.846975014426,-73.920540289366
50062833,40.741330173967,-73.983332286761
50059228,40.673100306696,-73.775542753832
50062836,40.76492478986,-73.828023573308
50040607,40.811852279397,-73.961008109773
50059227,40.695640851922,-73.714746047218
50061506,40.857136937985,-73.904721336374
50086804,40.817709027358,-73.94203092931
50041934,40.769845375935,-73.962541298711
50035251,40.758825422769,-73.82849730984
50059222,40.757181310505,-73.90785406709
50048575,40.762429480567,-73.804454686121
50059219,40.686858102701,-73.837099888493
50053917,40.724101930711,-74.004523580184
50053915,40.679790602245,-73.96817408909
50016920,40.756878965158,-73.980888020668
50039620,40.720456377815,-74.006029736288
50041922,40.57806354252,-73.959580501105
50059216,40.796019995731,-73.94783159641
50019199,40.620243805446,-74.024013802719
50059214,40.769400236788,-73.914797142445
50062846,40.551126355453,-74.150358844395
50036592,40.823345582362,-73.911154684829
50059213,40.668513997006,-73.9422041534
50062849,40.761555831392,-73.963732113696
50056186,40.63502460049,-74.126337686754
50049893,40.742312788867,-73.98343616793
50050870,40.746326973997,-73.997650254583
50047234,40.764252848186,-73.831772402341
50050875,40.747302461682,-73.868558552974
50059209,40.62859254782,-74.006075634163
50053905,40.620291997957,-73.989098785136
50033494,40.674522951004,-73.981751561162
50016998,40.673861120077,-73.930717069744
50033497,40.750982927234,-73.980703315552
50037852,40.727600347325,-73.944180856463
50044149,40.68794764118,-73.981571782243
50044148,40.724198347119,-73.949684443397
50057467,40.759796653464,-73.936750583794
50048504,40.706591038178,-74.004160058803
50057468,40.798056469752,-73.933987800067
50057465,40.684247974749,-73.782916271838
50058795,40.758596930638,-73.833140609157
50057464,40.713477659054,-73.962032490797
50062819,40.720788043716,-73.995627939041
50057461,40.852132387855,-73.86480781987
50044150,40.807939302568,-73.918913439192
50045480,40.759818195229,-73.8293815421
50048512,40.598806191319,-73.937384833566
50050820,40.748788948535,-73.97597581058
50049845,40.728436731556,-73.864642210585
50049844,40.631964625307,-73.943543049352
50057459,40.762051576141,-73.989908911314
50036516,40.753592137505,-73.833234921842
50050825,40.753128374768,-73.996580588504
50044157,40.663680653959,-73.984170873234
50045488,40.730437379924,-73.994861014262
50037845,40.713581404922,-73.934239000424
50045487,40.801969260801,-73.93420920209
50045486,40.762557504817,-73.814961522243
50036518,40.733329677049,-73.794647789024
50037849,40.633704935528,-74.01132335704
50044152,40.7112852108,-74.014896100013
50016985,40.667813008546,-73.794645779919
50016988,40.761453979276,-73.990512525761
50016987,40.718029445868,-73.958155661256
50016984,40.723935684487,-73.950800990181
50036533,40.731022930912,-73.99327937518
50045468,40.865167372441,-73.919676143613
50058787,40.685338699793,-73.920401650015
50062826,40.743064464661,-73.996309267045
50062824,40.759698619532,-73.829377544625
50049829,40.669714003241,-73.782702933724
50053094,40.713499561764,-73.996209171386
50056120,40.826241050418,-73.876566851509
50057451,40.729157939251,-74.001310436689
50107406,40.848458312403,-73.918136632835
50045477,40.764889579838,-73.917255227725
50050812,40.713853362265,-73.999260984431
50036526,40.732230051422,-73.849157908699
50044142,40.671309226555,-73.77419557587
50045473,40.674746493463,-73.805150490229
50036529,40.761560671486,-73.984044585058
50056150,40.611129025682,-73.962517749343
50056151,40.70887572912,-73.922585617297
50036546,40.665173159891,-73.87058889827
50016973,40.767532880807,-73.9896254309
50016972,40.738121738228,-73.99636708083
50036544,40.642306843984,-74.005960585245
50056158,40.76365664572,-73.967535785519
50056156,40.779225755171,-73.982933366725
50056152,40.812478176744,-73.903143832815
50057484,40.577868638105,-73.960514454632
50044170,40.906439406486,-73.90686099972
50047202,40.54281364913,-74.145359934257
50047203,40.605223746039,-73.999403301198
50048535,40.873670431808,-73.884943155578
50035206,40.768383694253,-73.873291237037
50036536,40.605450226007,-73.999541179736
50044177,40.784964339372,-73.956575907407
50044176,40.642326933113,-73.927163214275
50057470,40.618293594672,-74.029947342165
50016963,40.758596930638,-73.833140609157
50016965,40.784366642444,-73.952114083138
50036556,40.834724972181,-73.869506423119
50056147,40.744594877231,-73.911298025446
50048515,40.777877455168,-73.980055442012
50062804,40.613653152151,-73.963144506956
50056145,40.579061522546,-73.959644950596
50056146,40.70958538498,-74.012813076633
50056143,40.747450191389,-73.893355980527
50062807,40.7637964369,-73.985093312503
50056142,40.725151835478,-73.72202991943
50056138,40.741917151347,-73.990300730073
50044169,40.629244588507,-74.114151136941
50050836,40.759698619532,-73.829377544625
50035218,40.707182375429,-73.897109803243
50089033,40.826289221177,-73.939479883195
50044165,40.72889342769,-73.988515843276
50033570,40.859532756633,-73.865923433636
50046887,40.628540746548,-74.02294565311
50019267,40.730037573708,-74.003183542381
50046888,40.770910199498,-73.908328102955
50053187,40.624915522481,-74.074743371765
50019260,40.648950063494,-73.900140525742
50046890,40.696456252076,-73.984587067881
50046891,40.612319722027,-74.000853535056
50046893,40.758151339438,-73.966220712472
50045566,40.581077556592,-73.95995381718
50045565,40.78811181015,-73.953604402339
50033568,40.67392091794,-73.98225381801
50044233,40.674165515983,-73.956963965872
50045560,40.730171781702,-73.887370827757
50033580,40.694033345646,-73.753516037106
50044215,40.761380983059,-73.802894652214
50058865,40.755796571168,-73.927926195625
50057534,40.755806846152,-73.836372230613
50058864,40.629648441491,-73.944208576663
50062903,40.777053372421,-73.952429864947
50057532,40.719064947677,-73.984810652143
50019253,40.817722052502,-73.923820245585
50058860,40.752045267517,-73.987591052742
50019250,40.852132387855,-73.86480781987
50062908,40.742738861168,-73.980212798468
50058859,40.788543195832,-73.813774823464
50057526,40.71957540582,-73.984900029448
50046884,40.759698619532,-73.829377544625
50057527,40.65847943537,-73.982154929249
50046885,40.775432767664,-73.933048165889
50058856,40.769918889533,-73.957636420855
50058855,40.66229021176,-73.926862155311
50037935,40.810438164912,-73.943623973196
50103884,40.763552398565,-73.878161508788
50044220,40.728298666243,-73.981983975167
50036606,40.576386655843,-73.981393649553
50105605,40.802304181088,-73.956825738693
50019248,40.684766494468,-73.844029368686
50033597,40.638226759784,-73.953298665201
50019247,40.708723423824,-74.004996290388
50037952,40.689773590282,-73.906387183537
50044247,40.73725692576,-73.708952039923
50045578,40.759025110041,-73.992110557766
50019244,40.858649053626,-73.89952254162
50057564,40.732996186402,-74.007051757043
50058895,40.637059174102,-74.159650556608
50049939,40.710696041024,-73.792901915822
50036615,40.749689792966,-73.863912992757
50044257,40.636599454636,-74.076283817275
50045588,40.575622875019,-73.980734444485
50044256,40.639346960092,-74.078126385436
50036613,40.687726158265,-73.790252257404
50101252,40.80706223886,-73.949637050482
50036617,40.676579075441,-73.843868143081
50050918,40.720851258022,-74.004035826882
50035303,40.659263811582,-73.898727043641
50019235,40.760740203202,-73.825192138809
50049923,40.761388472744,-73.97006936896
50115885,40.713208933297,-73.606089821248
50019233,40.750865907899,-74.005658371389
50056222,40.866732424857,-73.920510827313
50058885,40.66271299282,-73.991904708702
50019231,40.676344847867,-73.962288570174
50053193,40.835566238019,-73.940147486058
50058883,40.673219451833,-73.775632627533
50058880,40.866592175869,-73.861604870212
50099398,40.8160061901,-73.908694055948
50056217,40.674823157661,-73.807264212709
50058878,40.686106667071,-73.916233926067
50057547,40.674070686511,-73.798806632972
50045577,40.694567986022,-73.993705834402
50036627,40.764951196268,-73.812681931702
50045576,40.693184107564,-73.969232132534
50037955,40.8067058672,-73.942795765348
50045575,40.67734683098,-73.972670691491
50045574,40.75625404513,-73.970540571498
50044242,40.745430524754,-73.979645256476
50045572,40.755491447607,-73.814895088321
50045571,40.696535731806,-73.837766724494
50045519,40.76090529993,-73.916066320168
50041156,40.83076888124,-73.904756494984
50033532,40.637759705086,-74.079604171963
50041158,40.76679169604,-73.782638481764
50054476,40.727423613162,-73.985045952331
50046847,40.729270215045,-74.001261792067
50054470,40.764623253767,-73.810939658216
50054472,40.711460854803,-74.015908097761
50054471,40.621125923782,-74.025730822866
50054466,40.750300742798,-73.866965354536
50053137,40.609065597238,-73.993712611563
50034854,40.781536581755,-73.979587821374
50033523,40.67016225349,-73.765240988758
50034853,40.743562828595,-74.007084712457
50041166,40.723056263523,-73.80003795312
50034858,40.761555831392,-73.963732113696
50034857,40.713941266328,-74.009300080203
50042490,40.671095127229,-73.961355242182
50042491,40.681461464419,-73.977124820764
50042478,40.759500953672,-73.832325077024
50033542,40.677549823703,-73.97977274912
50106949,40.817025279334,-73.946250684166
50034873,40.820917461312,-73.86600702928
50046832,40.709354741134,-73.829793557385
50058821,40.7601691627,-73.826469261867
50054464,40.757639987161,-73.864525559639
50046836,40.719507270531,-73.864672601664
50046838,40.624396985254,-73.93865926268
50054461,40.798130535579,-73.969333954534
50054460,40.703682336948,-73.76664831894
50058818,40.803131567651,-73.948959509308
50058816,40.62497717127,-74.024399546796
50058815,40.694417485787,-73.985259429605
50058814,40.734802797351,-73.985992598847
50033533,40.611696157942,-74.088231082763
50044206,40.743182599008,-73.980061775848
50045535,40.596269863104,-73.979109354343
50044203,40.64410744772,-74.076653432094
50046866,40.599661581017,-73.761294061123
50054495,40.664359557791,-73.980293134471
50057523,40.633286157872,-73.969733067553
50019284,40.752520177664,-73.863978342259
50019283,40.609947544648,-73.922399670245
50057519,40.707343505172,-73.795994721732
50041180,40.843663942393,-73.912894685913
50037909,40.659263811582,-73.898727043641
50053157,40.806552993375,-73.942075566612
50054488,40.723293399527,-73.994716022505
50057513,40.710867661144,-73.853049088271
50046875,40.759698619532,-73.829377544625
50033545,40.597949600065,-73.963907670351
50045542,40.669665935621,-73.958254425636
50033547,40.742447856279,-73.977612741822
50044210,40.598876539745,-73.997922975895
50033549,40.717245088316,-74.000481135603
50034890,40.609038460337,-73.971515622217
50033560,40.717362675993,-73.99330212429
50065115,40.825133322917,-73.940322929893
50019279,40.715554042071,-74.007536389498
50054485,40.759146540481,-73.774069953916
50058843,40.718363131154,-73.982522990621
50019278,40.682410310098,-73.993472997681
50019276,40.766057543095,-73.82777762666
50053156,40.754943782026,-73.965460959092
50057510,40.753683570604,-73.822457671289
50019274,40.637787301659,-74.128930070886
50054480,40.736860413151,-73.856052911997
50019272,40.629420686198,-74.022743726297
50053152,40.681378416439,-73.84721699001
50019271,40.75061948548,-73.876572219917
50046861,40.740359383942,-73.981947109789
50046862,40.800264303193,-73.968138446804
50053149,40.63189602845,-74.022325075252
50045533,40.63990865532,-74.005062460369
50041174,40.809020900478,-73.940709975569
50087371,40.806116808578,-73.954043121761
50033559,40.729733991025,-73.988663856679
50037915,40.715654520622,-73.997450751157
50041117,40.574722898203,-73.981015802722
50041119,40.739341506669,-74.006778751305
50017487,40.763521870431,-73.807219555169
50043774,40.709641816064,-74.006737278677
50017486,40.593054760082,-73.979044356097
50017481,40.68075157463,-73.949717742226
50046803,40.769055542278,-73.963289398174
50037096,40.739916260844,-74.003069939671
50075375,40.802510472048,-73.956675177056
50051397,40.677017471375,-73.969015689241
50054422,40.847588405261,-73.867054227188
50042451,40.755664401297,-73.9419449965
50063396,40.722673507402,-73.995901755419
50042434,40.706948379758,-73.923580511671
50017476,40.759190151781,-73.968391948289
50017472,40.71608823463,-73.944563779512
50051389,40.599904793859,-73.990360896742
50051386,40.679121167412,-73.968256543638
50054417,40.596148409699,-73.98413997777
50054411,40.757484099262,-73.966539208551
50049072,40.765685607122,-73.918948380935
50041111,40.541514008951,-74.14676912337
50041110,40.70381696937,-73.986679939269
50049077,40.679910132626,-74.009798709346
50041135,40.712997171781,-73.827967884008
50043798,40.741022326481,-73.902511322181
50041134,40.766594121371,-73.827555635786
50053121,40.734870719176,-73.999072523724
50017461,40.590743401094,-73.968952107061
50017462,40.739341506669,-74.006778751305
50018790,40.810760329586,-73.958262535973
50046825,40.739967719778,-73.923943213928
50046828,40.637467050537,-74.031818817279
50054449,40.68040082438,-73.977671796489
50034839,40.746061763783,-73.914144010729
50053118,40.762462727344,-73.98830773833
50058806,40.75933851872,-73.992055179934
50053119,40.746582144663,-73.988414063534
50054445,40.754379723405,-73.827797303528
50058802,40.691790539754,-73.864634005261
50053116,40.726461158349,-73.991847497976
50034834,40.716759781155,-73.99460465178
50033503,40.673406904486,-73.79134745458
50034833,40.679278476124,-74.005381147538
50042473,40.763003331362,-73.984070961041
50033506,40.670859209509,-73.984808886665
50034838,40.726332653896,-73.789192681365
50046819,40.783562009671,-73.98027359155
50017456,40.842635551025,-73.851397716191
50018787,40.790336289855,-73.9475841181
50017454,40.720765700739,-73.846263314716
50018785,40.790045381127,-73.973378786383
50033520,40.63959749751,-73.929009227098
50034852,40.758596930638,-73.833140609157
50042454,40.545757157439,-74.159632755248
50049092,40.694799903969,-73.751190978673
50033521,40.680537388562,-73.949514543711
50042455,40.708839119057,-73.818405172895
50017452,40.763156655918,-73.915502615546
50018782,40.571009166124,-74.110636652001
50046814,40.703682336948,-73.76664831894
50033519,40.602919187426,-73.99559068479
50053106,40.867075302597,-73.884072491448
50053109,40.68704302718,-73.990338848604
50055765,40.763385607182,-73.807187190649
50034843,40.719248460277,-73.997264368863
50043794,40.713540902262,-73.998537351171
50033513,40.733182766878,-74.003130131737
50034845,40.749515252551,-73.869712095789
50033514,40.807690364104,-73.949176087058
50033515,40.815313140131,-73.904331979929
50033517,40.847593405899,-73.907470380372
50042405,40.866416232435,-73.91849029069
50043734,40.746966242462,-74.002295453667
50019228,40.854488759413,-73.86421000643
50043730,40.750484557238,-73.989269136737
50144391,40.822565128998,-73.938312615986
50019222,40.763437630761,-73.828100305441
50019221,40.632751454115,-74.027343486899
50051363,40.761014924295,-73.971272373506
50037055,40.763125991808,-73.993009416629
50037052,40.712744615316,-73.962497260888
50049047,40.76781419099,-73.923500035558
50049046,40.66846957166,-73.78161937439
50049049,40.713430378146,-73.988663504069
50051354,40.84488514783,-73.889922209859
50052687,40.712076121051,-73.789310894676
50043725,40.706482943946,-73.791909075936
50037067,40.700918069683,-73.892315967624
50019216,40.65106575836,-74.011351923655
50043722,40.751725255259,-73.973664826396
50019215,40.886154147194,-73.907057734465
50063359,40.667523336841,-73.798123146498
50019213,40.718039432632,-74.001079501574
50019211,40.746606685177,-73.917848323011
50019210,40.782387036623,-73.978793861004
50043729,40.69788922169,-73.926570966039
50050014,40.855683358574,-73.886374466427
50050013,40.618928209445,-74.021864584145
50051343,40.721986821752,-73.959829703142
50051342,40.701388579933,-73.92200804015
50050016,40.765656199467,-73.913646511676
50055701,40.708170146762,-73.803144267874
50049034,40.75889781556,-73.992203807174
50049033,40.792982091575,-73.972921945958
50042425,40.600068329861,-73.94460866247
50043754,40.853528507649,-73.912488847137
50019205,40.663070767563,-73.915786379374
50043752,40.804828231744,-73.938338508479
50063325,40.754938641888,-73.991549914925
50037075,40.777104771878,-73.949293359374
50051376,40.761452283934,-73.830989211172
50043746,40.779018685652,-73.953926255472
50017498,40.780320999284,-73.946775125181
50017499,40.732595279151,-74.00386250061
50017494,40.739341506669,-74.006778751305
50037082,40.85417888025,-73.884711630295
50037087,40.872935068713,-73.878424182249
50052699,40.682469529653,-73.993433085453
50051368,40.693011297006,-73.757681469693
50034800,40.871410145817,-73.862191131062
50049054,40.640197046751,-74.019190126327
50043813,40.770829165406,-73.735451328774
50060398,40.792801985961,-73.796364593841
50017525,40.629213251237,-74.116313695003
50037134,40.68040082438,-73.977671796489
50018853,40.747214409664,-73.926498011702
50037139,40.579083255644,-73.984401902589
50018854,40.881051499219,-73.883054197968
50058071,40.748949766065,-73.969992171393
50037138,40.695497202148,-73.908062060108
50018850,40.758556108594,-73.988739442445
50043819,40.635707605517,-74.166268366233
50063429,40.726376700366,-73.727043893917
50043817,40.872935068713,-73.878424182249
50037132,40.7569842422,-73.974038894808
50046099,40.741488587651,-73.981124824894
50049128,40.720986035862,-73.987161574862
50050106,40.645846737057,-73.972286163503
50051437,40.74799135979,-73.992897073924
50051435,40.656623859892,-74.008357199226
50046094,40.845516872847,-73.902243988953
50046096,40.750015668488,-73.881196647817
50017518,40.592571558931,-74.068287580371
50018846,40.619250382729,-73.982922971638
50038477,40.745798537565,-73.902016002666
50038478,40.652872469347,-73.976031654639
50043803,40.704322970177,-73.936895134148
50059395,40.721509842806,-74.009831788154
50017514,40.660578079735,-73.768076655602
50040772,40.756319063516,-73.878668917864
50059392,40.688176406072,-73.979255156629
50059391,40.675944890308,-73.930369211699
50063438,40.761367994171,-73.832953400756
50017510,40.61004634889,-73.955483822984
50063436,40.691144696477,-73.983373533103
50043806,40.892872032058,-73.855919617786
50058069,40.676402178076,-73.983813700117
50058068,40.668083159758,-73.903483994708
50058067,40.812814838091,-73.907337982598
50040780,40.733451601835,-74.003494854075
50046082,40.707527760393,-73.817267271117
50046083,40.866055948562,-73.885583146446
50046084,40.788543195832,-73.813774823464
50063441,40.760930601824,-73.96898024179
50018838,40.721348330032,-74.004741635862
50060374,40.762361736731,-73.814561957198
50063400,40.84514788399,-73.866770116162
50017502,40.847588405261,-73.867054227188
50037155,40.766225941999,-73.745198812302
50043834,40.675205026388,-74.001713708164
50043831,40.846896300433,-73.897164235564
50058094,40.692699880469,-73.94032101552
50060377,40.760718916083,-73.922861564422
50037159,40.640080421906,-74.008467887284
50018830,40.818382025026,-73.952700924349
50038480,40.730867130701,-73.993220528127
50038481,40.848982566983,-73.854451065495
50038485,40.632046673908,-74.027472912886
50037152,40.820415970578,-73.936330060406
50049148,40.786048541647,-73.951204858339
50051452,40.586211788681,-73.966627146296
50050128,40.67366875188,-73.982465278087
50050126,40.827180746242,-73.92079336108
50060382,40.741825241632,-73.91970873942
50043825,40.753327100462,-73.82222557872
50038498,40.727833549449,-73.985050399317
50058080,40.680465557256,-73.949882780689
50037162,40.875004428382,-73.879827671344
50051444,40.5855494055,-73.817380147994
50051448,40.759698619532,-73.829377544625
50035395,40.638261719462,-74.079315225276
50040745,40.830889828844,-73.920219927227
50035399,40.619487839982,-73.919131990702
50018891,40.881665763982,-73.879377177699
50058037,40.751915721709,-73.990901133758
50018890,40.726670740788,-73.985898366248
50035391,40.743229000979,-73.883664700544
50052721,40.741660747304,-73.990001322289
50038419,40.715511614152,-74.007569957941
50052725,40.70958538498,-74.012813076633
50046051,40.639458963334,-74.008922717931
50059352,40.688176406072,-73.979255156629
50017557,40.719210810976,-73.985893938551
50037100,40.686632988555,-73.990063141892
50018889,40.771953507282,-73.953056624565
50018887,40.560077043234,-74.169619553787
50039768,40.70374262305,-73.895691973587
50037104,40.718897143269,-73.959310269336
50017554,40.697551840937,-73.988414930834
50039766,40.844761280025,-73.863944044467
50098958,40.716662300217,-74.009222608759
50017552,40.697548534107,-73.931239314851
50058026,40.646659444184,-74.008605788658
50039761,40.705710009139,-74.005519520958
50034074,40.77794303683,-73.978492239457
50059353,40.765022845707,-73.987737739864
50109300,40.813289147937,-73.945261018974
50046049,40.767115075008,-73.986383172954
50052719,40.747583384891,-73.883834170849
50038429,40.68044470942,-73.977811858962
50047371,40.715142340443,-73.990042127587
50038444,40.766521545567,-73.920441553707
50038445,40.706937025791,-74.003611388951
50039775,40.722449148527,-73.997143279504
50058052,40.775964389001,-73.824368653372
50059383,40.719678602591,-73.988639234716
50018878,40.762410187862,-73.827799451707
50034088,40.7401644171,-73.986468670149
50017544,40.867007015438,-73.920856164859
50037118,40.7034888268,-73.926704142994
50039779,40.882585879073,-73.881163733616
50017542,40.581816705998,-73.960883939622
50060336,40.667165395339,-73.988066517444
50062999,40.760117267323,-73.828174423837
50018870,40.733300809851,-73.9986687592
50051411,40.678327391975,-73.910651955139
50046079,40.763437630761,-73.828100305441
50049106,40.814786281759,-73.899892193439
50049108,40.834444617063,-73.917056538775
50049107,40.777053372421,-73.952429864947
50040770,40.655717452055,-73.953084824598
50123627,40.822612362094,-73.938451152273
50039787,40.744443296771,-73.992636528538
50037125,40.574875635938,-73.981754898062
50059373,40.814497587651,-73.948094236218
50018866,40.763783868301,-73.914620969063
50037123,40.709894990059,-74.010037522289
50038459,40.770722507077,-73.908558267773
50017534,40.614773787165,-74.000161542168
50037129,40.865637723036,-73.919809552657
50018863,40.746418723942,-73.991266008898
50059379,40.723560399505,-73.983029932738
50059378,40.723852292655,-73.98371173303
50037121,40.830618690751,-73.947306452149
50059376,40.829639772363,-73.874346204023
50051402,40.820139802527,-73.915998436221
50046061,40.748860653127,-73.871722201984
50046062,40.753555691063,-73.923496519025
50052738,40.726602328635,-73.984993616816
50036683,40.765996923703,-73.772333161633
50086941,40.631966575614,-73.943511193366
50039714,40.709178907232,-73.870065235268
50060312,40.88913365783,-73.900428393749
50036686,40.743525814775,-73.855796732729
50039712,40.814102394477,-73.959527142412
50046007,40.706487447775,-73.798009210417
50047338,40.541830070372,-74.146323417681
50060317,40.629516243557,-74.076719132624
50062978,40.713106716699,-73.908635519075
50046010,40.607438419244,-74.003070636729
50047346,40.662885096352,-73.953854933528
50046016,40.721875355519,-73.98921746616
50035349,40.829683700018,-73.915097480931
50034017,40.673920650087,-73.975743332554
50036695,40.769567184622,-73.988313780105
50056282,40.708161817977,-73.782227568799
50039720,40.818910180878,-73.914170313531
50036693,40.755177407544,-73.991202188619
50036694,40.879718590572,-73.87579405436
50062987,40.706404426236,-74.012720522089
50036697,40.759813132269,-73.98782409827
50048659,40.610328731665,-73.96252038554
50060329,40.615032538056,-73.99441737834
50048662,40.704849742245,-73.928564262079
50050971,40.741899551991,-74.004767857914
50049995,40.835452968794,-73.856357465967
50059309,40.645603395321,-73.973052715863
50059307,40.744875948187,-73.934311190773
50047337,40.629770321902,-74.076763211586
50050977,40.742187805407,-73.95784456121
50034043,40.827313584421,-73.886636801395
50034042,40.763506104547,-73.807172674821
50035373,40.750940106212,-73.936651791292
50038401,40.63501492355,-73.913928243884
50035376,40.730446674768,-73.983145653108
50035375,40.70728681815,-74.010815333263
50034049,40.612617341336,-74.159010577055
50034048,40.815336771676,-73.929591275989
50046029,40.742827605172,-73.867558012594
50059349,40.591483092951,-73.940238818182
50058016,40.737437038834,-73.776364513526
50058015,40.753123904292,-73.938184722927
50059346,40.774891859541,-73.913726128329
50058013,40.75893708617,-73.827995899635
50058012,40.861260900769,-73.92548958316
50058011,40.742706169327,-73.98276269969
50046036,40.871262227397,-73.847907164155
50048699,40.674552209828,-73.975851758957
50046037,40.598702652958,-73.958114032286
50103157,40.814711910174,-73.944222357533
50048691,40.717142004149,-73.992402183016
50052703,40.759698619532,-73.829377544625
50047361,40.729378000854,-73.989332547374
50035385,40.716869288321,-73.989829860298
50038411,40.791739137573,-73.945234497834
50035384,40.844173054517,-73.845838453674
50039742,40.692157268093,-73.986789300053
50035381,40.577712322169,-73.961242483149
50058002,40.810213944164,-73.928489280387
50046021,40.693456824201,-73.96626531689
50046023,40.832010001155,-73.866096222673
50047355,40.802286706657,-73.945192361566
50081239,40.826820494536,-73.939093346233
50046027,40.70149980208,-73.886888381541
50047358,40.695110749278,-73.916017995376
50038407,40.696544314715,-73.837754082091
50039737,40.737658714705,-73.981158184463
50018813,40.89311838718,-73.896733205133
50057580,40.634170581076,-74.01083960985
50062931,40.765133977986,-73.771714142837
50037976,40.720519419422,-73.978425903965
50037974,40.751762261878,-73.826199677622
50049957,40.710483444757,-74.009322482847
50056258,40.876329775361,-73.836823785847
50057585,40.648494519356,-73.97846882143
50062937,40.762142998388,-73.828863722198
50091494,40.806782591443,-73.953730824738
50044271,40.708866809322,-74.009757673174
50048632,40.900389262712,-73.861853428661
50057579,40.7282209472,-73.990810019034
50035305,40.745508806069,-73.986780606912
50037969,40.74879138301,-73.995852926528
50036636,40.729642228702,-74.004492897029
50044276,40.759612309133,-73.832225805137
50044274,40.726304199723,-74.004896750393
50018804,40.636084158655,-74.008846915712
50044272,40.743463739591,-73.983891296688
50057570,40.762364962461,-73.813733065733
50018801,40.749684713368,-73.952035862718
50036650,40.801291474429,-73.967809907166
50035323,40.685210550441,-73.929433864881
50035325,40.725911678632,-73.951925196999
50036653,40.760050680954,-73.974081982429
50037984,40.881853339254,-73.863662877609
50062946,40.706404426236,-74.012720522089
50048616,40.681107299135,-73.928775314961
50048618,40.775368627108,-73.909510058852
50045591,40.673406904486,-73.79134745458
50056239,40.714840771438,-74.011291335626
50035316,40.757098540224,-73.969745245386
50036648,40.700863996974,-73.807729961116
50044268,40.75755541668,-73.827714498463
50045599,40.720906444197,-73.996600054172
50035315,40.750162189101,-73.818728261226
50044267,40.718099793543,-73.991912982373
50045595,40.762373575955,-73.978703763042
50044263,40.523278206886,-74.234769815894
50034001,40.715066819471,-73.990080230249
50037991,40.783961417552,-73.845894645552
50034000,40.741640384989,-73.8746805652
50036666,40.827510125201,-73.924166236851
50035336,40.784145620858,-73.977683804076
50035335,40.740003505865,-73.991884134736
50036665,40.754521654106,-73.995389334479
50048648,40.758484554005,-73.831057938942
50049979,40.708512034564,-73.957965790721
50056279,40.699423014142,-73.820998714018
50062911,40.673600290276,-73.956988301004
50059301,40.742124844337,-73.868314365463
50062915,40.739132526341,-73.791780378452
50047322,40.761168280561,-73.803952085397
50048655,40.749805627143,-73.883199512999
50048654,40.601696796815,-74.002136236401
50047325,40.781097145274,-73.917628700033
50050962,40.668083159758,-73.903483994708
50048656,40.751208074575,-73.983470802778
50050961,40.737783337115,-73.991744942229
50035340,40.673221255064,-73.983017982411
50035343,40.680825567716,-73.844991597636
50036677,40.680393340614,-73.842162847062
50034013,40.740265916867,-73.986221796432
50062921,40.746917080322,-73.986692901463
50035346,40.686420127661,-73.950704452037
50048637,40.732126370478,-73.986707839156
50062925,40.842148972384,-73.916403426539
50049969,40.749903834044,-73.937674753913
50048640,40.691419337945,-73.991033361647
50048641,40.720605984255,-73.908070839413
50049975,40.802001794842,-73.949782915082
50049974,40.820083772741,-73.958903986001
50049977,40.678236650669,-73.83171814003
50037999,40.715172111638,-74.007118691419
50036669,40.624087491301,-74.030726410325
50044287,40.738887780189,-74.009862205059
50033691,40.711749332535,-73.94337880608
50045679,40.849963266865,-73.935105028307
50018059,40.809420711251,-73.880548420377
50045678,40.762343948087,-73.81462817314
50045677,40.758888621616,-73.829887330113
50018057,40.636223950759,-74.01247996899
50057665,40.653925744635,-74.011458315025
50048705,40.744850662147,-73.997277965787
50057663,40.85146772992,-73.934985564141
50057664,40.729634770389,-73.983737858361
50018054,40.674624437691,-73.949977886338
50018051,40.619623399022,-73.916978452926
50048709,40.739466501821,-73.995751709653
50056325,40.751102267188,-73.940419603965
50048711,40.729549315168,-74.005038817672
50036715,40.784020061568,-73.958528756219
50044354,40.571273668392,-74.109045649206
50045684,40.634166771717,-73.94899807071
50036718,40.718294899245,-73.949503757103
50044350,40.751010826261,-73.872927447189
50044339,40.615669431077,-73.999900181865
50043004,40.692391560982,-73.989692906753
50035401,40.679462396836,-73.968134397272
50043005,40.752935685385,-73.987219107141
50046999,40.671051050454,-73.941966345525
50058984,40.77683090197,-73.902307059625
50018042,40.712270442047,-73.964119098848
50053289,40.76050426121,-73.966194392118
50057647,40.694924469516,-73.931713292738
50056317,40.738121738228,-73.99636708083
50048701,40.62917166505,-74.028648884213
50033699,40.80816021627,-73.952555014999
50044344,40.600843503495,-74.162995026667
50036723,40.659162417812,-73.92715706544
50043012,40.764307386194,-73.831636039389
50044342,40.701669717389,-74.011996827621
50043010,40.642650971325,-74.002017650638
50045670,40.665763573458,-73.950960373489
50036728,40.68029285591,-73.946668008492
50057680,40.609047082883,-73.970387052825
50036743,40.574763749669,-73.981706073809
50036744,40.729908886998,-74.000475987764
50018037,40.716230936123,-73.998038967614
50043038,40.650591360524,-74.004706124074
50056354,40.737458066741,-73.996915443756
50018031,40.748204212471,-73.87906610619
50048731,40.715598432816,-73.998217102428
50057678,40.736498103417,-74.006559108809
50035404,40.728573570576,-73.987775152482
50036736,40.687393903734,-73.976967761714
50043047,40.655167949204,-73.917690295852
50035408,40.774316519866,-73.841253191573
50036738,40.680429769203,-73.821243457841
50043040,40.700188522672,-73.832712765032
50043041,40.79053183485,-73.947613920512
50018028,40.746219244475,-73.986263878021
50044359,40.685819832488,-73.827567664955
50055012,40.797443692968,-73.967980308509
50018023,40.754914326129,-73.970709789083
50048715,40.739496152513,-73.995369204253
50018020,40.634919925982,-74.136106159439
50092870,40.803325057771,-73.956253927394
50058998,40.711688541208,-73.957400778719
50035415,40.706937025791,-74.003611388951
50045698,40.7499005,-73.981969572605
50044366,40.678766765773,-73.918695220535
50043033,40.776135143873,-73.953098966907
50044365,40.803838852194,-73.948445257805
50035416,40.706937025791,-74.003611388951
50035419,40.701035343597,-73.94085605844
50043031,40.733252448019,-74.004273230033
50045694,40.782222159138,-73.914396666904
50036749,40.58394412759,-74.168766534898
50045639,40.705050970344,-74.008410562953
50044306,40.703435669632,-73.82318120082
50045634,40.71720775295,-73.99743525731
50057621,40.717946042391,-73.997144978574
50058952,40.817640776174,-73.90594943531
50053265,40.726461158349,-73.991847497976
50054592,40.598713126968,-73.958019051838
50046970,40.633701966486,-74.014441277418
50058947,40.781624472568,-73.979352657728
50053257,40.63677263395,-73.999937163342
50054587,40.712512850893,-73.784133454361
50057612,40.743237248275,-73.989796367198
50057613,40.736077770369,-74.000728002027
50045643,40.87871116626,-73.87274403289
50044311,40.85639043736,-73.899291588716
50034991,40.696218182677,-73.934013232334
50045627,40.659313994105,-73.765754896055
50033660,40.814031451556,-73.944546118888
50045626,40.856021284172,-73.855561112396
50041267,40.865441229158,-73.863988473379
50045624,40.687461579707,-73.986363750579
50034994,40.696535731806,-73.837766724494
50042598,40.746606685177,-73.917848323011
50018088,40.796846767354,-73.937562613282
50018087,40.67065422634,-73.985158733139
50018084,40.728128155828,-73.983053518703
50018083,40.81158975024,-73.942617846915
50058938,40.612732856281,-73.944020557163
50057606,40.865283770139,-73.919582412667
50058934,40.757580046765,-73.783215733371
50054578,40.714473980833,-73.961061061954
50044301,40.673998363134,-73.956687255249
50034985,40.806067063069,-73.94158750808
50034989,40.841939552151,-73.924608619471
50033670,40.738100403276,-73.987799624599
50044328,40.741234337317,-74.005021992323
50045658,40.665194683694,-73.922887904037
50045656,40.706129462414,-73.758207443979
50033675,40.86543590774,-73.864251661323
50018079,40.761257904056,-73.999195463125
50053285,40.646695928446,-73.970236068955
50056313,40.624960724194,-74.030526362304
50058972,40.816856707206,-73.88819581553
50018075,40.517291569667,-74.234019121875
50053283,40.694979503635,-73.911747617159
50057638,40.604895671923,-73.998609219413
50046992,40.722459341962,-73.954882913437
50058965,40.619044381839,-74.028224808362
50126672,40.321943483272,-74.565128887595
50044334,40.696883975225,-73.784005684193
50034996,40.74710926349,-73.990981529132
50045661,40.679648170825,-73.885388303461
50045660,40.633133987919,-73.889048194769
50033680,40.703270188649,-73.917679359919
50033683,40.76201399007,-73.990108323762
50041289,40.739090130394,-73.979937384423
50092831,40.688560393227,-74.02180274266
50033684,40.693196395695,-73.973071859648
50018066,40.611129025682,-73.962517749343
50053276,40.79829034767,-73.933819987184
50057630,40.652475607233,-74.006239631726
50018067,40.679006024365,-73.833389538849
50053277,40.866896217006,-73.920784751941
50018062,40.695224282179,-73.996087148937
50041290,40.716308726236,-73.807864394098
50046981,40.745771404534,-73.991956671774
50058958,40.61879871854,-73.926786990286
50057626,40.629618527974,-73.944176400904
50033676,40.707646742691,-74.010003538354
50036701,40.574763749669,-73.981706073809
50033679,40.667228859284,-73.899302271895
50041292,40.733876213839,-74.000606998191
50036708,40.693091022633,-73.970202411587
50046928,40.870644722726,-73.846448349166
50046929,40.707370566616,-73.792156393442
50043899,40.775814524223,-73.910129727021
50043898,40.636223950759,-74.01247996899
50046921,40.727446286857,-73.731383250846
50050195,40.587780489524,-74.165453502212
50046927,40.640277582596,-73.955319479927
50058906,40.676284908331,-73.952360540568
50058904,40.608918911183,-73.972937765338
50050187,40.756635574094,-73.968646811701
50043888,40.62202217375,-74.025852707648
50041222,40.771346438603,-73.922614919523
50017596,40.883545654847,-73.89776123691
50046910,40.688714674218,-73.980857756836
50053211,40.664961399865,-73.922985120452
50053204,40.726920375831,-73.992742276201
50055865,40.609604869125,-73.956438045012
50033612,40.753631680364,-73.985073303801
50049199,40.869041398925,-73.90277942546
50033630,40.605418505992,-73.75539540849
50046942,40.722748903728,-73.982993355721
50017585,40.882674877134,-73.893225386255
50054575,40.651412527392,-73.946650073332
50054574,40.890102835486,-73.898176763519
50034953,40.855865610497,-73.888019038494
50041262,40.707317092814,-73.789448483529
50041265,40.733114849135,-73.986915821908
50063490,40.587476291322,-73.812379550448
50034957,40.633210125545,-74.021037664833
50042592,40.746298591263,-73.896116746434
50063496,40.699096028009,-73.922772527964
50041260,40.80793878429,-73.94527540993
50041249,40.715254236513,-73.993533366008
50046939,40.609954765363,-73.922388467248
50063499,40.735850870878,-73.982476203964
50034970,40.755655853026,-73.980231112607
50041247,40.606280318739,-74.000910057252
50046937,40.75978172774,-73.936718732271
50053228,40.680935946045,-73.937364019372
50054555,40.855872567648,-73.867741184878
50055886,40.631913800076,-74.132330495506
50058911,40.749648437977,-73.995401704184
50033632,40.648183574184,-73.897771914074
50041252,40.701906023047,-73.80978684447
50148817,40.59021347123,-73.972702964476
50041250,40.772599350236,-73.985929914176
50037179,40.739902027473,-74.002327907743
50043857,40.615803516862,-73.944701248167
50063465,40.637569334035,-73.952799956941
50018017,40.755660995919,-73.972169788735
50018015,40.739341506669,-74.006778751305
50042521,40.775088468051,-73.911866575238
50018013,40.771572318672,-73.826650133495
50018012,40.740812469431,-73.983709252328
50050153,40.757417716897,-73.968559433437
50043860,40.59761148349,-74.067579649004
50043861,40.727424882952,-73.988436402739
50049165,40.757251102059,-73.828945521948
50042516,40.694816193511,-73.994607088216
50063475,40.816399365562,-73.89622664114
50018007,40.598060672611,-73.987539642252
50018003,40.771305060255,-73.956127660028
50037181,40.65257481774,-74.006329279645
50075461,40.815383860513,-73.943728644725
50034906,40.75268940616,-73.993012808761
50099411,40.758252246424,-73.979130383842
50034908,40.747834455004,-73.991104282534
50051463,40.644471746779,-73.957887853391
50051469,40.758596930638,-73.833140609157
50050136,40.638966112207,-74.009435925724
50063480,40.878281783154,-73.844404614818
50079819,40.756581020713,-73.98615599204
50063485,40.822620551984,-73.953319841563
50063482,40.74994454682,-73.862543299288
50034903,40.660010151371,-73.950481792336
50041216,40.706404426236,-74.012720522089
50101328,40.598713126968,-73.958019051838
50037199,40.7604599705,-73.967469433314
50041217,40.831185245161,-73.91647000915
50063443,40.733021243843,-73.99123253033
50041212,40.783242404243,-73.978169978632
50042544,40.725043262471,-74.010611434795
50063448,40.834041918858,-73.895126510241
50037191,40.788422185533,-73.813573630006
50055861,40.724662511399,-73.8205800548
50016292,40.817031230964,-73.938635622596
50016291,40.765082254192,-73.966015245055
50054526,40.761185991241,-73.923561790097
50050167,40.702377990381,-73.811800854245
50037190,40.7936707936,-73.937891212076
50054523,40.695603889241,-73.782520552685
50043883,40.755524549798,-73.886233346065
50049181,40.732344798894,-74.003370742664
50034913,40.575596446029,-73.979711510059
50127927,40.813477214078,-73.944950348273
50016289,40.723528503253,-73.95072960072
50051490,40.710149303453,-74.009784823682
50016286,40.662988023532,-73.984748525101
50016283,40.598767801339,-73.820629717956
50050158,40.720110001854,-73.988256337406
50049171,40.740409720742,-74.00393379642
50049173,40.842804606218,-73.923789718122
50084387,40.805328290518,-73.951072470286
50058197,40.804152701855,-73.920958430067
50017648,40.789803646465,-73.942947791233
50018979,40.602246498003,-73.994418918014
50042601,40.763666197121,-73.967869800227
50018975,40.74720142111,-73.983281280555
50043931,40.7601691627,-73.826469261867
50058191,40.671704992098,-73.952585270319
50043939,40.689969796789,-73.923019065448
50050220,40.772599350236,-73.985929914176
50052889,40.719832759657,-73.989844011495
50051555,40.746491309288,-73.89430474419
50016308,40.665173159891,-73.87058889827
50016309,40.634164339073,-73.889021337313
50016304,40.833257155989,-73.914179087352
50017636,40.699816738912,-73.915907169889
50037268,40.840464781263,-73.91081690653
50058185,40.576884154259,-73.982959702545
50037265,40.695034772611,-73.911844862826
50038596,40.673076052401,-73.869507185042
50058183,40.779185994037,-73.983150729886
50038590,40.630949699449,-74.102959510868
50037264,40.621395986379,-74.026386136189
50037262,40.629092331625,-74.005361989428
50051543,40.762325967908,-73.813714967861
50052876,40.720039796207,-74.000114414066
50049236,40.827417401219,-73.949645012895
50055903,40.877272269569,-73.906991815256
50050218,40.697851290017,-73.992910121689
50051549,40.730172854208,-73.95510755319
50055905,40.740409720742,-74.00393379642
50018956,40.724645661918,-73.8978593113
50043954,40.658251600893,-73.91530963448
50060496,40.652781353455,-74.00958856909
50018952,40.7254455928,-73.945478045427
50018953,40.542273474881,-74.145621754222
50043951,40.836248496852,-73.902575928823
50037270,40.742808779814,-73.933873561973
50063528,40.681673101805,-73.979733820612
50050250,40.860690277339,-73.898385053214
50051581,40.752484721689,-73.987487609331
50037273,40.752905776878,-73.921912219097
50043959,40.703411775103,-73.799855954724
50054602,40.62758059084,-73.936419879724
50051573,40.734654669774,-73.992255656122
50050248,40.82252550474,-73.900358772811
50105051,40.821913983073,-73.93878845652
50051578,40.697054114084,-73.906781685429
50017618,40.691924087084,-73.730492010755
50018947,40.748666257989,-73.869037987177
50018948,40.638295848975,-74.079039881218
50043945,40.750359590312,-73.977620662264
50017612,40.5855494055,-73.817380147994
50037288,40.687444658713,-73.959967829795
50043944,40.751722286716,-73.986296151852
50018942,40.668137584827,-73.987075928399
50018940,40.854313458902,-73.854582300775
50037280,40.676556639499,-73.9802785152
50042618,40.719668176147,-73.990349488928
50050234,40.723154101555,-73.819799087968
50055923,40.7516658717,-73.855335002632
50050232,40.699041201596,-73.995904152151
50055924,40.692743335104,-73.856229191372
50052893,40.722344763168,-73.984049989661
50018939,40.854334347309,-73.884790787379
50055926,40.728432252943,-73.987704958613
50017605,40.748682459384,-73.985305806718
50039875,40.785672454778,-73.856422435116
50034185,40.884385349024,-73.900849527124
50060472,40.807741116205,-73.919810034606
50040866,40.752534938698,-73.986618028346
50059482,40.756089034147,-73.833675241939
50059481,40.656623859892,-74.008357199226
50060474,40.720144314366,-73.983981433273
50059480,40.825029209474,-73.890504721642
50038548,40.727196150117,-73.984505444187
50016357,40.751190351892,-73.973209023689
50016356,40.750488443095,-73.985594878728
50038546,40.783808556289,-73.977929804609
50016351,40.735982724243,-73.993719790034
50017681,40.69973002761,-73.902198108087
50034180,40.680029276459,-73.968089136141
50058158,40.742178216298,-73.982715042372
50034182,40.759698619532,-73.829377544625
50040868,40.715742746409,-74.005080414677
50034181,40.743614993026,-73.887925842934
50063509,40.770788660532,-73.953733244482
50034183,40.84045249074,-73.92090490424
50059485,40.748666257989,-73.869037987177
50051510,40.718782879653,-73.841510652867
50052842,40.689538261781,-73.922157862082
50046176,40.838412178123,-73.937890201843
50052844,40.705558596631,-74.007843229548
50052845,40.704307293659,-74.011643230957
50046170,40.733144078021,-73.98667460084
50059473,40.637361829706,-74.010962904563
50017678,40.5939676591,-74.099505995096
50040854,40.746046268359,-73.988771640332
50016344,40.65281326214,-73.88107414742
50063514,40.736036905719,-73.993848572949
50038559,40.584448110296,-74.159548279222
50039889,40.741634513231,-73.918929194618
50063515,40.815581655277,-73.943411311238
50017675,40.73208412865,-73.867613916556
50038557,40.605215458997,-73.754832355763
50059479,40.766295107422,-73.965303990592
50118379,40.807645740815,-73.949381913167
50039880,40.694913665314,-73.994960831644
50059475,40.739008479625,-73.98372329663
50046165,40.669731519549,-73.910038286165
50047496,40.667271750574,-73.953451053701
50047497,40.746243734716,-73.983496170003
50047498,40.760889840431,-73.765505590873
50047491,40.756105100355,-73.971582696218
50046161,40.703832907002,-73.796380074587
50051508,40.591932961132,-74.08761263804
50043912,40.730016432063,-73.979499849688
50016339,40.724127628607,-74.003167209445
50018999,40.674848537954,-73.981660659511
50060452,40.738944182803,-73.98905752892
50017665,40.740375071663,-73.990942586121
50037238,40.876298813029,-73.848447112379
50038569,40.730577599096,-74.000279756515
50058170,40.750563935779,-73.983856716147
50018994,40.631190407128,-74.138691989802
50018995,40.63898177222,-73.969558003625
50049219,40.759818195229,-73.8293815421
50043916,40.708863638313,-74.007028141459
50038562,40.774797227091,-73.953902369164
50043917,40.750440410333,-73.940551269329
50038560,40.799362044679,-73.962866467393
50046197,40.639435041409,-73.954489870384
50050206,40.718486502905,-73.954780652203
50060460,40.817180728209,-73.862070390821
50049220,40.697338680807,-73.923971903112
50058164,40.705832364654,-73.923689045702
50037246,40.653765330632,-73.930288735171
50040874,40.704567494739,-73.799747233029
50058163,40.597220502412,-73.971569477065
50018987,40.801427924494,-73.964899844489
50016327,40.643869966822,-74.000943925902
50016322,40.758596930638,-73.833140609157
50060466,40.719182532993,-73.845252032516
50016321,40.608486096205,-73.924717659275
50018984,40.759166586316,-73.83110982463
50037248,40.703327094809,-74.010294658613
50060467,40.850990808386,-73.904416726009
50017651,40.638121453345,-73.994634684423
50018982,40.758888621616,-73.829887330113
50037241,40.647466482178,-73.968258477178
50059499,40.651127017468,-73.941649498446
50037242,40.644531844169,-73.901740723111
50038570,40.718964404342,-73.838532839398
50037240,40.709354741134,-73.829793557385
50038571,40.718363131154,-73.982522990621
50049213,40.572340605064,-74.093292380354
50052850,40.702277314156,-73.811231474769
50049217,40.684805865352,-73.867914419141
50051529,40.744816848367,-73.923983344288
50046180,40.761367994171,-73.832953400756
50051527,40.731403532173,-74.005184714558
50123736,40.598713126968,-73.958019051838
50016318,40.797600172203,-73.941159898896
50046183,40.742375713103,-73.955781278973
50060430,40.685008602149,-73.991714466421
50039835,40.739341506669,-74.006778751305
50060432,40.761168280561,-73.803952085397
50038501,40.69611846034,-73.813441654191
50039833,40.736623180033,-73.990773079177
50058117,40.660319176666,-73.840353969432
50058116,40.718047356789,-74.000790349983
50058115,40.633576613304,-74.004940387239
50059446,40.814902537785,-73.944082219195
50058114,40.723516048136,-73.995909108052
50055088,40.757691432505,-73.990721775761
50058110,40.689602703078,-73.987792517984
50046134,40.731073116174,-73.982020940804
50048795,40.749712842997,-73.974172837909
50052802,40.756835373077,-73.934570013672
50034152,40.686017879373,-73.824147219024
50035486,40.570876483185,-74.110651093313
50040811,40.725497822042,-73.859110755914
50034157,40.745889894473,-73.977915270384
50035487,40.760584267821,-73.767323072481
50038515,40.765951085067,-73.81090316258
50060443,40.709214122819,-74.00914412069
50035489,40.629662103298,-74.140495358304
50040817,40.852086392536,-73.829096679673
50058101,40.689576576621,-73.827541478325
50040815,40.764101382067,-73.831712462617
50043093,40.750484366221,-73.876758842641
50048783,40.635740601519,-73.975781318387
50043092,40.719941277703,-73.984710438385
50047458,40.860768588109,-73.926833023108
50038505,40.834668821873,-73.908362478066
50035495,40.741899045611,-73.875413933336
50059462,40.756090838353,-73.979320533127
50035494,40.737399322506,-73.863455553371
50034166,40.750902991469,-73.873861724192
50038523,40.713009283829,-73.957692096776
50060414,40.751599889877,-73.980250492292
50060417,40.669012867285,-73.986526872966
50059467,40.676459178064,-73.949958099692
50035491,40.683137812322,-73.990202524764
50060418,40.747780255847,-73.973778975319
50034161,40.665710725514,-73.982476795245
50046155,40.703832907002,-73.796380074587
50046157,40.703832907002,-73.796380074587
50038519,40.673742860072,-73.956779903502
50039847,40.680322869694,-73.8213522568
50038532,40.739992809133,-73.918305918222
50034177,40.7274365709,-73.98476527915
50055095,40.705296671012,-73.920694174788
50037200,40.741940357969,-73.993418065296
50040832,40.853033277075,-73.905466209646
50038536,40.717881393695,-73.737421640497
50039868,40.699673063666,-73.830806083929
50038537,40.687135395164,-73.975674735103
50060421,40.834075710075,-73.852307735283
50040834,40.729245409167,-74.002314461203
50046143,40.707859956849,-73.944922966621
50052815,40.641028776243,-74.014464435297
50046141,40.664396071247,-73.931458296277
50036761,40.690769132413,-73.95712349215
50035430,40.803258962272,-73.956302262671
50035432,40.642650971325,-74.002017650638
50036763,40.702510862083,-73.89525119939
50055047,40.751544324719,-73.980118199111
50056377,40.726454932346,-73.989318883145
50055044,40.695960286938,-73.838468874396
50043060,40.6950366101,-73.903204570753
50044392,40.58394412759,-74.168766534898
50048751,40.750612840273,-73.876635985214
50047425,40.706205680204,-74.007597009114
50035426,40.86009663971,-73.898702985647
50036758,40.687274530047,-73.993613344897
50035425,40.630870895885,-74.022150941401
50044398,40.691648727633,-73.819808131312
50035429,40.746276571021,-73.915983919586
50018923,40.742124844337,-73.868314365463
50057690,40.729160311966,-73.987008635177
50035444,40.749124506946,-73.983973269063
50036776,40.775904774855,-73.82437736484
50034112,40.863275254329,-73.829137368667
50056367,40.576660394718,-73.96613326923
50093300,40.760837621156,-73.979655039011
50055036,40.742805475534,-73.99036956822
50057697,40.688350031719,-73.979692656289
50056363,40.707706099565,-73.932089894425
50056364,40.904485273336,-73.849660661244
50057692,40.722834255756,-74.004566741951
50056362,40.818594889783,-73.937670403135
50055027,40.758560551325,-73.830835073612
50057689,40.763137452913,-73.830411504047
50043055,40.691609501533,-73.811707432534
50044387,40.645840579318,-73.995302704915
50044385,40.776455868947,-73.948221714516
50036783,40.605097227095,-73.9799439797
50039811,40.786983913373,-73.80830077951
50046106,40.851417896634,-73.932111191348
50040805,40.756009620451,-73.979126806962
50059425,40.854107394934,-73.899221951582
50040807,40.757801074059,-73.86007560709
50059423,40.861098078668,-73.925935962861
50036780,40.756478143277,-73.974409383523
50056394,40.650586849616,-74.004171136528
50047440,40.757453585289,-73.968645536227
50048772,40.810407223031,-73.947190755075
50046110,40.621332507815,-74.028873733766
50046115,40.747137374973,-73.862718460986
50047446,40.771128991412,-73.951775501068
50034119,40.634664135991,-73.93798391621
50036778,40.636101638707,-74.135376480453
50018908,40.748281470286,-73.876257654699
50036779,40.743447796408,-74.007340831797
50018905,40.760248300176,-73.907365771174
50018904,40.710675234859,-73.966692077156
50036794,40.574875635938,-73.981754898062
50039820,40.706404426236,-74.012720522089
50018902,40.824089748745,-73.928040894794
50034133,40.700271246255,-73.904371748067
50035464,40.579677615665,-74.109371558879
50034132,40.718050407032,-73.986054015978
50035463,40.758596930638,-73.833140609157
50047427,40.570258335599,-74.109878110937
50055059,40.756707862352,-73.914039329585
50036790,40.730998244886,-73.989858154536
50056384,40.737261789664,-73.863920413686
50048760,40.803113332922,-73.934579793505
50048762,40.757835391883,-73.966453133699
50047433,40.729199585897,-73.78098576682
50047434,40.754216794928,-73.991901638253
50039816,40.73535531824,-74.001717343188
50052090,40.76695920518,-73.912408743002
50035510,40.75801183904,-73.979993207625
50043138,40.672926095231,-73.871245069539
50044469,40.579051627757,-74.108204204521
50052099,40.638296018635,-74.00673806947
50018174,40.721943903823,-73.996090820397
50056452,40.753481016155,-73.98088796777
50018173,40.734078924557,-74.002991303897
50052096,40.596453953782,-73.754228465135
50057781,40.733066280918,-73.991069470685
50018171,40.615511872908,-73.913637513482
50056446,40.728956123143,-74.005183544554
50043145,40.860614100769,-73.92759037577
50036834,40.747195182154,-73.891371298983
50044472,40.661497392198,-73.98629064486
50036837,40.700451694293,-73.899331158936
50036838,40.703682336948,-73.76664831894
50044470,40.7190952991,-73.996806559846
50018165,40.559192333897,-74.169415687067
50052088,40.763407354952,-73.980837873732
50018166,40.780377459883,-73.79392873222
50052082,40.677338096234,-73.968899825751
50056441,40.769090786712,-73.912841125757
50057768,40.820133927791,-73.940087890995
50081416,40.804219563777,-73.951884088981
50057766,40.694742862102,-73.954221053488
50044465,40.722121873998,-73.985740248619
50036844,40.841620888044,-73.872149172606
50043132,40.707410506126,-73.930239756974
50044464,40.618080509458,-73.958872760455
50045795,40.633714546998,-74.011313386559
50044461,40.746857975508,-73.977384503184
50035532,40.715270863031,-73.997653377842
50055145,40.764851712788,-73.82803760947
50018152,40.747483000037,-73.98612163872
50055137,40.679955687694,-73.940479120229
50044499,40.749922797152,-73.995201247942
50036856,40.752806053751,-73.98311203576
50043161,40.764180843959,-73.771364190202
50057790,40.742956284739,-73.98335624071
50034210,40.804345207208,-73.955509028242
50056466,40.666815057908,-73.991757429204
50018143,40.756214230312,-73.967461900085
50018144,40.675185233924,-73.873035198688
50056465,40.694042166547,-73.851306409903
50057796,40.594309320538,-74.098921227575
50018141,40.718568531424,-73.863760457544
50056462,40.584062807279,-73.935717026207
50055131,40.756058965456,-73.942690177302
50057792,40.776945832176,-73.979042057058
50048842,40.717423468847,-73.99067076287
50057788,40.854679222854,-73.933454826164
50035536,40.729865705744,-73.992931194077
50044486,40.884031378911,-73.862634651387
50036867,40.73557897173,-73.747311539543
50044484,40.667034482526,-73.73679057744
50043153,40.766187639162,-73.954145295262
50033771,40.777489926997,-73.900496863931
50033772,40.625536533205,-74.030291843372
50041398,40.615103594489,-74.012934173634
50033773,40.783375779606,-73.947638925284
50053384,40.715361568176,-74.008745400076
50039073,40.716358986464,-73.992631319673
50039079,40.778797895095,-73.981400114893
50057739,40.70582646313,-73.936759722282
50056409,40.724268706656,-73.980944243716
50039071,40.697838085229,-73.80227118763
50043102,40.721208989704,-73.854923986572
50033766,40.799860510058,-73.938705865358
50044418,40.69685299804,-73.935118602649
50045749,40.706173958251,-73.923352921733
50033780,40.69477720479,-73.994465590845
50044417,40.761461361654,-73.831155971105
50044413,40.698263429687,-73.834725110397
50039086,40.729378000854,-73.989332547374
50057731,40.759690186339,-73.804002856827
50039089,40.716502007996,-73.993101217646
50053370,40.700956321531,-73.91423096159
50039088,40.688830609797,-73.945078664792
50052040,40.740409720742,-74.00393379642
50053371,40.69610803775,-73.942347064223
50036809,40.756270400484,-73.998002089963
50057724,40.733388294191,-73.849751731141
50057725,40.632717585751,-74.027199235753
50057722,40.738419830368,-73.98201570213
50052038,40.865416555407,-73.86525078902
50045752,40.616738697172,-73.992693356124
50044420,40.799204332133,-73.951814523546
50045751,40.638796551801,-74.006028167715
50033778,40.683904000897,-73.954095293092
50036804,40.8160061901,-73.908694055948
50043118,40.615740138185,-74.012272873012
50036820,40.698880012629,-73.941145205035
50043116,40.77329960556,-73.796022089652
50044448,40.627430519572,-73.996335704174
50033794,40.77841656982,-73.776981948564
50044447,40.651221467261,-73.952452408071
50044445,40.831838861109,-73.905544375633
50018198,40.677195252904,-73.743832961795
50039095,40.575138895715,-73.981094653608
50018199,40.701425989361,-73.887769765933
50052072,40.756768343033,-73.967003334406
50018194,40.713443625944,-73.76266358902
50039098,40.627978651318,-73.997235562097
50036819,40.738860033792,-73.980105314682
50053399,40.730476243731,-74.004681503114
50033786,40.643827926088,-74.000795344293
50036813,40.62747652692,-74.076043132815
50044453,40.604387908326,-73.970928846495
50043108,40.719710262205,-73.988460815629
50045769,40.762085963151,-73.940281214815
50040079,40.635390927027,-74.181568813524
50036832,40.702402438414,-73.987724561718
50057754,40.771667804346,-73.988462848876
50018185,40.760325771569,-73.98761991251
50018186,40.693451788897,-73.998526009879
50052063,40.705520053503,-74.008047213662
50053388,40.835178816137,-73.851871729006
50057745,40.831152412145,-73.867072109508
50043110,40.779906214369,-73.950178947069
50045772,40.681555184332,-73.975718989973
50053340,40.74574848114,-73.978018266916
50016397,40.660198882718,-73.739353999431
50054674,40.763437630761,-73.828100305441
50039035,40.663680653959,-73.984170873234
50054665,40.674046857478,-73.797247476822
50055996,40.718110245292,-74.000196077087
50053336,40.575568592792,-74.119454818066
50055997,40.828866906969,-73.903177542086
50045720,40.711426876594,-73.947185747917
50033726,40.672773769458,-73.939157713882
50033727,40.69590063166,-73.933187923593
50045706,40.777808581114,-73.900107442666
50040016,40.683795927194,-73.932048427
50041343,40.684907257215,-73.771866861525
50045700,40.740893181323,-73.879625832807
50039042,40.830884712978,-73.881705366023
50016385,40.86354861606,-73.925909677825
50016380,40.75627613537,-73.919862811081
50039046,40.828039595977,-73.94918957103
50045709,40.720980729722,-73.996194485158
50055989,40.769109337862,-73.73686759421
50053327,40.820253835614,-73.901458961229
50053323,40.89274482442,-73.855522707609
50053324,40.726461158349,-73.991847497976
50033731,40.718043328927,-74.002941594694
50033736,40.832860532001,-73.862964159746
50144575,40.8081577018,-73.948834179964
50039059,40.74345847307,-73.979688259004
50044406,40.837356368207,-73.887865002634
50039058,40.746392101119,-73.895212581966
50044405,40.701799136784,-73.943589002368
50016376,40.731050725034,-73.98889815944
50033751,40.761212991221,-73.802667356619
50044402,40.727148283673,-73.787264828435
50016378,40.729977127378,-74.00337600723
50044401,40.800139475162,-73.938328726147
50016372,40.648635085968,-73.897068580358
50016375,40.71198750013,-73.994393074512
50052034,40.584973169791,-73.951054559822
50039056,40.626227975102,-74.13355260641
50039055,40.717940591901,-73.962228961512
50053360,40.732102828989,-73.988138178451
50016370,40.726610160036,-73.90709179907
50053361,40.750101107262,-73.880395989182
50053359,40.638226759784,-73.953298665201
50033743,40.879157398849,-73.905123177362
50040052,40.685769810697,-73.793591054419
50045741,40.817577141478,-73.898461226926
50057719,40.75916642648,-73.962383034841
50045724,40.769918889533,-73.957636420855
50016365,40.788608081534,-73.943829660243
50017697,40.615001885526,-73.994258164365
50033763,40.575568592792,-74.119454818066
50016362,40.675740193179,-73.942337619117
50017694,40.739090064796,-74.001113228707
50016364,40.752887498014,-73.866087909435
50052022,40.671872831209,-73.933536520361
50045729,40.853867405497,-73.887437122298
50053350,40.717882371073,-73.99404222662
50057707,40.76492478986,-73.828023573308
50057705,40.676853278532,-73.980078905436
50053345,40.576199576089,-74.10390134623
50041372,40.718996599806,-73.944783601854
50033755,40.676499252976,-73.821800640555
50033757,40.596604931465,-73.977134931993
50057708,40.743361881213,-73.883657243975
50042647,40.733025481709,-73.998329212361
50043978,40.727888323445,-73.979245332976
50041314,40.722280631614,-73.982193041594
50042648,40.747319373329,-73.88748677929
50063588,40.638126516515,-73.976265944243
50041317,40.707632446615,-73.95049409325
50042645,40.650587202948,-74.004517731897
50063585,40.752985166405,-73.99121207999
50041310,40.716445424306,-73.992919930944
50041313,40.747917326496,-73.989063208279
50123693,40.729478696612,-73.989565727809
50018135,40.698513299573,-73.953266196228
50037290,40.838031833857,-73.863660376285
50018131,40.754798865998,-73.975632643048
50054620,40.76421665376,-73.990524162907
50055951,40.740753458309,-73.995175037887
50054623,40.852847370256,-73.842670885613
50043982,40.783968052023,-73.977813406751
50049280,40.710472038396,-73.793765557717
50054628,40.655473506427,-73.959751050572
50039006,40.614471981306,-73.994792943389
50043967,40.752371972337,-73.974384282304
50039005,40.731838109327,-73.988157869483
50041305,40.693368958788,-73.853123171969
50063597,40.632082095539,-73.952793908698
50041300,40.61338391327,-73.980554596748
50043963,40.684659440326,-73.844839294425
50042633,40.710740778745,-73.957996200062
50043964,40.713629339375,-73.754794557299
50055950,40.700188522672,-73.832712765032
50041307,40.68356336861,-74.002983320989
50050262,40.72079675406,-73.986535340824
50042638,40.627820323065,-74.023399161804
50050256,40.65847943537,-73.982154929249
50055947,40.790770114281,-73.946682999496
50049279,40.717175488309,-73.994898706616
50050258,40.592740161483,-73.977883884638
50054612,40.76184028092,-73.993773301393
50054611,40.767835494213,-73.911695843944
50043971,40.718797201135,-73.841538911772
50135692,40.691130137808,-74.019499114044
50049274,40.590429311765,-73.940037403319
50049273,40.758527981045,-73.830930587325
50042669,40.6451782599,-73.970427809711
50018116,40.878720063237,-73.865395847794
50040004,40.750189914417,-73.984885244807
50050292,40.726272198122,-73.864741272345
50018113,40.690379268243,-73.995087045378
50050291,40.687444658713,-73.959967829795
50054647,40.645529045604,-73.998814219079
50054649,40.798235181495,-73.967226365324
50033709,40.713881525572,-73.957898646203
50055979,40.638200597707,-74.079796233981
50055974,40.731244767171,-73.991946097753
50041340,40.758145092597,-73.980309634466
50040010,40.743235224306,-73.921277459465
50041341,40.807982450164,-73.948962395124
50063572,40.7014707039,-73.942328046632
50041326,40.652461803181,-73.926332995741
50039027,40.753910780365,-73.818399801127
50043987,40.717535349274,-73.958143073858
50018108,40.796246263255,-73.935316810225
50063575,40.728171415,-73.984977676288
50042652,40.782751766169,-73.97852733943
50041323,40.545124401579,-74.230896562921
50055970,40.726252612845,-73.864753768852
50055971,40.762562391394,-73.814963771371
50050283,40.691954353222,-73.73054585702
50050282,40.768206431117,-73.985417236217
50054636,40.778316899802,-73.952943456204
50053306,40.673327790882,-73.982929469126
50043992,40.619887305646,-74.032600475559
50063580,40.763041904576,-73.913331490076
50049294,40.725474610737,-74.000428880035
50049296,40.759711905951,-73.984354973314
50063581,40.73322299141,-73.989854294495
50063582,40.698444341491,-73.960675574557
50017769,40.766987703437,-73.956678185999
50016437,40.764548971547,-73.810727260659
50037376,40.709658911963,-74.008489238221
50017762,40.726584344277,-73.852337810537
50016433,40.688387183742,-73.988415569585
50050350,40.742124844337,-73.868314365463
50042727,40.716750498805,-73.950684210558
50048034,40.681782953311,-73.95849303917
50050343,40.855866015381,-73.905593597389
50050347,40.865556505264,-73.863956633882
50049363,40.659641832102,-73.917934146926
50036056,40.751202448106,-73.863292014297
50036055,40.86207788454,-73.920581608555
50042711,40.753049132774,-73.969763112412
50016423,40.880697436504,-73.883462214942
50036052,40.749888229182,-73.899114438596
50042717,40.72622304622,-73.952102986693
50036051,40.60218028937,-74.003047736224
50048023,40.609922773217,-73.913737988325
50052999,40.683333550662,-74.003439001337
50049359,40.761930814061,-73.975386083639
50050337,40.762670760895,-73.996885213903
50048028,40.700048892228,-73.902816842133
50048029,40.740753458309,-73.995175037887
50051666,40.752905776878,-73.921912219097
50050334,40.757834661895,-73.979260266935
50062351,40.839571541042,-73.921414655538
50063683,40.731298818337,-73.985791710117
50062350,40.758061358118,-73.92313730704
50063681,40.522851233559,-74.23930424133
50017744,40.807979545767,-73.949137576879
50036069,40.8642501795,-73.919179415922
50063640,40.68491668772,-73.860432574718
50016410,40.861844997429,-73.843393673181
50017742,40.677352628237,-73.826293296029
50042740,40.63270926933,-73.972868919219
50041411,40.766474745628,-73.789789349131
50036060,40.712268842691,-73.826259546055
50036062,40.723468588491,-73.983122897058
50037396,40.682034582061,-73.937778962754
50036065,40.609047082883,-73.970387052825
50050371,40.717372480644,-73.960460125654
50036064,40.706937025791,-74.003611388951
50050370,40.695373302919,-73.940583868185
50050369,40.844098732064,-73.914308598115
50049382,40.763863048465,-73.958961011382
50063654,40.754786349688,-73.916684790112
50017733,40.750484366221,-73.876758842641
50017734,40.733398847559,-74.003841411016
50036071,40.800264958565,-73.951053761464
50036074,40.712823753761,-73.958564141305
50050362,40.674850662751,-73.953481184489
50036075,40.674386412911,-73.9503953204
50048048,40.717369758865,-74.003510577119
50049378,40.651134275061,-74.003811028142
50050352,40.715527794325,-73.998635561649
50050356,40.708756955158,-73.805070337671
50054710,40.852068638708,-73.931636047527
50049373,40.824870042886,-73.947785408831
50048043,40.809545859919,-73.922482562065
50036000,40.625689664755,-74.143117960885
50040984,40.88431907392,-73.849311057959
50036003,40.742780644091,-73.982449337735
50037331,40.751409785985,-73.859199081273
50060596,40.832540897174,-73.827743682362
50036002,40.715548638789,-73.993833857728
50016475,40.758359136701,-73.83410635558
50036007,40.713149299,-73.781495166429
50038666,40.737062187433,-73.880283620881
50016471,40.634278793506,-74.119771881541
50016474,40.758359136701,-73.83410635558
50016473,40.756691745499,-73.964908536624
50058278,40.709699327997,-73.830181122792
50058275,40.716485364614,-73.964294222329
50049326,40.805852936878,-73.954235976136
50049328,40.790407046589,-73.946145155338
50049327,40.577378427233,-73.952906260062
50052962,40.719538484953,-73.989588038623
50037329,40.750090936327,-73.880491644218
50049320,40.707508657443,-73.933419798886
50046295,40.734190166142,-73.871739749001
50037343,40.7276926933,-73.979389752048
50038674,40.699094989989,-73.793179608789
50017797,40.601293198727,-74.001440337597
50063635,40.612319722027,-74.000853535056
50017798,40.532053263725,-74.191738434359
50017795,40.75916642648,-73.962383034841
50037346,40.75268940616,-73.993012808761
50063634,40.68044470942,-73.977811858962
50016460,40.744361182372,-73.9964252153
50017794,40.604599045993,-73.96917992356
50017792,40.714797031289,-73.991351220439
50049309,40.679044324478,-73.968284080184
50058267,40.731208862429,-74.004095087743
50059598,40.702055504716,-73.906540607537
50038672,40.747489944028,-73.973989585652
50040977,40.676300390158,-73.741203429067
50058266,40.785325974294,-73.972934249286
50049315,40.633637655244,-74.011393150406
50051622,40.759698619532,-73.829377544625
50051626,40.848343935986,-73.930807011869
50016458,40.758596930638,-73.833140609157
50036025,40.876872109394,-73.864637492792
50121210,40.741339893999,-73.733317233506
50016459,40.750807422345,-73.870317455208
50038685,40.801247959667,-73.96149516452
50058290,40.74486254221,-73.993630493158
50135819,40.722779601907,-73.989677494271
50016455,40.761227207979,-73.832162112993
50016450,40.850875475567,-73.938381535662
50016452,40.693334460852,-73.966338320936
50052990,40.650343130611,-73.958433624142
50016451,40.763041904576,-73.913331490076
50017781,40.742352096265,-73.721839969428
50051660,40.714008768944,-73.951486566673
50048012,40.76525110719,-73.918028134404
50049344,40.746855175212,-73.863805292145
50050322,40.68531833154,-73.872864338768
50052984,40.705970338013,-74.007203310678
50049340,40.680496697917,-73.940372919087
50052989,40.759230736819,-73.968362481141
50040996,40.764189863733,-73.771205609458
50058284,40.826848086862,-73.891375456217
50016449,40.745248465905,-73.921853524068
50036036,40.735717508969,-73.987159266838
50058283,40.742392745426,-73.872285562283
50016448,40.623475239739,-74.025172475233
50017774,40.71284704445,-73.78324805414
50063617,40.624871634479,-73.984516258577
50049329,40.638137365798,-74.087492441968
50052980,40.744674043492,-73.952440138535
50038691,40.755085024031,-73.988527616798
50036031,40.655051442795,-73.939526709993
50052974,40.664127088494,-73.931482008438
50049335,40.637859312364,-74.010777723046
50051647,40.677217653281,-73.896768316114
50049330,40.701962508685,-73.892536838965
50035593,40.802510472048,-73.956675177056
50060551,40.573583303364,-74.117586481489
50034267,40.733801245883,-73.869994457164
50034266,40.714413810589,-73.961429013784
50039955,40.771878256969,-73.955524140711
50034269,40.754269314788,-73.98497181916
50039953,40.676703726629,-73.941584636199
50059568,40.765659789896,-73.918893870899
50058232,40.710112535299,-73.94864241079
50046254,40.728763920643,-73.999298184261
50047585,40.675197741994,-73.97487627878
50046259,40.858285012102,-73.885077397839
50052929,40.759730131137,-73.991843195085
50047581,40.760931825529,-73.832959059503
50037300,40.758106459047,-73.917297420676
50055192,40.596000434577,-73.98155588843
50037301,40.861235152636,-73.925908574758
50039961,40.74476452008,-73.997384776402
50058224,40.723284205785,-74.003191597943
50059555,40.635058315164,-73.961177799725
50034271,40.750550000328,-73.976785629782
50046242,40.638770730707,-74.016806631387
50047574,40.738529851145,-73.999786824947
50046247,40.714229424012,-73.960784676114
50047578,40.705908876211,-73.831156663322
50038628,40.660732583532,-73.920823733922
50052916,40.76264095918,-73.832903617956
50038626,40.729575967312,-74.000935952925
50052915,40.701764731719,-73.882327777882
50037311,40.757601652258,-73.860881949762
50059583,40.696187903824,-73.933960275175
50058251,40.710234440688,-73.899379407125
50059582,40.684556356531,-73.978912063226
50038641,40.704730695422,-73.938008882513
50037316,40.662121566509,-73.953618567863
50037313,40.864448438883,-73.926655136757
50058259,40.820359221265,-73.954798310536
50034282,40.830676026184,-73.874776519942
50040968,40.701056735241,-73.825510934461
50049302,40.743064464661,-73.996309267045
50046277,40.578975936322,-73.98432458938
50046279,40.85225945494,-73.904075028573
50038639,40.737483423906,-73.997288544582
50037306,40.900389262712,-73.861853428661
50038638,40.674373080857,-73.950152153173
50034295,40.644829909783,-74.10091825401
50037321,40.640134239465,-73.955177611353
50040953,40.76210612828,-73.993579380908
50058246,40.849297784183,-73.936569705228
50058243,40.636238517332,-74.027457352588
50040957,40.636128643344,-74.012579034197
50059573,40.831186250797,-73.921413921913
50047594,40.687184649507,-73.944753137568
50052933,40.749404478544,-73.977447679105
50047599,40.714033221602,-73.996873968084
50051605,40.574709077622,-73.981165572188
50047590,40.679233671281,-73.949697827448
50052936,40.709211938824,-73.775884212997
50017725,40.734190166142,-73.871739749001
50056490,40.718134746142,-73.986296868437
50039912,40.763373927375,-73.815179027349
50036885,40.769156847604,-73.92608420983
50046208,40.763385887203,-73.828074680488
50047539,40.75624636647,-73.921128041465
50055168,40.713591377564,-74.008904027031
50056493,40.746046268359,-73.988771640332
50046211,40.795601496851,-73.971185059014
50046213,40.638796551801,-74.006028167715
50046214,40.730217129099,-73.863390017248
50047545,40.514404580469,-74.235742320183
50034216,40.772643600545,-73.932302668762
50035547,40.612519725154,-74.129228343233
50034215,40.60447299922,-73.979960490264
50036877,40.617523822553,-73.963874415309
50017715,40.703694053372,-73.903770450174
50036893,40.744696038259,-73.953522265028
50055150,40.726966042679,-73.787819527619
50034234,40.685545770952,-73.77288967303
50060521,40.756889319838,-73.969560438508
50036898,40.730090929649,-74.000321723088
50034236,40.692376812355,-73.914998190053
50055155,40.752132966381,-74.001004170515
50048858,40.754431336357,-73.930218380147
50055157,40.629209658816,-74.028633371746
50060526,40.624830172396,-73.964071743154
50059510,40.746829058058,-73.996055818611
50060529,40.637361829706,-74.010962904563
50048861,40.891207569219,-73.858507452907
50055149,40.788926500834,-73.940662776596
50059504,40.640078425676,-73.983175912199
50017708,40.863275254329,-73.829137368667
50043176,40.834136833055,-73.944908763144
50043177,40.703832907002,-73.796380074587
50017704,40.832062041594,-73.929951179395
50039918,40.594255464114,-73.940772680272
50093418,40.819595178619,-73.944201232112
50017700,40.897277445294,-73.855147197726
50034243,40.647624260084,-73.915354535348
50040921,40.758426359369,-73.829660951382
50038602,40.75943278782,-73.773012615984
50046227,40.709208280996,-73.955382859763
50046229,40.88668349195,-73.861171773631
50040924,40.578927385679,-73.959785024907
50046231,40.865825363308,-73.86742092821
50046235,40.723944030689,-74.003322925653
50047568,40.799581740676,-73.962533469337
50052906,40.841052488473,-73.842839742811
50047560,40.749683706129,-73.991665811753
50052904,40.605119091742,-73.997628184244
50035583,40.758359136701,-73.83410635558
50038610,40.816214569411,-73.917933167378
50034258,40.724682742148,-73.951227301395
50055178,40.852594679515,-73.827978869791
50060503,40.746936100272,-73.984829234823
50058203,40.61793510642,-73.963952933264
50046219,40.667620500437,-73.987686232322
50055174,40.670657541397,-73.931265459575
50058200,40.679362231294,-73.753712006213
50035581,40.844051983014,-73.888510338423
50046222,40.576910673088,-73.981851228057
50047553,40.760064489895,-73.828387444707
50047555,40.728914225629,-74.005339059691
50043199,40.837483948303,-73.920532885647
50038609,40.624822500801,-74.1363456264
50043259,40.65281326214,-73.88107414742
50056576,40.715450472356,-74.011236177882
50047614,40.681843988418,-73.878753566199
50018297,40.613069301606,-74.123663605404
50018295,40.748893895473,-73.939704183967
50018292,40.762082632312,-73.815594008855
50047621,40.815255755585,-73.90012271959
50055238,40.761360773819,-73.831104779304
50032599,40.719008809487,-73.955281387152
50043267,40.704435240781,-74.01148907099
50044597,40.883156110012,-73.862955819118
50035626,40.789533773565,-73.943145119551
50036958,40.705335671516,-73.922817201934
50036970,40.699488693387,-73.834361022227
50036974,40.540569729989,-74.147562130381
50034313,40.677781564853,-73.881789142638
50018289,40.758589045503,-73.831120041065
50055235,40.841191227171,-73.937765746395
50060604,40.624187084411,-74.08108195444
50018284,40.729340325568,-73.900304515484
50047607,40.643619789821,-74.008183455292
50056562,40.798610828752,-73.939332956144
50057893,40.825318293242,-73.890507123043
50057890,40.720765700739,-73.846263314716
50018283,40.588165118735,-74.102815326342
50018280,40.709172801666,-73.957941256908
50018281,40.756303388212,-73.971742785227
50047612,40.711567310674,-73.945294181599
50043256,40.675404127931,-73.812422637836
50043254,40.749683706129,-73.991665811753
50044580,40.613139250956,-73.982331035412
50035650,40.729059350475,-74.00438880007
50034322,40.743591696669,-73.958301248035
50035652,40.754839710256,-73.995159502781
50018279,40.559106323831,-74.132249270677
50036983,40.575461262287,-73.98115931582
50047635,40.686250131982,-73.929648213768
50056596,40.641973403895,-73.979210277824
50048970,40.681159513544,-73.955497800282
50018270,40.711104057435,-73.948957609605
50048976,40.879157398849,-73.905123177362
50059614,40.619887305646,-74.032600475559
50035646,40.600000228928,-73.990519750039
50035648,40.754477422775,-73.995421714774
50043286,40.761540664039,-73.916820161055
50035647,40.687262104442,-73.944768247695
50043284,40.762670760895,-73.996885213903
50035649,40.669076603459,-73.897609402633
50018266,40.820242047599,-73.817859579118
50047624,40.672206545934,-73.976966547721
50056585,40.706863982675,-74.007082772419
50056584,40.546400861789,-74.229273779683
50055253,40.76168375057,-73.990346189497
50048961,40.875420061932,-73.887473179678
50048963,40.742838390253,-73.982407139669
50059606,40.633535410594,-74.013918934122
50047633,40.718931714078,-73.999130001209
50048965,40.715554569477,-73.991632320005
50043278,40.744704386102,-73.987195242842
50044548,40.714128498812,-73.954111872462
50033893,40.824598093064,-73.910155245514
50052175,40.757181310505,-73.90785406709
50048903,40.749908170354,-73.882206177749
50039199,40.763369415882,-73.928186974644
50039198,40.834439371724,-73.829135883893
50048906,40.729651989918,-73.889621573806
50040196,40.783878747795,-73.974160877851
50044552,40.577980942148,-73.976293868108
50033889,40.862644361097,-73.895503867541
50045881,40.774314484972,-73.951158162365
50044538,40.712427761807,-73.895240323197
50045869,40.763125991808,-73.993009416629
50040178,40.739341506669,-74.006778751305
50044535,40.732978894745,-73.986284289394
50052163,40.751709267167,-73.86355598659
50057853,40.800531576269,-73.942430618894
50052165,40.765290532387,-73.817036598841
50057850,40.715895676111,-73.993040578415
50052161,40.640052449368,-73.905864781892
50044542,40.749673189503,-73.991673511998
50044541,40.744659459696,-73.987400758872
50045872,40.645623906585,-73.994690508126
50040183,40.699941052654,-73.948196934207
50032580,40.677602851073,-73.979565344804
50036942,40.781538001373,-73.845872460303
50044568,40.75042931873,-73.940525302484
50043235,40.778229166695,-73.987475286796
50044566,40.560633748485,-74.134946817648
50045897,40.825234151983,-73.943970382164
50052194,40.760909259253,-73.824464201969
50056546,40.760145400721,-73.963387382351
50044576,40.718991945955,-73.961185110616
50044575,40.753115662023,-73.872464786707
50032578,40.7112852108,-74.014896100013
50035606,40.740663729333,-73.879520174327
50043241,40.816424210146,-73.946516091701
50032593,40.707488399147,-73.802737955511
50043229,40.772527622479,-73.955558672347
50044558,40.638966112207,-74.009435925724
50052185,40.528039045209,-74.235347086844
50052186,40.730091990838,-73.954742919826
50057875,40.626600566288,-74.075713495192
50055213,40.661310942494,-73.915486809878
50057872,40.747009583759,-73.985514156163
50057873,40.670907812242,-73.984947130031
50055209,40.728441844764,-73.987464037475
50057868,40.735736033228,-73.934460968008
50036945,40.627773644513,-74.023260167481
50032589,40.761389285208,-73.990559425231
50043231,40.638121453345,-73.994634684423
50035614,40.625654815006,-73.927670530227
50036944,40.776202959704,-73.979820843276
50044562,40.562631644217,-74.191122784655
50045890,40.720877922459,-73.988029994927
50045837,40.651100568604,-73.955956475575
50044505,40.637059174102,-74.159650556608
50045835,40.825114205372,-73.859264926504
50102839,40.704519064336,-73.62423099438
50018216,40.799662986705,-73.940188820388
50053462,40.594255464114,-73.940772680272
50054794,40.763506104547,-73.807172674821
50039153,40.726140097258,-73.79071636796
50045839,40.733801245883,-73.869994457164
50033849,40.704298898534,-73.929977870979
50053459,40.758556108594,-73.988739442445
50054789,40.740409720742,-74.00393379642
50052123,40.763034629332,-73.832602391015
50053457,40.747449283616,-73.996834305035
50044510,40.650970301162,-73.949664755633
50033844,40.73322299141,-73.989854294495
50033847,40.694108567764,-73.983228981855
50033848,40.718947135622,-73.989014070486
50040137,40.680288754459,-73.967839761785
50018204,40.780621587902,-73.946728789001
50042798,40.659679175854,-73.773603809191
50018202,40.636548762093,-74.008556768123
50053450,40.771178139248,-73.801494992089
50054782,40.793839247274,-73.940004090054
50018201,40.74585102795,-73.976200798701
50053443,40.588281659004,-73.9837359694
50057801,40.717797679841,-74.000219603172
50033852,40.837708361779,-73.887622007973
50041471,40.869908150663,-73.890424969192
50057809,40.638966112207,-74.009435925724
50057807,40.657152898883,-74.007717301567
50044528,40.647196789244,-73.997476808008
50044527,40.70546621104,-74.007941121562
50061069,40.883710728685,-73.897749884369
50061068,40.743692475413,-73.718385939556
50044525,40.824077543406,-73.819998839966
50045856,40.717603822113,-74.010581488818
50041497,40.637759705086,-74.079604171963
50033872,40.745880840374,-73.912605956386
50039173,40.812638005596,-73.906477848294
50016495,40.808675242922,-73.923112130434
50052155,40.740409720742,-74.00393379642
50053480,40.604599045993,-73.96917992356
50039176,40.751128198599,-73.997845811352
50057838,40.63830950078,-74.078929743594
50056508,40.738757503763,-73.792869621031
50057836,40.658711999743,-74.003489047516
50078732,40.828422136969,-73.937752377599
50057832,40.836441185248,-73.940090056152
50033867,40.884586695858,-73.862330471352
50061078,40.816698499,-73.902774814379
50044517,40.613128764058,-74.122638019192
50045848,40.64600020835,-74.010410278139
50061077,40.753582575508,-73.90473206771
50044516,40.85447667088,-73.868292386596
50044514,40.760886226544,-73.833091728035
50045845,40.727873566483,-74.001682961451
50057830,40.640778396007,-74.004783837622
50053473,40.855379824027,-73.887357681319
50052139,40.71513491004,-73.991686851779
50052136,40.880891449824,-73.908654823271
50052137,40.67921483586,-73.987233045464
50053468,40.708124287989,-74.017697667977
50061080,40.69105132225,-73.838135993699
50033878,40.747531280526,-73.982521081104
50036906,40.847588405261,-73.867054227188
50036088,40.687462634578,-73.962545803929
50018259,40.736803872786,-73.987608991686
50062379,40.736480977279,-73.994592537231
50042763,40.744032106976,-73.865747700847
50018254,40.611625533988,-74.158356175722
50036082,40.680297107957,-73.844249914598
50050395,40.740390996298,-74.00388917133
50033808,40.732489724452,-73.987567796547
50053413,40.737267795725,-73.979692990769
50048070,40.814902537785,-73.944082219195
50048072,40.748819217399,-73.89257610654
50048073,40.763156760406,-73.830339128486
50125521,40.815328455051,-73.943596107647
50053418,40.714606718365,-73.944207391145
50042757,40.774710626362,-73.908800673791
50062386,40.645159427986,-73.95795216179
50039124,40.604954899686,-73.978740166001
50018247,40.632444033406,-73.933981256295
50039128,40.598809839503,-73.937352033083
50122470,40.807587091262,-73.949424965891
50036094,40.776650462719,-73.957748525491
50054740,40.684444434784,-73.831732444359
50018243,40.779224273039,-73.955696611578
50049399,40.752450129233,-73.984496048421
50033817,40.709254982377,-74.005970985969
50048069,40.615869346821,-74.031211194047
50053400,40.700732419263,-73.988057769585
50053402,40.874515480355,-73.91063860914
50054732,40.740713000497,-73.879367509676
50053407,40.645847953127,-74.086049632726
50061062,40.707187160506,-73.752048420619
50061064,40.635930790041,-73.962344258365
50040127,40.655021316065,-73.83875924588
50039135,40.741024915148,-73.98229738921
50040128,40.760622369063,-73.828466519226
50045813,40.640744360298,-73.948417995557
50018237,40.689555222289,-73.982432165893
50062359,40.727132781587,-73.988054268925
50042787,40.719123906441,-73.997476110097
50045811,40.763054708719,-73.913358808636
50088988,40.822718189713,-73.941917601603
50018236,40.8834027951,-73.898367176353
50042785,40.744213742297,-73.918564676768
50018233,40.769624767908,-73.988271533323
50054771,40.689608704298,-73.906348790974
50054770,40.730429542354,-74.002337271961
50054773,40.618976819736,-73.990242384922
50045818,40.690067783178,-73.825782032257
50052101,40.619044381839,-74.028224808362
50052103,40.719875779908,-73.990250567248
50054766,40.830618690751,-73.947306452149
50130096,40.8081577018,-73.948834179964
50041461,40.764974758454,-73.771791799706
50105933,40.89843006563,-73.854402875939
50033822,40.7347507254,-73.873768142342
50052109,40.601059261799,-74.09273770132
50033824,40.685348522835,-73.980600133002
50041446,40.605201641706,-73.980918920492
50063698,40.715444410784,-73.993490974447
50041448,40.765612191954,-73.919204166982
50042778,40.854235769116,-73.888618468029
50018225,40.71763570598,-73.959010449873
50033840,40.707706099565,-73.932089894425
50045809,40.697144914353,-73.906689484986
50053425,40.717428690468,-73.739584144766
50050396,40.741899551991,-74.004767857914
50053424,40.625305048295,-73.960782798127
50040120,40.695704830191,-73.983298408594
50042781,40.740113996128,-74.001395712239
50061042,40.7213301188,-73.997879383357
50037497,40.704567494739,-73.799747233029
50062459,40.681078507074,-73.974301696589
50061128,40.727196150117,-73.984505444187
50062456,40.746171391232,-73.914089447024
50017881,40.662263295569,-73.892282437364
50037491,40.659263811582,-73.898727043641
50049486,40.891128685789,-73.850358924476
50050464,40.709116583411,-74.013959966409
50075767,40.574457563978,-73.969239842774
50051799,40.763307388915,-73.972809338789
50051798,40.694163990955,-73.926652609804
50054821,40.822770721279,-73.836483047769
50105272,40.804890200568,-73.954937887331
50062461,40.693123561553,-73.999644016619
50061131,40.745415449388,-73.907281147882
50017878,40.596453953782,-73.754228465135
50017879,40.73701784374,-74.003829169309
50017876,40.723675960703,-73.98807490265
50062463,40.674314353198,-73.870767492376
50017877,40.638287991246,-73.997899909206
50039201,40.633111872327,-74.011939094834
50061136,40.725225508776,-73.983526670467
50016544,40.677249776307,-73.979808710553
50017870,40.833424146776,-73.879969038792
50017871,40.623364943499,-74.028041102521
50039200,40.739905477951,-73.984369799186
50042838,40.747195182154,-73.891371298983
50042836,40.73146256835,-74.003951778995
50036174,40.699975748607,-73.924567102196
50042837,40.753006128509,-73.827111153387
50050459,40.855663715541,-73.895877498536
50049472,40.66501133884,-73.953816111842
50016535,40.777193055291,-73.955257745551
50036188,40.77094715842,-73.980947071
50016534,40.751463206706,-73.835544213872
50017868,40.739341506669,-74.006778751305
50039214,40.7569842422,-73.974038894808
50017866,40.739341506669,-74.006778751305
50042866,40.751369861603,-73.987729093914
50017863,40.854719737039,-73.929868522763
50039218,40.7569842422,-73.974038894808
50061103,40.763655133345,-73.807991370665
50017861,40.74951511573,-73.885971494031
50039217,40.7569842422,-73.974038894808
50039216,40.7569842422,-73.974038894808
50017860,40.715985168674,-73.992225548973
50062439,40.682058537628,-73.949988835069
50039211,40.727561320651,-73.958812484357
50016528,40.629384586379,-74.122953057059
50033900,40.635455216767,-74.010938302102
50017856,40.742161471611,-73.982899887609
50061111,40.804954170408,-73.954891137395
50041523,40.779086053267,-73.950945831142
50062444,40.797419699733,-73.948920550175
50017854,40.683617315639,-73.926285990662
50041526,40.748909750916,-73.75653135757
50062441,40.739131976217,-73.987689228922
50041525,40.771590979331,-73.926536527367
50061112,40.638255883608,-74.078304516307
50062442,40.742434809901,-73.873276410775
50041522,40.839114411763,-73.914372020139
50017851,40.760558703107,-73.966323441694
50061116,40.711754986236,-73.962952916603
50036192,40.83613977886,-73.853761015111
50041527,40.761558111298,-73.931408095582
50054833,40.715789563125,-73.997366920794
50033917,40.757092970835,-73.870235467386
50053500,40.740409720742,-74.00393379642
50053501,40.72294275988,-73.993121952029
50033910,40.659218465796,-73.770632672114
50053506,40.744189153417,-73.981421625545
50054837,40.768585836213,-73.92486158662
50017848,40.715881000666,-73.99043247658
50054839,40.734210228446,-73.990970144888
50036122,40.68714212696,-73.938944196639
50037454,40.775814524223,-73.910129727021
50038785,40.694436216616,-73.849186366515
50057063,40.711406948032,-73.957745655245
50037455,40.702197162733,-73.942433222025
50037452,40.729730131475,-73.998836490649
50016596,40.733372208213,-73.736872040802
50036128,40.68958711918,-73.796487803417
50016593,40.758596930638,-73.833140609157
50033092,40.748215605601,-73.877854032731
50037450,40.663805054721,-73.984245888757
50037451,40.702651898099,-73.913271887203
50042806,40.880738900518,-73.908382731481
50051752,40.664847170533,-73.734876636512
50051750,40.570876483185,-74.110651093313
50049449,40.67720984629,-73.968946171147
50036118,40.739839262235,-73.815199710952
50037449,40.714966297761,-73.807541374386
50045088,40.832338491914,-73.858542886974
50048110,40.64805098091,-73.998468419843
50057050,40.867320482445,-73.867368988831
50016588,40.674711210946,-73.975929145559
50016582,40.663827736288,-73.990958538908
50062429,40.719600601128,-73.98698025987
50038793,40.756589522473,-73.990173284303
50038790,40.63677263395,-73.999937163342
50045074,40.758331387899,-73.962822163594
50036146,40.727828808045,-74.001592616473
50037474,40.78122925887,-73.954234222606
50060695,40.705268546938,-73.795552111421
50101722,40.822232153437,-73.938556332233
50051781,40.662408147937,-73.931442711168
50051774,40.705704644568,-73.912460964579
50054802,40.705601984633,-74.007800436892
50051777,40.67967952094,-73.941307986243
50054808,40.780320999284,-73.946775125181
50050448,40.61338391327,-73.980554596748
50016567,40.633420120106,-74.027069384553
50036154,40.757796403538,-73.967834542773
50017897,40.660533786833,-73.939709276876
50062407,40.737369285204,-73.877231884525
50017893,40.759066887202,-73.834097026973
50042814,40.651289953888,-73.940886677298
50062409,40.628886193556,-74.074398167625
50051768,40.719770065576,-73.820540290049
50049451,40.70378996434,-73.796521103673
50059682,40.756509012464,-73.992207788025
50057020,40.716759781155,-73.99460465178
50059681,40.727446286857,-73.731383250846
50033054,40.673864546707,-73.922190908739
50059680,40.660179176323,-73.77405424273
50060675,40.743678265591,-73.994492147449
50063701,40.633499412273,-74.005056042012
50033059,40.826929827807,-73.946453830788
50034389,40.699328765706,-73.912791097162
50060679,40.712856930126,-73.965992315975
50057028,40.644655317789,-73.913268776553
50058357,40.716167571993,-73.998078024921
50034380,40.764155521724,-73.771187073625
50057021,40.728128155828,-73.983053518703
50057022,40.766501126606,-73.789808341115
50059683,40.704752943182,-74.014177634089
50045040,40.833314429002,-73.828459718871
50046375,40.734581026983,-73.992137819794
50051711,40.758640055255,-73.965646261039
50051710,40.75780869288,-73.916376884906
50057018,40.782702700639,-73.845958834061
50037408,40.759427947634,-73.99553218924
50051715,40.637494678643,-74.006896069281
50037405,40.764432517055,-73.975132867045
50037406,40.757826915662,-73.971480384673
50037409,40.740265916867,-73.986221796432
50034395,40.845092497686,-73.867035856357
50059670,40.720812270953,-73.994976204626
50060681,40.743064464661,-73.996309267045
50033068,40.848958891665,-73.911537008927
50038757,40.690810158094,-73.988640578969
50058348,40.715681401315,-73.832857843887
50059679,40.755190733544,-73.977185390923
50057017,40.765759672358,-73.990616834917
50058347,40.666683167484,-73.987986707487
50059678,40.794115047446,-73.972269240317
50059677,40.86500145702,-73.919569671743
50059675,40.756462590112,-73.992097470956
50058343,40.684499706282,-73.93244121388
50033061,40.740875431766,-73.985776202378
50057011,40.766568506975,-73.906128140144
50045030,40.764957015789,-73.987785621767
50046364,40.71966613695,-73.733198607765
50051700,40.806221457878,-73.941643038814
50046368,40.676548756389,-73.90068968733
50047699,40.842187643133,-73.884725446263
50057007,40.759693740288,-73.988085694039
50058339,40.701748689051,-73.808702125956
50046369,40.710356949201,-74.007877738974
50120802,40.806428311166,-73.953815784972
50045033,40.66229021176,-73.926862155311
50045031,40.75397546363,-73.982217064859
50033074,40.74497352176,-73.982791522267
50037432,40.682570686067,-73.876200727459
50033078,40.715127797061,-74.006728372077
50033079,40.873247744897,-73.889108691667
50049419,40.75632931194,-73.969864684243
50038760,40.713626673277,-73.82953001878
50046397,40.73136283216,-73.957762183492
50046398,40.684288039804,-73.929255835277
50037429,40.725969471672,-73.949929419074
50050405,40.732200332517,-73.866841092757
50037428,40.737878026564,-74.004560209005
50036111,40.574876673866,-73.981738584559
50037444,40.839102176204,-73.941110193105
50058361,40.685910434722,-73.865055546068
50037442,40.801210592268,-73.967820189039
50059690,40.757451505486,-73.829184298594
50037447,40.795061991434,-73.944875442256
50060663,40.748909750916,-73.75653135757
50038776,40.673340575498,-73.790557601303
50057038,40.567009094978,-73.886450619832
50058368,40.726686383325,-73.853685536264
50033080,40.708124287989,-74.017697667977
50058367,40.657242291593,-74.007622796032
50059697,40.612617341336,-74.159010577055
50033084,40.719052450073,-73.984769383768
50045052,40.754811753506,-73.995828615514
50046384,40.740695537317,-73.987718651479
50046385,40.694398186378,-73.802012938256
50046387,40.774771333618,-73.908886853595
50051722,40.756464522574,-73.99786073075
50051720,40.758596930638,-73.833140609157
50140411,40.72753683675,-73.424109961749
50046381,40.681924881214,-73.908607107109
50017843,40.780245105443,-73.980353576835
50017844,40.587382831068,-73.955248212965
50033011,40.673702229646,-73.982616263452
50033015,40.714259583743,-74.003682841545
50048989,40.577680748046,-73.961388984813
50059643,40.606577824491,-73.964499080109
50047663,40.604599545188,-73.9691794388
50048996,40.692590490364,-73.927361325363
50059638,40.826840430172,-73.822511169193
50059637,40.684269687607,-73.93837383569
50059636,40.681148929766,-73.97542820771
50034350,40.62623090516,-74.030008463859
50035681,40.788517893221,-73.948912023067
50016503,40.814497587651,-73.948094236218
50034354,40.733021243843,-73.99123253033
50016500,40.853655142397,-73.889140399766
50033025,40.711575911622,-73.964402603756
50093549,40.818521163028,-73.944983739339
50055277,40.762111564332,-73.82898893049
50048977,40.811635957536,-73.957622891709
50055276,40.717245088316,-74.000481135603
50059633,40.719155607724,-73.945388742991
50046318,40.620621622769,-73.927132467507
50046319,40.61127499079,-74.009415342852
50043290,40.7569842422,-73.974038894808
50059628,40.604369020439,-73.97432592403
50059625,40.725964748462,-74.00826461108
50033016,40.745229320033,-74.00216218958
50017829,40.758480477904,-73.831438420107
50033018,40.705928825162,-73.793513677144
50043297,40.635994547993,-74.008940406867
50035692,40.764059901466,-73.808896573027
50017821,40.836967465073,-73.886719266092
50045018,40.718732503501,-74.000349722061
50045017,40.741899551991,-74.004767857914
50046349,40.761960782178,-73.918593496183
50059667,40.721608823417,-73.997269367697
50060617,40.685596911706,-73.98123804788
50057002,40.758757228508,-73.985375386498
50058332,40.759417598788,-73.970317884955
50060616,40.745508806069,-73.986780606912
50035691,40.746751623388,-73.985703831354
50046354,40.763395113226,-73.928240414136
50047685,40.857136937985,-73.904721336374
50046355,40.754114774992,-73.968812681659
50046356,40.732996186402,-74.007051757043
50046357,40.774944373865,-73.956900701949
50047688,40.712426429548,-73.956086118578
50045026,40.672877178617,-73.983125268671
50045023,40.67893513909,-73.923877382983
50068583,40.822565128998,-73.938312615986
50017817,40.742276723071,-73.98281609816
50046350,40.860154924882,-73.891847101816
50017812,40.758507883924,-73.992662462232
50055291,40.676036326395,-73.740403223959
50037400,40.859663693017,-73.864797488461
50038731,40.709366253075,-73.869508695146
50055290,40.71684497819,-73.998035225909
50055293,40.754558709966,-73.922501400955
50033044,40.753451490168,-73.992630743431
50034374,40.790546694808,-73.946469904655
50055292,40.664907174077,-73.950901568915
50033046,40.759698619532,-73.829377544625
50037402,40.684254582225,-73.845828617168
50060621,40.759815435589,-73.996077430737
50055298,40.768841034874,-73.827480444649
50055295,40.865388144413,-73.836623234059
50058322,40.628999048825,-74.011557291052
50060627,40.730021624843,-73.778424864487
50055297,40.815481568086,-73.903389413844
50058318,40.866896217006,-73.920784751941
50046346,40.705931648089,-73.831237087019
50047677,40.657357104611,-73.950350639126
50017809,40.726570051551,-73.989060888358
50045016,40.725250122091,-74.003514139754
50017808,40.7637964369,-73.985093312503
50045012,40.800237359341,-73.94264450943
50056690,40.7665324885,-73.912933612619
50035750,40.692634854917,-73.939885030302
50042048,40.749245091153,-73.99569496291
50046406,40.721655601145,-73.984635647706
50059720,40.73292896405,-73.958017632413
50017085,40.642178242192,-74.002700651966
50056694,40.780320999284,-73.946775125181
50017081,40.833058245992,-73.851383868091
50017082,40.691698598738,-73.936710224385
50059718,40.659902350063,-73.998704060206
50054027,40.740265916867,-73.986221796432
50047744,40.82874672103,-73.824508930715
50056689,40.601073228313,-74.176575903979
50059713,40.725419847739,-73.983676493584
50034416,40.768425421176,-73.98219370522
50035747,40.696894972249,-73.761919863582
50042055,40.588281659004,-73.9837359694
50043386,40.681694998118,-73.958499918488
50043382,40.756388637324,-73.980030862399
50034432,40.759612309133,-73.832225805137
50035763,40.602612149639,-73.995058285834
50043369,40.800231176342,-73.965775198911
50035762,40.724890052868,-73.850181488088
50042039,40.517462744408,-74.234350206257
50044699,40.729594271478,-73.987032693876
50033103,40.763933048735,-73.809900062334
50043368,40.889753613402,-73.898318806873
50044698,40.735850870878,-73.982476203964
50056686,40.759303826463,-73.830090221933
50017079,40.860802126304,-73.920184428729
50059711,40.736606853169,-74.001185722736
50017076,40.784114243666,-73.845735949523
50055356,40.757451505486,-73.829184298594
50056684,40.76494792444,-73.812665228701
50017074,40.670734497401,-73.904069811682
50056683,40.761946431056,-73.801774147251
50017071,40.779656445541,-73.950360729219
50059707,40.751109709261,-73.863406330345
50034425,40.674383523541,-73.921991001968
50035755,40.784794654258,-73.84585875849
50034426,40.744455597333,-73.996338056795
50043372,40.75010292718,-73.854993456442
50033110,40.646935434069,-73.996862867557
50033111,40.681488827325,-73.765180575567
50042069,40.725438690146,-73.983721165243
50046425,40.754555434139,-73.991828980253
50054056,40.660937139214,-73.953492948572
50018396,40.682686272461,-73.961213967575
50090580,40.803258962272,-73.956302262671
50018397,40.765157105673,-73.991357770219
50017063,40.761912988337,-73.910925228185
50017064,40.64319056591,-74.001456794137
50059740,40.726583933179,-73.999341975736
50017061,40.61285232044,-74.126552262226
50017062,40.881051499219,-73.883054197968
50055384,40.842552400987,-73.915942804366
50017060,40.715787387216,-73.998312368766
50047765,40.598767801339,-73.820629717956
50033104,40.844060856634,-73.942563937313
50042078,40.668364666535,-73.950564751799
50034437,40.646638543538,-73.997870575242
50033109,40.816835593715,-73.953656077998
50042075,40.766724577864,-73.726545642402
50042072,40.75104625794,-73.971403360458
50035781,40.633714546998,-74.011313386559
50035783,40.796616113027,-73.937015508538
50035787,40.753780920559,-73.984966247604
50042058,40.7625414728,-73.989722271374
50035786,40.672169693563,-73.950208823312
50018387,40.741980175154,-73.997101234287
50018386,40.866972754072,-73.897877734702
50060705,40.671872831209,-73.933536520361
50055371,40.684535957102,-73.991864639953
50018382,40.701822839738,-73.936866406291
50060708,40.627900296498,-74.023208296805
50059729,40.755901501612,-73.980811793955
50054037,40.711022461065,-73.951797551113
50059725,40.632842166643,-74.005046902937
50054039,40.612506554246,-74.129552712373
50089590,40.609954765363,-73.922388467248
50033115,40.610152500093,-73.985368240555
50035778,40.715514597914,-73.993236699646
50103422,40.79616795818,-73.963379163
50035777,40.762670760895,-73.996885213903
50038805,40.655185657612,-73.88799991722
50033117,40.756951874907,-73.907158538926
50043396,40.663855479184,-73.924442556333
50035779,40.704383342787,-73.910472624064
50043397,40.889387110488,-73.8987343266
50042061,40.760429590405,-73.991087853985
50043337,40.727156328605,-73.985543721228
50032685,40.842031214951,-73.924541402459
50042004,40.816347997641,-73.946571434289
50044665,40.752501938777,-73.870356967904
50052295,40.632606462744,-73.947589875127
50055320,40.730608353935,-73.992302514684
50035709,40.706937025791,-74.003611388951
50052289,40.71373587545,-73.993375095122
50057978,40.749683706129,-73.991665811753
50044674,40.727056256542,-73.987872170754
50032678,40.72085201854,-73.998285221667
50032679,40.732667011973,-73.993958668128
50035707,40.754427055961,-73.965666749495
50045987,40.820585741362,-73.943651009859
50055312,40.74648751719,-73.894343072811
50055308,40.758589045503,-73.831120041065
50055303,40.723923617687,-73.99813820292
50056633,40.726743855637,-73.983119669637
50128762,40.793864991645,-73.725392183971
50032687,40.715295299282,-73.748939009191
50127434,40.680036706663,-73.967929979238
50111090,40.755438111228,-73.983594574797
50042027,40.733099028036,-73.986568152264
50043359,40.750919817455,-73.978636887368
50044688,40.699852313952,-73.908053209173
50034400,40.859954281616,-73.893229452244
50044687,40.676781533733,-73.96364833723
50056668,40.771590979331,-73.926536527367
50055335,40.714893152966,-73.913382518803
50035723,40.661534771395,-73.993130735109
50043366,40.854313458902,-73.854582300775
50035725,40.69019162459,-73.991774894314
50044695,40.683360263256,-73.992662213752
50035724,40.615103594489,-74.012934173634
50042033,40.686813804119,-73.912886693598
50043364,40.751499798301,-73.980323889348
50044694,40.636535351333,-74.008378384323
50044693,40.765215873779,-73.884356322843
50043360,40.676118201986,-73.974420214776
50043347,40.725709858469,-73.792158806356
50044677,40.67912787377,-73.887402755139
50043346,40.855507094963,-73.887336318488
50047703,40.623364943499,-74.028041102521
50017096,40.719605455894,-73.988676718293
50047706,40.754600145584,-73.923550314608
50057992,40.686813804119,-73.912886693598
50017094,40.728105484951,-73.863698286458
50057990,40.652816320512,-73.93057332685
50017092,40.740923211461,-73.879668886662
50057989,40.751027367196,-73.988488561785
50034402,40.82103487012,-73.892440334677
50043352,40.677567822697,-73.744536272682
50040269,40.875908453367,-73.850905271474
50018339,40.72664851245,-73.78879091789
50045956,40.632566919998,-73.947468731191
50045955,40.606740645571,-73.963581790462
50041596,40.755699638829,-73.990822197968
50017003,40.720300747498,-73.996490430343
50018334,40.537620173297,-74.150002402689
50045953,40.728287761349,-73.988991132746
50045952,40.671631627358,-73.957832125913
50053584,40.84514788399,-73.866770116162
50017000,40.763797696726,-73.914650420882
50032639,40.738629951204,-73.99971320913
50056607,40.624943236791,-73.96303514889
50057931,40.747322660782,-73.88745493504
50045962,40.732666197767,-73.957974662038
50033963,40.631115525889,-74.147002523774
50057939,40.732724749035,-73.985993236738
50032650,40.666328534569,-73.779466505894
50040257,40.747718476522,-73.990827374441
50018324,40.75040211575,-73.979012266406
50033983,40.714498884318,-73.991844825629
50039284,40.71408193032,-74.007625087546
50039283,40.682700256116,-73.965677800468
50053572,40.697379527767,-73.970596080349
50053573,40.633714546998,-74.011313386559
50039287,40.722788297028,-73.953925178283
50045949,40.728949632696,-73.859895527078
50053568,40.675257029402,-73.949920238166
50057922,40.591915269112,-73.96077991833
50053566,40.777903753225,-73.809257595657
50057921,40.720519419422,-73.978425903965
50041595,40.739000776752,-73.989502639432
50041594,40.749128100891,-73.870313551932
50032646,40.723145796757,-73.912427224552
50033978,40.573376430532,-73.97836557291
50122548,40.691130137808,-74.019499114044
50032648,40.677249484022,-73.957577770496
50033979,40.815399412926,-73.95813196774
50061187,40.727790508372,-73.979317542512
50033990,40.647460458771,-73.968273743149
50043314,40.727392788846,-73.982646827589
50018315,40.660851223828,-73.96139899865
50043315,40.862745752127,-73.907087663125
50032663,40.613031679678,-73.996438287374
50044643,40.801003720937,-73.959125996066
50045974,40.739073464651,-73.981815644247
50052274,40.673039645904,-73.930642627119
50039293,40.681448216148,-73.95345262655
50056630,40.765220335461,-73.987594094154
50057961,40.740504091323,-73.922733113659
50052270,40.711318798016,-73.957633592592
50039291,40.761044999384,-73.802440061024
50056624,40.750013973967,-73.881212510206
50057956,40.760851576409,-73.830402598473
50033986,40.820133927791,-73.940087890995
50032656,40.881665763982,-73.879377177699
50033988,40.823663609951,-73.944035113544
50032658,40.813734419242,-73.956092806658
50033989,40.708077863401,-73.782672574044
50040293,40.717330554947,-73.955548613715
50043308,40.669835118934,-73.918400408695
50045965,40.68013927545,-73.949490741766
50018302,40.739341506669,-74.006778751305
50045963,40.706404426236,-74.012720522089
50057951,40.74339817475,-73.922656048909
50052263,40.725206963212,-74.003145419606
50053595,40.806797659353,-73.953547024707
50057948,40.756286524747,-73.978749859592
50057949,40.862895238375,-73.889831624351
50056616,40.61866596585,-74.032793569736
50033995,40.757446428139,-73.943847973453
50040283,40.760404179754,-73.829909641002
50032667,40.742605345637,-73.915789009319
50061166,40.742115471001,-74.000717398506
50062499,40.651334938122,-73.949553290891
50041552,40.747346837782,-73.977027624496
50018379,40.724739923479,-73.947672836771
50018376,40.645159427986,-73.95795216179
50017046,40.752417712908,-73.988262807788
50017043,40.673716864983,-73.962901302873
50018375,40.686994844928,-73.822052559415
50114985,40.806797659353,-73.953547024707
50033926,40.875655695147,-73.860823962048
50048199,40.634156776409,-73.950136122967
50053538,40.762612146512,-73.989496671083
50053531,40.718457546052,-73.814599568162
50052202,40.603597466171,-74.130663006704
50053534,40.636971276602,-74.083550477058
50061173,40.691698598738,-73.936710224385
50061175,40.671713768285,-73.950665595906
50045903,40.629002451713,-74.116720952574
50040217,40.814206345298,-73.944418522571
50061178,40.551671892567,-74.150597965024
50018367,40.723614993974,-73.95061455389
50018368,40.77515416855,-73.958840195273
50017034,40.755491447607,-73.814895088321
50017035,40.751860800639,-73.979261008659
50017030,40.760558203707,-73.989900498504
50045905,40.863574948704,-73.851931806705
50053524,40.763225414167,-73.985335784719
50053525,40.747633197669,-73.990311138555
50050496,40.681654909692,-73.95585072559
50033930,40.712967662768,-73.877498291872
50042880,40.578147966196,-73.849172088893
50061181,40.643951166641,-74.077584756946
50033935,40.763144188364,-73.928000867895
50033936,40.813360130932,-73.941317478374
50061185,40.754727965047,-73.987994905831
50062476,40.699204599194,-73.931409681558
50017029,40.635735465576,-73.975828984086
50041575,40.668145594869,-73.950962525525
50017028,40.718426061024,-73.991433819983
50040243,40.729010878735,-74.001010985299
50062478,40.822612362094,-73.938451152273
50018357,40.674314353198,-73.870767492376
50033950,40.640233065245,-73.919355085146
50018355,40.779608627627,-73.915733720749
50054891,40.595263164559,-73.780984985668
50054893,40.756039300271,-73.804652929363
50033948,40.717795736517,-73.992472125105
50032618,40.762102695199,-73.814751007623
50052227,40.675400669134,-73.871526358898
50032619,40.802344366379,-73.966346703359
50057913,40.680815062586,-73.953916075335
50041580,40.668749356133,-73.990143835962
50041568,40.676970063088,-74.000674282939
50041567,40.721196289395,-73.987444306446
50146566,40.821550919031,-73.939226092991
50017018,40.775336834593,-73.95661270336
50018349,40.767251301525,-73.912171109983
50039268,40.756889319838,-73.969560438508
50042898,40.735053150495,-73.99334629245
50100349,40.810407223031,-73.947190755075
50018347,40.668130980557,-73.918071518554
50045921,40.62274911687,-74.028449654533
50042894,40.712685936777,-73.960661784866
50041565,40.74488271016,-73.934369418542
50018344,40.854611639612,-73.885514562713
50045927,40.63718872837,-73.893365941287
50052215,40.747583384891,-73.883834170849
50054878,40.730564325845,-74.00025268626
50057905,40.723641358287,-73.951574358654
50057903,40.703832907002,-73.796380074587
50052214,40.634757241773,-74.026507926357
50040240,40.719618318018,-73.953285058253
50032623,40.711635596843,-73.957782466984
50040241,40.77309986596,-73.928347916196
50032626,40.863311174276,-73.925757275918
50057906,40.726543648486,-73.995739609227
50161091,40.821550919031,-73.939226092991
50191584,40.806481075192,-73.953777390648
50162584,40.561086696657,-74.337712109597
50178646,40.661197036145,-73.961000208037
50152777,40.69909489788,-73.926799747483
50159852,40.830351987612,-73.863222241593
50181658,40.803037145336,-73.956291322671
50170531,40.760837621156,-73.979655039011
50167226,40.803425785859,-73.956007234989
50177721,40.811108469067,-73.950399520839
50163541,40.817766899962,-73.941988428995
50184384,40.826820494536,-73.939093346233
50192029,40.828816489126,-73.937622683371
50151832,40.808784046971,-73.952095750738
50178815,40.768725133401,-73.958332458914
50155764,40.806692131299,-73.953623813354
50176000,40.80225121185,-73.956864415539
50174900,40.804954170408,-73.954891137395
50184030,40.70958538498,-74.012813076633
50158107,40.815581655277,-73.943411311238
50179488,40.715888137322,-74.043644899729
50187654,40.714253034562,-74.011619239237
50178951,41.855357078132,-103.655953342297
50164459,40.814378331229,-73.944466004039
50175163,40.815581655277,-73.943411311238
50161626,40.822232153437,-73.938556332233
50168375,40.808484662535,-73.952316453506
50181207,40.806782591443,-73.953730824738
50174362,40.826937101821,-73.939008070364
50167715,40.683360263256,-73.992662213752
50187961,40.805328290518,-73.951072470286
50185256,40.826605644259,-73.922716742328
50160990,40.821550919031,-73.939226092991
50188264,40.822612362094,-73.938451152273
50154476,42.599839142047,-78.841831570152
50155962,40.661632339151,-73.793129846818
50178862,40.735236562397,-73.991611954561
50165995,40.735105851725,-74.006665757453
50172361,40.609954765363,-73.922388467248
50166328,40.803258962272,-73.956302262671
50179394,40.768041335445,-73.98233935863
50172083,40.701836059839,-73.427095947759
50153809,40.8081577018,-73.948834179964
50174544,40.743821882445,-73.992047204553
50173730,40.807982450164,-73.948962395124
50151229,40.707774455709,-73.817205234281
50172092,40.810092324983,-73.951310439178
50174150,40.823093499607,-73.938100206291
50151332,40.74318543648,-73.322301896994
50177828,40.571469629998,-74.111753962302
50184113,40.805852936878,-73.954235976136
50180552,40.72982877501,-73.989453893731
50161255,40.801724109886,-73.957422489045
50178644,41.160575478133,-73.220497918035
50192091,40.812333166969,-73.949675411661
50168965,40.726934793573,-73.50725800784
50160845,40.804135868668,-73.955661703911
